TIME,X,Y,Z
0.0,0.348,-0.352,9.737
0.015823822,0.348,-0.352,10.005
0.031645965,0.386,-0.352,9.928
0.04746705,0.386,-0.352,9.928
0.063288055,0.348,-0.352,9.928
0.07911,0.348,-0.352,9.967
0.09493223,0.348,-0.352,9.928
0.11075508,0.386,-0.314,9.928
0.12657812,0.386,-0.314,9.928
0.14240111,0.348,-0.352,9.928
0.15822428,0.386,-0.314,9.928
0.1740472,0.386,-0.352,9.928
0.1898715,0.348,-0.352,9.928
0.20569542,0.348,-0.352,9.928
0.22151895,0.386,-0.352,9.967
0.23734327,0.386,-0.352,9.928
0.25316557,0.386,-0.352,9.928
0.26898834,0.386,-0.314,9.928
0.2848092,0.386,-0.314,9.928
0.30063125,0.348,-0.352,9.928
0.3164529,0.386,-0.352,9.928
0.3322758,0.386,-0.314,9.928
0.34809718,0.386,-0.352,9.928
0.36391696,0.386,-0.352,9.928
0.3797374,0.386,-0.352,9.928
0.3955595,0.386,-0.352,9.928
0.41138235,0.386,-0.314,9.928
0.42720646,0.386,-0.352,9.928
0.4430297,0.386,-0.314,9.967
0.45885348,0.386,-0.352,9.928
0.47467667,0.386,-0.352,9.928
0.4904992,0.386,-0.314,9.928
0.5063209,0.348,-0.352,9.928
0.5221434,0.348,-0.352,9.928
0.5379671,0.386,-0.352,9.928
0.5537923,0.386,-0.314,9.967
0.5696159,0.386,-0.352,9.967
0.58543974,0.348,-0.352,9.928
0.6012637,0.386,-0.352,9.89
0.6170878,0.386,-0.352,9.928
0.63290995,0.386,-0.352,9.928
0.6487328,0.348,-0.352,9.928
0.6645559,0.386,-0.314,9.928
0.68037766,0.348,-0.352,9.928
0.6962017,0.348,-0.352,9.928
0.712024,0.386,-0.352,9.928
0.727847,0.386,-0.352,9.967
0.7436725,0.348,-0.352,9.814
0.75949687,0.386,-0.314,9.967
0.77532166,0.386,-0.314,10.005
0.79114556,0.386,-0.352,10.005
0.8069712,0.386,-0.352,9.89
