TIME,X,Y,Z
0.0,0.348,-0.314,9.814
0.015803833,0.348,-0.314,9.967
0.031608433,0.386,-0.314,9.928
0.047413602,0.386,-0.314,9.928
0.06321891,0.386,-0.314,9.928
0.079022296,0.348,-0.314,9.928
0.09482644,0.386,-0.314,9.928
0.11063053,0.386,-0.314,9.89
0.12643492,0.386,-0.314,9.928
0.14223915,0.386,-0.314,9.967
0.15804507,0.348,-0.314,9.89
0.17385124,0.348,-0.314,9.928
0.1896579,0.348,-0.314,9.967
0.20546217,0.348,-0.314,9.928
0.22126877,0.348,-0.314,9.928
0.23707508,0.348,-0.314,9.928
0.252882,0.348,-0.314,9.928
0.26868847,0.386,-0.314,9.928
0.28449255,0.348,-0.314,9.928
0.30029687,0.348,-0.314,9.928
0.31609923,0.386,-0.314,9.89
0.33190203,0.348,-0.314,9.928
0.34770694,0.348,-0.314,9.928
0.3635128,0.348,-0.314,9.928
0.37931833,0.386,-0.314,9.89
0.39512265,0.348,-0.314,9.89
0.4109268,0.348,-0.314,9.928
0.42673025,0.348,-0.314,9.928
0.44253403,0.348,-0.314,9.928
0.45833766,0.348,-0.314,9.928
0.47414276,0.386,-0.314,9.928
0.48994642,0.386,-0.314,9.928
0.50575244,0.386,-0.314,9.928
0.5215578,0.348,-0.314,9.89
0.5373617,0.348,-0.314,9.928
0.5531666,0.348,-0.314,9.928
0.56896967,0.348,-0.314,9.928
0.58477205,0.386,-0.275,9.928
0.6005757,0.348,-0.314,9.928
0.61637855,0.348,-0.314,9.89
0.6321835,0.386,-0.314,9.928
0.6479862,0.386,-0.314,9.928
0.66378963,0.348,-0.314,9.928
0.6795941,0.348,-0.314,9.89
0.6953988,0.386,-0.314,9.967
0.7112035,0.348,-0.275,9.967
0.72700757,0.386,-0.314,9.89
0.74281186,0.386,-0.314,9.928
0.7586149,0.348,-0.314,9.89
0.77442044,0.348,-0.314,9.928
0.7902245,0.348,-0.314,9.89
0.8060269,0.386,-0.314,9.928
