TIME,X,Y,Z
0.0,0.386,-0.352,10.043
0.015817668,0.386,-0.352,9.967
0.031637967,0.348,-0.352,9.928
0.047457427,0.348,-0.314,9.928
0.06327735,0.348,-0.314,9.928
0.079095565,0.348,-0.314,9.928
0.094913945,0.348,-0.314,9.928
0.11073266,0.348,-0.314,9.89
0.12655365,0.386,-0.314,9.928
0.14237326,0.348,-0.352,9.928
0.15819325,0.348,-0.314,9.928
0.17401189,0.348,-0.314,9.928
0.18983114,0.348,-0.314,9.89
0.20564993,0.386,-0.314,9.928
0.22146879,0.348,-0.352,9.928
0.23728712,0.386,-0.314,9.928
0.2531056,0.348,-0.314,9.928
0.26892477,0.348,-0.352,9.928
0.2847457,0.348,-0.352,9.928
0.3005638,0.386,-0.314,9.928
0.31638297,0.348,-0.314,9.928
0.33220437,0.386,-0.352,9.928
0.34802535,0.386,-0.352,9.967
0.3638447,0.348,-0.352,9.967
0.3796605,0.348,-0.352,9.852
0.39547813,0.348,-0.352,9.928
0.411295,0.386,-0.314,9.967
0.42711332,0.348,-0.314,9.928
0.4429317,0.348,-0.352,9.89
0.45875117,0.348,-0.314,9.928
0.47457066,0.348,-0.352,9.89
0.49038824,0.386,-0.352,9.967
0.5062045,0.386,-0.352,9.928
0.52202094,0.348,-0.352,9.89
0.537837,0.348,-0.314,9.967
0.5536539,0.386,-0.314,9.89
0.5694724,0.348,-0.352,9.967
0.5852906,0.348,-0.314,9.928
0.60111046,0.386,-0.352,9.928
0.6169285,0.348,-0.352,9.967
0.6327443,0.386,-0.352,9.928
0.64855987,0.348,-0.314,9.928
0.6643761,0.348,-0.314,9.89
0.6801896,0.386,-0.314,9.928
0.69600505,0.348,-0.314,9.89
0.7118199,0.348,-0.352,9.928
0.7276347,0.386,-0.352,9.928
