TIME,X,Y,Z
0.0,0.348,-0.39,9.775
0.01583645,0.348,-0.39,9.967
0.03167235,0.348,-0.39,9.928
0.04750589,0.348,-0.39,9.928
0.06334099,0.348,-0.39,9.967
0.079174995,0.348,-0.352,9.967
0.09500999,0.348,-0.39,9.928
0.110844605,0.348,-0.39,9.928
0.12667839,0.348,-0.39,9.928
0.1425121,0.386,-0.39,9.928
0.15834595,0.348,-0.39,9.928
0.17417775,0.348,-0.39,9.928
0.19001074,0.386,-0.39,9.928
0.20584458,0.348,-0.352,9.928
0.22167905,0.386,-0.39,9.928
0.23751266,0.348,-0.39,9.928
0.2533477,0.348,-0.39,9.928
0.26918355,0.348,-0.39,9.928
0.28501764,0.348,-0.39,9.928
0.30085126,0.386,-0.39,9.928
0.31668574,0.348,-0.39,9.928
0.33252183,0.348,-0.39,9.928
0.34835833,0.348,-0.39,9.967
0.3641946,0.348,-0.39,9.928
0.38003004,0.348,-0.39,9.928
0.39586562,0.348,-0.39,9.928
0.41169986,0.348,-0.39,9.928
0.4275348,0.348,-0.39,9.928
0.44337016,0.348,-0.39,9.928
0.45920485,0.348,-0.352,9.928
0.47503927,0.348,-0.39,9.928
0.49087355,0.348,-0.39,9.928
0.50670844,0.386,-0.39,9.928
0.52254444,0.348,-0.39,9.928
0.5383765,0.348,-0.39,9.967
0.55421007,0.348,-0.39,9.928
0.5700432,0.348,-0.39,9.89
0.5858753,0.348,-0.39,9.967
0.60170853,0.348,-0.39,9.967
0.6175424,0.386,-0.39,9.89
0.6333751,0.386,-0.39,9.967
0.6492089,0.348,-0.39,9.928
0.665044,0.386,-0.39,9.967
0.6808793,0.386,-0.39,9.967
0.69671446,0.386,-0.39,9.928
0.7125496,0.348,-0.39,9.928
0.72838396,0.348,-0.39,9.967
0.74421895,0.348,-0.39,9.928
0.76005274,0.386,-0.39,9.967
0.7758874,0.348,-0.39,9.928
0.7917217,0.348,-0.39,9.928
0.80755395,0.348,-0.39,9.928
0.82338756,0.348,-0.39,9.928
0.83922315,0.348,-0.39,9.928
0.85505867,0.348,-0.352,9.967
0.8708938,0.386,-0.39,9.89
0.8867303,0.348,-0.39,9.967
