TIME,X,Y,Z
0.0,0.348,-0.39,9.967
0.015833613,0.348,-0.39,9.928
0.031667534,0.348,-0.39,9.928
0.047502697,0.348,-0.39,9.928
0.0633354,0.386,-0.39,9.928
0.07916872,0.348,-0.39,9.967
0.09500086,0.348,-0.39,9.928
0.110833235,0.348,-0.39,9.928
0.12666537,0.348,-0.39,9.928
0.14249806,0.348,-0.39,9.928
0.15833205,0.348,-0.39,9.928
0.17416589,0.348,-0.39,9.967
0.18999903,0.348,-0.39,9.928
0.2058301,0.386,-0.39,9.967
0.22166264,0.348,-0.39,9.967
0.23749496,0.348,-0.39,9.967
0.2533272,0.348,-0.39,9.928
0.26916245,0.348,-0.39,9.928
0.28499612,0.348,-0.39,9.967
0.30082983,0.348,-0.39,9.928
0.31666312,0.348,-0.39,9.928
0.3324965,0.386,-0.39,9.928
0.34833166,0.348,-0.352,9.967
0.3641649,0.348,-0.39,9.928
0.37999922,0.348,-0.39,9.928
0.39583308,0.348,-0.39,9.928
0.411666,0.348,-0.39,9.928
0.4274992,0.348,-0.39,9.967
0.44333336,0.348,-0.39,9.928
0.4591672,0.348,-0.39,9.928
0.4750035,0.348,-0.39,9.928
0.49084055,0.348,-0.39,9.928
0.50667465,0.348,-0.39,9.89
0.52250785,0.348,-0.39,9.928
0.53834075,0.348,-0.39,9.928
0.5541741,0.386,-0.39,9.928
0.57000756,0.386,-0.39,9.967
0.5858413,0.31,-0.39,9.967
0.6016768,0.348,-0.428,9.89
0.61750984,0.348,-0.352,10.005
0.63334453,0.348,-0.39,9.89
0.6491761,0.348,-0.39,10.005
0.66500866,0.348,-0.39,9.928
0.68084157,0.348,-0.39,9.928
0.6966763,0.348,-0.39,9.928
0.71251285,0.348,-0.39,9.928
0.7283454,0.348,-0.39,9.928
0.7441794,0.348,-0.39,9.928
0.76001316,0.348,-0.39,9.928
0.7758455,0.348,-0.39,9.967
0.7916795,0.348,-0.39,9.928
0.80751497,0.348,-0.39,9.928
0.82335067,0.348,-0.39,9.928
0.8391858,0.348,-0.39,9.967
0.8550224,0.348,-0.39,9.928
0.87085515,0.348,-0.39,9.928
