TIME,X,Y,Z
0.0,0.118,-0.428,10.12
0.015865376,0.08,-0.39,9.928
0.03173083,0.118,-0.428,9.967
0.047600217,0.08,-0.428,9.928
0.06346997,0.08,-0.428,9.967
0.079337575,0.118,-0.428,9.967
0.09520473,0.08,-0.428,9.967
0.11107096,0.08,-0.428,9.928
0.1269386,0.118,-0.428,9.967
0.1428048,0.118,-0.428,9.928
0.15867111,0.08,-0.428,9.967
0.1745378,0.08,-0.428,9.967
0.19040652,0.08,-0.428,9.928
0.20627217,0.118,-0.428,9.967
0.22213742,0.118,-0.428,9.967
0.23800124,0.08,-0.428,9.928
0.25386816,0.118,-0.428,9.967
0.2697341,0.08,-0.39,9.967
0.28560102,0.08,-0.428,9.967
0.3014685,0.08,-0.428,9.928
0.31733593,0.118,-0.428,9.928
0.3332043,0.08,-0.428,9.928
0.34907085,0.08,-0.428,9.967
0.36493766,0.08,-0.428,9.967
0.38080397,0.08,-0.428,9.967
0.3966718,0.08,-0.428,9.928
0.41253856,0.08,-0.428,9.928
0.42840734,0.08,-0.428,9.928
0.44427267,0.118,-0.428,9.928
0.46013856,0.118,-0.428,9.967
0.47600383,0.118,-0.428,9.967
0.49187008,0.08,-0.428,9.967
0.50773567,0.08,-0.428,9.967
0.523604,0.118,-0.428,9.967
0.5394706,0.118,-0.39,9.928
0.55533785,0.08,-0.428,9.928
0.57120484,0.08,-0.428,10.005
0.587071,0.08,-0.428,9.967
0.60293883,0.08,-0.39,9.967
0.618807,0.08,-0.428,9.928
0.63467515,0.08,-0.428,10.005
0.6505431,0.08,-0.39,9.967
0.66641164,0.08,-0.39,9.89
0.68227905,0.118,-0.467,10.005
0.6981457,0.118,-0.39,9.928
0.7140138,0.08,-0.428,9.967
0.7298804,0.08,-0.428,10.005
0.7457465,0.08,-0.39,9.928
0.76161116,0.118,-0.428,9.967
0.77747786,0.08,-0.428,9.967
0.7933431,0.118,-0.428,9.928
0.8092101,0.08,-0.428,9.928
0.82507724,0.118,-0.428,9.967
0.84094405,0.08,-0.428,9.928
0.85681415,0.118,-0.428,9.967
0.8726825,0.118,-0.428,9.928
0.8885489,0.08,-0.39,9.967
0.90441626,0.08,-0.39,9.967
0.9202842,0.08,-0.428,9.967
0.9361502,0.08,-0.428,9.967
0.95201784,0.08,-0.428,9.928
0.9678837,0.08,-0.428,9.967
0.98375183,0.08,-0.39,9.967
0.9996197,0.118,-0.428,9.967
