TIME,X,Y,Z
0.0,0.348,-0.39,10.005
0.01583453,0.348,-0.352,9.928
0.031670064,0.348,-0.39,9.928
0.047505915,0.386,-0.39,9.928
0.063341446,0.348,-0.39,9.928
0.079176545,0.348,-0.39,9.928
0.09501175,0.348,-0.39,9.928
0.11084883,0.348,-0.39,9.928
0.12668398,0.386,-0.39,9.928
0.14251958,0.348,-0.39,9.928
0.1583555,0.348,-0.39,9.928
0.17418958,0.348,-0.39,9.928
0.19002335,0.386,-0.39,9.928
0.20585681,0.348,-0.39,9.928
0.22169027,0.348,-0.39,9.928
0.2375245,0.348,-0.39,9.928
0.25335804,0.348,-0.39,9.928
0.26919118,0.386,-0.39,9.928
0.28502586,0.348,-0.39,9.928
0.3008592,0.348,-0.39,9.928
0.31669313,0.386,-0.39,9.928
0.33252823,0.386,-0.39,9.928
0.34836355,0.348,-0.39,9.928
0.36419818,0.348,-0.39,9.928
0.3800329,0.386,-0.39,9.928
0.39586714,0.386,-0.39,9.928
0.41170222,0.348,-0.39,9.928
0.42753744,0.348,-0.39,9.928
0.44337437,0.348,-0.39,9.967
0.45921037,0.348,-0.39,9.928
0.47504592,0.348,-0.39,9.967
0.49088123,0.348,-0.39,9.928
0.5067163,0.386,-0.39,9.928
0.52255,0.348,-0.39,9.967
0.53838366,0.348,-0.39,10.005
0.5542172,0.348,-0.39,9.928
0.5700503,0.386,-0.39,9.928
0.5858826,0.348,-0.39,9.89
0.6017188,0.386,-0.39,9.967
0.61755455,0.348,-0.39,9.89
0.6333904,0.386,-0.39,9.967
0.64922535,0.348,-0.39,9.89
0.6650608,0.348,-0.39,9.967
0.68089527,0.348,-0.39,9.928
0.6967304,0.348,-0.352,9.928
0.7125655,0.386,-0.39,9.967
0.7283995,0.348,-0.39,9.928
0.74423355,0.348,-0.39,9.928
0.7600686,0.348,-0.39,9.928
0.7759039,0.348,-0.39,9.928
0.7917394,0.386,-0.39,9.928
0.80757505,0.348,-0.39,9.967
0.8234112,0.348,-0.39,9.928
0.8392486,0.348,-0.39,9.928
0.85508674,0.348,-0.39,9.928
0.87092197,0.348,-0.39,9.928
0.8867575,0.386,-0.39,9.928
