TIME,X,Y,Z
0.0,0.348,-0.352,9.775
0.01583553,0.348,-0.39,10.005
0.031673133,0.348,-0.39,9.928
0.04751205,0.348,-0.39,9.928
0.0633496,0.348,-0.39,9.928
0.07918745,0.348,-0.39,9.928
0.09502559,0.348,-0.39,9.928
0.11086528,0.348,-0.39,9.928
0.12670189,0.348,-0.352,9.967
0.14253768,0.386,-0.39,9.928
0.15837184,0.348,-0.39,9.967
0.1742083,0.348,-0.39,9.928
0.19004683,0.348,-0.39,9.928
0.20588489,0.348,-0.39,9.928
0.22172341,0.348,-0.39,9.928
0.23756248,0.348,-0.352,9.928
0.25339976,0.348,-0.39,9.928
0.26923776,0.348,-0.39,9.928
0.2850747,0.348,-0.39,9.928
0.30091202,0.348,-0.39,9.928
0.31674904,0.348,-0.39,9.928
0.33258635,0.386,-0.39,9.928
0.34842402,0.386,-0.39,9.928
0.36426204,0.348,-0.39,9.928
0.3801009,0.348,-0.352,9.967
0.39593992,0.348,-0.352,9.928
0.4117765,0.348,-0.39,9.928
0.42761195,0.348,-0.39,9.928
0.44344902,0.348,-0.39,9.928
0.45928705,0.348,-0.39,9.928
0.47512525,0.348,-0.39,9.928
0.4909627,0.348,-0.39,9.928
0.5068007,0.348,-0.352,10.005
0.5226382,0.348,-0.39,9.928
0.53847694,0.348,-0.39,9.928
0.5543144,0.386,-0.352,10.005
0.57015085,0.348,-0.39,9.89
0.5859892,0.348,-0.39,9.928
0.60182613,0.386,-0.39,9.967
0.61766195,0.348,-0.39,9.928
0.63349706,0.348,-0.39,9.928
0.64933497,0.348,-0.39,9.928
0.6651721,0.348,-0.39,9.928
0.6810087,0.386,-0.39,9.967
0.6968461,0.348,-0.39,9.967
0.712682,0.348,-0.39,9.928
0.72851825,0.348,-0.39,9.928
0.74435383,0.348,-0.39,9.928
0.76019055,0.348,-0.39,9.852
0.77602756,0.386,-0.39,10.005
0.7918626,0.386,-0.39,10.005
0.80770004,0.348,-0.39,9.967
0.8235371,0.348,-0.39,9.89
