TIME,X,Y,Z
0.0,0.042,-0.352,9.852
0.015826084,0.042,-0.39,9.928
0.03165286,0.042,-0.39,9.928
0.047478955,0.042,-0.39,9.928
0.06330549,0.042,-0.352,9.928
0.07913026,0.042,-0.39,9.89
0.094954655,0.042,-0.39,9.928
0.110779256,0.042,-0.39,9.928
0.12660624,0.042,-0.352,9.928
0.142434,0.042,-0.39,9.928
0.15826045,0.042,-0.39,9.928
0.17408659,0.042,-0.39,9.928
0.18991092,0.042,-0.39,9.928
0.20573488,0.08,-0.352,9.928
0.22156003,0.042,-0.39,9.928
0.23738536,0.042,-0.352,9.928
0.25320968,0.042,-0.352,9.928
0.26903507,0.042,-0.352,9.89
0.28485993,0.042,-0.39,9.928
0.30068478,0.042,-0.39,9.928
0.31650993,0.042,-0.352,9.89
0.33233815,0.042,-0.39,9.928
0.34816533,0.042,-0.352,9.928
0.3639897,0.042,-0.39,9.928
0.3798143,0.042,-0.39,9.928
0.3956386,0.042,-0.352,9.89
0.4114633,0.042,-0.39,9.967
0.42728597,0.042,-0.39,9.928
0.44310886,0.042,-0.39,9.928
0.4589358,0.042,-0.39,9.928
0.47476205,0.042,-0.39,9.928
0.49058768,0.042,-0.352,9.928
0.5064144,0.042,-0.39,9.89
0.5222409,0.042,-0.39,9.89
0.5380656,0.042,-0.352,9.928
0.553892,0.042,-0.352,9.928
0.56971693,0.042,-0.39,9.928
0.5855412,0.042,-0.352,9.967
0.6013675,0.042,-0.39,9.928
0.61719304,0.042,-0.352,9.928
0.6330164,0.042,-0.352,9.89
0.6488408,0.042,-0.352,9.928
0.6646655,0.042,-0.39,9.928
0.6804904,0.042,-0.39,9.928
0.69631594,0.042,-0.39,9.928
0.7121409,0.042,-0.39,9.928
0.7279662,0.042,-0.39,9.928
0.74379224,0.042,-0.352,9.89
0.7596187,0.042,-0.39,9.928
0.77544683,0.042,-0.352,9.89
0.7912725,0.042,-0.39,9.928
0.80710006,0.042,-0.352,9.928
0.82292783,0.042,-0.39,9.967
0.8387527,0.042,-0.39,9.928
0.8545794,0.042,-0.39,9.928
0.87040615,0.042,-0.352,9.928
0.88623554,0.042,-0.39,9.928
0.90206504,0.042,-0.39,9.928
