TIME,X,Y,Z
0.0,0.386,-0.505,9.699
0.003948085,0.386,-0.467,9.928
0.007895854,0.386,-0.467,9.928
0.011843777,0.425,-0.505,9.928
0.01579204,0.386,-0.467,9.928
0.019739887,0.425,-0.467,9.89
0.023688424,0.386,-0.467,9.928
0.027636725,0.386,-0.505,9.928
0.03158488,0.386,-0.505,9.89
0.03553288,0.425,-0.505,9.928
0.039480884,0.386,-0.467,9.928
0.043428726,0.348,-0.505,9.89
0.04737665,0.425,-0.467,9.928
0.05132459,0.386,-0.505,9.928
0.055272132,0.425,-0.505,9.928
0.059220057,0.386,-0.467,9.928
0.0631679,0.425,-0.505,9.89
0.06711598,0.386,-0.505,9.89
0.07106436,0.425,-0.505,9.928
0.07501268,0.425,-0.505,9.928
0.07896053,0.386,-0.467,9.89
0.08290845,0.425,-0.505,9.928
0.086856134,0.425,-0.467,9.928
0.09080414,0.386,-0.467,9.928
0.09475237,0.425,-0.505,9.928
0.09870085,0.425,-0.467,9.89
0.102649,0.386,-0.505,9.928
0.10659685,0.386,-0.467,9.89
0.110545054,0.386,-0.467,9.928
0.11449298,0.425,-0.467,9.967
0.11844206,0.425,-0.505,9.89
0.12239136,0.425,-0.505,9.89
0.12633975,0.425,-0.467,9.928
0.13028768,0.425,-0.505,9.928
0.13423613,0.425,-0.467,9.928
0.13818435,0.425,-0.505,9.89
0.1421325,0.386,-0.505,9.89
0.14608097,0.386,-0.467,9.89
0.15002975,0.386,-0.505,9.967
0.15397798,0.425,-0.505,9.928
0.15792628,0.386,-0.467,9.89
0.16187435,0.386,-0.467,9.89
0.16582304,0.386,-0.505,9.89
0.16977113,0.348,-0.467,9.928
0.17371938,0.425,-0.467,9.928
0.17766814,0.386,-0.467,9.967
0.18161672,0.386,-0.505,9.89
0.18556532,0.386,-0.505,9.928
0.18951349,0.386,-0.505,9.89
0.1934618,0.425,-0.505,9.928
0.19740973,0.425,-0.467,9.852
0.20135804,0.386,-0.467,9.89
0.20530596,0.386,-0.505,9.89
0.20925412,0.386,-0.505,9.928
0.21320173,0.425,-0.467,9.928
0.21714944,0.386,-0.467,9.89
0.22109768,0.386,-0.467,9.928
0.22504576,0.425,-0.505,9.967
0.22899431,0.425,-0.467,9.89
0.23294291,0.386,-0.505,9.89
0.23689121,0.425,-0.467,9.852
0.24083951,0.425,-0.467,9.928
0.24478805,0.386,-0.467,9.928
0.24873652,0.386,-0.505,9.928
0.2526845,0.386,-0.505,9.967
0.25663266,0.425,-0.505,9.89
0.26058027,0.386,-0.505,9.928
0.26452863,0.386,-0.505,9.89
0.26847702,0.386,-0.543,9.928
0.2724255,0.386,-0.543,9.928
0.2763738,0.386,-0.505,9.928
0.28032163,0.386,-0.467,9.928
0.28426987,0.386,-0.467,9.928
