TIME,X,Y,Z
0.0,0.386,-0.505,9.699
0.003948154,0.386,-0.505,9.967
0.007896308,0.386,-0.505,9.89
0.011844931,0.425,-0.467,9.928
0.015793316,0.425,-0.505,9.928
0.019741546,0.386,-0.505,9.928
0.023689851,0.386,-0.467,9.852
0.027638238,0.386,-0.505,9.928
0.031586777,0.386,-0.467,9.928
0.035535343,0.386,-0.467,9.928
0.03948373,0.386,-0.505,9.89
0.043431804,0.386,-0.505,9.928
0.04737941,0.425,-0.467,9.928
0.051327106,0.386,-0.505,9.928
0.055275567,0.425,-0.467,9.89
0.05922371,0.425,-0.505,9.928
0.06317186,0.386,-0.505,9.89
0.06711971,0.425,-0.467,9.928
0.07106786,0.386,-0.543,9.928
0.07501633,0.386,-0.543,9.928
0.078964785,0.386,-0.505,9.89
0.082912646,0.386,-0.505,9.928
0.08686088,0.386,-0.505,9.89
0.090809494,0.386,-0.505,9.967
0.09475819,0.425,-0.505,9.928
0.09870634,0.425,-0.428,9.928
0.10265466,0.386,-0.505,9.928
0.106603086,0.386,-0.505,9.967
0.110551775,0.386,-0.505,9.89
0.114500776,0.386,-0.505,9.928
0.11844979,0.425,-0.467,9.928
0.12239856,0.386,-0.505,9.928
0.12634733,0.386,-0.467,9.928
0.13029635,0.386,-0.467,9.89
0.13424481,0.348,-0.467,9.89
0.1381935,0.386,-0.467,9.89
0.14214236,0.386,-0.505,9.89
0.1460918,0.386,-0.505,9.928
0.15004073,0.386,-0.505,9.928
0.15398943,0.386,-0.467,9.928
0.15793812,0.386,-0.505,9.89
0.16188681,0.386,-0.467,9.928
0.16583578,0.386,-0.467,9.928
0.16978422,0.425,-0.505,9.89
0.17373285,0.386,-0.505,9.928
0.17768136,0.386,-0.467,9.928
0.18162936,0.425,-0.467,9.928
0.18557805,0.386,-0.505,9.928
0.18952645,0.386,-0.467,9.967
0.19347505,0.425,-0.505,9.928
0.19742344,0.425,-0.505,9.928
0.20137206,0.386,-0.505,9.928
0.20532107,0.386,-0.505,9.89
0.20926993,0.386,-0.505,9.928
0.21321885,0.425,-0.505,9.928
0.21716769,0.386,-0.505,9.928
0.22111684,0.386,-0.467,9.928
0.22506578,0.386,-0.505,9.928
0.22901432,0.425,-0.505,9.928
0.23296323,0.425,-0.505,9.967
0.23691194,0.386,-0.505,9.928
0.24086094,0.386,-0.505,9.967
0.2448094,0.425,-0.467,9.928
0.24875787,0.386,-0.467,9.928
0.25270602,0.386,-0.505,9.928
0.25665417,0.386,-0.505,9.89
0.26060256,0.386,-0.505,9.928
0.26455134,0.386,-0.505,9.852
0.26849964,0.386,-0.505,9.928
0.27244842,0.425,-0.505,9.928
0.27639735,0.425,-0.505,9.967
0.28034666,0.425,-0.467,9.967
