TIME,X,Y,Z
0.0,0.386,-0.428,9.277
0.003946697,0.386,-0.467,10.005
0.007894005,0.425,-0.505,9.928
0.011841005,0.425,-0.467,9.928
0.01578799,0.425,-0.467,9.89
0.019735605,0.425,-0.467,9.928
0.023683067,0.425,-0.467,9.967
0.027629845,0.386,-0.505,9.89
0.03157723,0.386,-0.467,9.89
0.035524305,0.386,-0.467,9.928
0.03947109,0.386,-0.467,9.928
0.04341816,0.386,-0.467,9.928
0.04736524,0.425,-0.505,9.89
0.051312335,0.386,-0.467,9.928
0.05525972,0.386,-0.467,9.928
0.05920787,0.386,-0.467,9.928
0.06315581,0.386,-0.505,9.89
0.0671032,0.425,-0.467,9.928
0.07105058,0.386,-0.505,9.928
0.07499824,0.425,-0.505,9.928
0.07894555,0.425,-0.505,9.928
0.08289246,0.386,-0.467,9.928
0.08683947,0.386,-0.505,9.928
0.09078662,0.386,-0.467,9.928
0.09473346,0.425,-0.467,9.89
0.098680854,0.386,-0.505,9.89
0.102628395,0.425,-0.467,9.89
0.10657601,0.386,-0.467,9.928
0.11052347,0.425,-0.467,9.928
0.11447039,0.386,-0.467,9.928
0.11841786,0.425,-0.467,9.967
0.1223653,0.386,-0.467,9.967
0.12631239,0.386,-0.467,9.967
0.13025945,0.386,-0.505,9.89
0.13420692,0.425,-0.467,9.89
0.13815424,0.425,-0.467,9.89
0.14210162,0.386,-0.467,9.928
0.14604884,0.386,-0.467,9.928
0.1499964,0.386,-0.467,9.967
0.15394355,0.425,-0.467,9.928
0.15789115,0.386,-0.467,9.928
0.16183846,0.386,-0.505,9.89
0.16578554,0.386,-0.505,9.89
0.16973276,0.425,-0.505,9.928
0.1736797,0.425,-0.467,9.89
0.17762646,0.425,-0.467,9.928
0.1815732,0.425,-0.467,9.967
0.18552051,0.386,-0.467,9.967
0.18946819,0.425,-0.467,9.967
0.19341667,0.386,-0.467,9.89
0.19736421,0.386,-0.467,9.928
0.20131205,0.425,-0.467,9.928
0.2052599,0.386,-0.505,9.89
0.2092073,0.425,-0.467,9.89
0.21315467,0.386,-0.505,9.928
0.21710221,0.386,-0.505,9.89
0.22104983,0.425,-0.467,9.852
0.22499713,0.425,-0.505,9.928
0.22894412,0.386,-0.467,9.928
0.23289098,0.386,-0.467,9.928
0.23683804,0.425,-0.505,9.928
0.24078491,0.386,-0.467,9.928
0.24473229,0.386,-0.505,9.967
0.24867982,0.425,-0.467,9.928
0.25262782,0.386,-0.467,9.928
0.25657552,0.386,-0.467,9.928
0.26052344,0.386,-0.467,9.928
0.26447013,0.348,-0.467,9.928
0.26841673,0.386,-0.467,9.928
0.2723637,0.425,-0.467,9.89
0.27631068,0.425,-0.467,9.967
0.28025782,0.386,-0.467,9.928
