TIME,X,Y,Z
0.0,0.348,-0.428,9.737
0.003948693,0.386,-0.467,9.928
0.007897398,0.386,-0.505,9.928
0.011846629,0.425,-0.467,9.928
0.01579532,0.425,-0.505,9.928
0.01974416,0.386,-0.467,9.928
0.023692776,0.348,-0.505,9.928
0.027641624,0.386,-0.505,9.928
0.03159049,0.386,-0.505,9.928
0.03553857,0.425,-0.505,9.928
0.0394868,0.425,-0.467,9.928
0.043435346,0.425,-0.467,9.928
0.047383655,0.386,-0.467,9.967
0.05133219,0.425,-0.467,9.928
0.055280812,0.425,-0.467,9.928
0.059229504,0.386,-0.505,9.967
0.06317889,0.386,-0.467,9.89
0.06712852,0.425,-0.467,9.928
0.07107783,0.425,-0.467,9.928
0.07502714,0.386,-0.505,9.928
0.0789756,0.386,-0.505,9.89
0.082923755,0.386,-0.505,9.928
0.08687245,0.425,-0.505,9.89
0.090822086,0.386,-0.505,9.967
0.09477201,0.386,-0.467,9.928
0.098722085,0.386,-0.505,9.89
0.10267203,0.425,-0.505,9.967
0.106621034,0.348,-0.505,9.928
0.11056973,0.386,-0.505,9.928
0.1145192,0.386,-0.505,9.89
0.11846812,0.386,-0.467,9.89
0.12241727,0.348,-0.505,9.928
0.12636608,0.386,-0.505,9.928
0.1303147,0.386,-0.505,9.967
0.13426362,0.425,-0.505,9.967
0.13821308,0.425,-0.467,9.967
0.14216262,0.386,-0.505,9.967
0.14611216,0.386,-0.505,9.967
0.15006109,0.386,-0.543,9.928
0.15400977,0.386,-0.543,9.928
0.15795846,0.386,-0.467,9.928
0.16190693,0.386,-0.467,9.928
0.16585569,0.386,-0.505,9.89
0.16980425,0.425,-0.505,9.928
0.17375372,0.348,-0.505,9.928
0.1777025,0.425,-0.505,9.928
0.18165119,0.386,-0.505,9.89
0.1855999,0.386,-0.505,9.89
0.18954866,0.425,-0.467,9.928
0.19349706,0.386,-0.467,9.967
0.19744588,0.463,-0.467,9.967
0.20139444,0.425,-0.505,9.967
0.2053432,0.386,-0.505,9.928
0.2092915,0.386,-0.505,9.89
0.21324058,0.386,-0.505,9.928
0.21718973,0.386,-0.505,9.967
0.2211386,0.386,-0.543,9.89
0.22508766,0.425,-0.467,9.928
0.22903673,0.386,-0.428,9.967
0.23298588,0.425,-0.505,9.928
0.23693466,0.386,-0.505,9.928
0.24088359,0.386,-0.505,9.928
0.24483258,0.425,-0.505,9.928
0.24878104,0.386,-0.467,9.928
0.2527302,0.386,-0.505,9.89
0.25667912,0.425,-0.505,9.928
0.26062816,0.386,-0.467,9.928
0.26457694,0.386,-0.505,9.928
0.26852602,0.386,-0.467,9.928
0.27247527,0.386,-0.505,9.89
0.2764244,0.386,-0.467,9.967
0.28037363,0.425,-0.505,9.928
0.28432184,0.386,-0.505,9.928
