TIME,X,Y,Z
0.0,0.386,-0.505,9.737
0.003948004,0.425,-0.505,9.928
0.007896466,0.386,-0.505,9.89
0.011844235,0.386,-0.505,9.928
0.015792249,0.386,-0.467,9.928
0.01974048,0.386,-0.505,9.89
0.023688635,0.425,-0.505,9.967
0.027636647,0.425,-0.505,9.967
0.031584416,0.425,-0.467,9.89
0.03553234,0.386,-0.467,9.89
0.039480608,0.425,-0.505,9.928
0.04342899,0.425,-0.467,9.89
0.04737615,0.425,-0.505,9.928
0.051323537,0.425,-0.505,9.928
0.055271152,0.386,-0.467,9.89
0.059219,0.348,-0.505,9.928
0.063166626,0.386,-0.505,9.967
0.067114934,0.386,-0.467,9.928
0.07106294,0.386,-0.505,9.89
0.07501074,0.386,-0.467,9.928
0.07895889,0.386,-0.467,9.89
0.082906805,0.425,-0.505,9.89
0.08685537,0.425,-0.505,9.967
0.09080337,0.425,-0.505,9.928
0.0947516,0.386,-0.467,9.967
0.09870014,0.386,-0.467,9.928
0.10264892,0.386,-0.505,9.928
0.10659776,0.425,-0.505,9.928
0.11054663,0.386,-0.467,9.928
0.11449533,0.386,-0.505,9.928
0.11844355,0.425,-0.505,9.89
0.122392416,0.386,-0.505,9.928
0.1263408,0.386,-0.505,9.89
0.13028918,0.425,-0.505,9.928
0.1342375,0.386,-0.505,9.967
0.13818666,0.386,-0.505,9.928
0.14213534,0.425,-0.505,9.928
0.14608407,0.425,-0.467,9.89
0.15003228,0.425,-0.505,9.967
0.1539809,0.425,-0.505,9.89
0.15792923,0.386,-0.467,9.89
0.16187762,0.348,-0.505,9.928
0.16582623,0.425,-0.505,9.967
0.16977437,0.425,-0.505,9.928
0.17372322,0.386,-0.505,9.967
0.17767191,0.386,-0.467,9.928
0.1816203,0.386,-0.505,9.928
0.18556876,0.386,-0.505,9.928
0.18951732,0.425,-0.467,9.928
0.19346616,0.386,-0.505,9.928
0.1974157,0.386,-0.505,9.928
0.20136577,0.425,-0.505,9.89
0.20531471,0.386,-0.505,9.928
0.20926292,0.425,-0.505,9.928
0.21321194,0.386,-0.505,9.89
0.2171611,0.386,-0.505,9.928
0.22111025,0.386,-0.505,9.928
0.22505927,0.386,-0.505,9.928
0.22900842,0.386,-0.505,9.89
0.23295772,0.386,-0.505,9.89
0.2369065,0.386,-0.505,9.928
0.2408552,0.386,-0.505,9.928
0.24480419,0.386,-0.505,9.928
0.24875289,0.425,-0.467,9.89
0.25270134,0.425,-0.467,9.928
0.25664955,0.386,-0.505,9.928
0.26059818,0.425,-0.505,9.928
0.26454633,0.425,-0.505,9.928
0.26849493,0.386,-0.467,9.928
0.27244318,0.425,-0.467,9.928
0.27639157,0.386,-0.505,9.89
0.2803401,0.348,-0.505,9.928
