TIME,X,Y,Z
0.0,0.386,-0.505,9.89
0.003949692,0.425,-0.543,9.928
0.007899215,0.386,-0.505,9.928
0.011849138,0.386,-0.467,9.928
0.015798908,0.386,-0.505,9.89
0.019749053,0.348,-0.505,9.928
0.023698974,0.386,-0.467,9.928
0.027648281,0.386,-0.505,9.928
0.031597897,0.386,-0.505,9.89
0.035547588,0.386,-0.467,9.928
0.03949682,0.425,-0.505,9.928
0.043445986,0.386,-0.505,9.928
0.0473956,0.425,-0.467,9.89
0.05134467,0.425,-0.505,9.928
0.055294428,0.425,-0.467,9.928
0.05924466,0.386,-0.505,9.928
0.06319443,0.386,-0.505,9.928
0.067143746,0.386,-0.467,9.928
0.0710932,0.386,-0.505,9.928
0.07504343,0.425,-0.467,9.928
0.078993976,0.425,-0.505,9.89
0.08294467,0.425,-0.467,9.89
0.086894125,0.348,-0.505,9.928
0.09084385,0.425,-0.467,9.89
0.09479315,0.386,-0.505,9.928
0.09874246,0.463,-0.505,9.928
0.102692015,0.425,-0.467,9.89
0.106641866,0.425,-0.505,9.89
0.11059148,0.386,-0.505,9.89
0.11454104,0.425,-0.467,9.967
0.11849027,0.386,-0.505,9.928
0.12243958,0.386,-0.543,9.928
0.12638904,0.386,-0.505,9.928
0.13033782,0.386,-0.505,9.928
0.1342869,0.386,-0.505,9.89
0.13823557,0.386,-0.505,9.928
0.14218472,0.425,-0.505,9.928
0.1461338,0.425,-0.467,9.89
0.15008324,0.425,-0.505,9.89
0.15403256,0.386,-0.505,9.928
0.15798202,0.348,-0.505,9.89
0.1619313,0.386,-0.505,9.928
0.16588071,0.386,-0.467,9.89
0.1698304,0.386,-0.505,9.852
0.17377985,0.386,-0.505,9.89
0.1777297,0.425,-0.467,9.967
0.1816797,0.386,-0.505,9.928
0.18562907,0.425,-0.467,9.967
0.18957824,0.425,-0.505,9.967
0.19352739,0.425,-0.505,9.967
0.19747692,0.386,-0.505,9.928
0.2014263,0.425,-0.505,9.89
0.20537554,0.386,-0.505,9.928
0.20932478,0.386,-0.467,9.89
0.21327394,0.386,-0.505,9.928
0.2172231,0.386,-0.505,9.89
0.22117208,0.386,-0.505,9.89
0.22512154,0.425,-0.505,9.928
0.22907084,0.386,-0.505,9.928
0.23302059,0.386,-0.467,9.89
0.23697005,0.425,-0.505,9.928
0.24091937,0.425,-0.505,9.928
0.24486852,0.425,-0.505,9.967
0.24881752,0.386,-0.505,9.928
0.25276667,0.386,-0.543,9.89
0.25671566,0.386,-0.505,9.89
0.26066497,0.425,-0.505,9.928
0.26461375,0.425,-0.467,9.928
0.26856267,0.386,-0.428,9.928
0.27251157,0.386,-0.505,9.928
0.2764616,0.386,-0.505,9.967
0.2804111,0.425,-0.505,9.89
