TIME,X,Y,Z
0.0,0.348,-0.467,9.316
0.003948769,0.386,-0.505,9.967
0.007897154,0.348,-0.543,9.89
0.011846024,0.386,-0.505,9.928
0.01579487,0.386,-0.467,9.89
0.019743333,0.425,-0.505,9.928
0.023691956,0.386,-0.505,9.928
0.02764111,0.425,-0.505,9.928
0.031589802,0.386,-0.505,9.928
0.03553857,0.386,-0.543,9.967
0.03948765,0.386,-0.467,9.928
0.043436646,0.386,-0.505,9.89
0.04738565,0.386,-0.505,9.928
0.051334497,0.386,-0.505,9.928
0.05528342,0.425,-0.467,9.928
0.059233047,0.425,-0.467,9.89
0.063182205,0.386,-0.505,9.89
0.067131124,0.386,-0.467,9.967
0.07108067,0.425,-0.467,9.928
0.07502959,0.386,-0.505,9.928
0.07897913,0.386,-0.505,9.967
0.08292867,0.386,-0.505,9.967
0.08687752,0.425,-0.505,9.928
0.090826444,0.386,-0.505,9.928
0.09477568,0.386,-0.505,9.967
0.098725215,0.386,-0.467,9.928
0.1026743,0.386,-0.467,9.928
0.10662337,0.425,-0.505,9.89
0.11057237,0.425,-0.467,9.89
0.11452145,0.386,-0.543,9.928
0.11847067,0.386,-0.505,9.89
0.12241967,0.425,-0.505,9.928
0.12636891,0.386,-0.467,9.928
0.13031845,0.425,-0.467,9.928
0.13426791,0.386,-0.505,9.928
0.13821776,0.425,-0.505,9.967
0.14216763,0.386,-0.505,9.928
0.14611748,0.386,-0.505,9.928
0.15006693,0.386,-0.467,9.928
0.1540168,0.386,-0.505,9.967
0.15796626,0.386,-0.505,9.928
0.16191565,0.386,-0.505,9.928
0.16586503,0.386,-0.505,9.928
0.16981389,0.425,-0.505,9.967
0.17376298,0.386,-0.505,9.967
0.17771144,0.425,-0.467,9.928
0.1816599,0.386,-0.505,9.89
0.18560906,0.425,-0.505,9.89
0.18955778,0.425,-0.505,9.89
0.19350663,0.386,-0.505,9.967
0.19745547,0.425,-0.505,9.928
0.20140453,0.386,-0.467,9.89
0.20535377,0.386,-0.505,9.89
0.20930237,0.386,-0.505,9.928
0.21325059,0.425,-0.505,9.89
0.21719898,0.425,-0.505,9.89
0.22114767,0.386,-0.505,9.89
0.22509651,0.386,-0.543,9.89
0.22904575,0.425,-0.543,9.928
0.23299481,0.386,-0.505,9.928
0.23694341,0.386,-0.505,9.928
0.24089234,0.386,-0.505,9.928
0.24484102,0.386,-0.543,9.89
0.24879001,0.386,-0.543,9.928
0.25273892,0.386,-0.505,9.928
0.25668803,0.463,-0.505,9.967
0.26063654,0.386,-0.467,9.89
0.26458547,0.386,-0.467,9.928
0.26853445,0.425,-0.505,9.928
0.27248284,0.425,-0.505,9.967
0.27643168,0.386,-0.467,9.928
0.2803804,0.425,-0.467,9.928
