TIME,X,Y,Z
0.0,0.425,-0.543,10.35
0.003948225,0.386,-0.467,9.699
0.007896379,0.348,-0.505,9.967
0.011845071,0.386,-0.505,9.89
0.01579346,0.425,-0.505,9.852
0.01974246,0.386,-0.505,9.928
0.023690922,0.425,-0.467,9.89
0.027639546,0.425,-0.467,9.928
0.031587932,0.386,-0.505,9.928
0.03553701,0.425,-0.505,9.928
0.03948594,0.425,-0.467,9.928
0.0434344,0.386,-0.505,9.928
0.047382787,0.386,-0.505,9.928
0.05133125,0.386,-0.505,9.928
0.055279944,0.386,-0.505,9.928
0.059228327,0.386,-0.467,9.89
0.06317679,0.386,-0.467,9.89
0.06712502,0.386,-0.467,9.89
0.07107356,0.386,-0.467,9.928
0.07502264,0.386,-0.467,9.928
0.07897187,0.425,-0.505,9.89
0.0829211,0.425,-0.505,9.928
0.086870864,0.463,-0.505,9.852
0.09082025,0.386,-0.505,9.89
0.09476964,0.386,-0.543,9.967
0.09871919,0.386,-0.467,9.928
0.10266888,0.425,-0.505,9.928
0.10661741,0.386,-0.505,9.928
0.110566124,0.386,-0.505,9.928
0.11451551,0.425,-0.505,9.89
0.11846459,0.386,-0.505,9.928
0.12241346,0.425,-0.467,9.928
0.12636276,0.386,-0.505,9.928
0.13031268,0.425,-0.505,9.928
0.13426115,0.386,-0.505,9.928
0.13821022,0.425,-0.467,9.928
0.14215907,0.386,-0.505,9.928
0.14610817,0.386,-0.505,9.928
0.15005715,0.425,-0.505,9.928
0.15400638,0.386,-0.505,9.928
0.15795578,0.425,-0.467,9.967
0.16190578,0.386,-0.505,9.89
0.16585569,0.386,-0.505,9.928
0.16980556,0.425,-0.467,9.967
0.17375493,0.425,-0.467,9.89
0.17770432,0.425,-0.467,9.928
0.18165387,0.386,-0.467,9.89
0.1856031,0.386,-0.505,9.928
0.18955249,0.425,-0.505,9.928
0.19350126,0.386,-0.505,9.928
0.19745025,0.348,-0.505,9.928
0.20139888,0.386,-0.505,9.928
0.20534742,0.425,-0.505,9.89
0.2092962,0.425,-0.467,9.89
0.21324457,0.386,-0.505,9.928
0.21719319,0.425,-0.467,9.928
0.22114173,0.348,-0.505,9.928
0.2250915,0.386,-0.505,9.967
0.22904095,0.386,-0.467,9.89
0.2329894,0.425,-0.505,9.928
0.23693763,0.425,-0.543,9.928
0.24088618,0.386,-0.467,9.928
0.24483511,0.386,-0.467,9.89
0.24878325,0.425,-0.505,9.967
0.2527314,0.386,-0.505,9.89
0.2566803,0.348,-0.505,9.89
0.2606291,0.425,-0.505,9.89
0.26457793,0.425,-0.467,9.967
0.26852602,0.425,-0.505,9.928
0.2724747,0.425,-0.505,9.967
0.27642325,0.425,-0.505,9.928
0.28037226,0.386,-0.505,9.967
0.28432125,0.425,-0.505,9.89
0.2882696,0.425,-0.505,9.89
