TIME,X,Y,Z
0.0,0.425,-0.543,10.426
0.003948231,0.386,-0.467,9.737
0.007896139,0.386,-0.543,9.967
0.01184437,0.386,-0.505,9.928
0.015792832,0.425,-0.505,9.967
0.019741291,0.386,-0.505,9.928
0.023689138,0.386,-0.505,9.928
0.027637137,0.386,-0.505,9.89
0.031585753,0.425,-0.505,9.928
0.03553475,0.386,-0.505,9.967
0.03948329,0.386,-0.467,9.967
0.043431763,0.425,-0.505,9.89
0.04737961,0.386,-0.467,9.89
0.05132753,0.386,-0.505,9.928
0.055275638,0.425,-0.505,9.89
0.05922425,0.386,-0.467,9.928
0.06317287,0.386,-0.505,9.89
0.06712172,0.425,-0.467,9.928
0.071070105,0.425,-0.505,9.928
0.07501841,0.386,-0.505,9.928
0.07896634,0.386,-0.505,9.928
0.082914576,0.425,-0.467,9.967
0.086863115,0.425,-0.467,9.967
0.09081114,0.425,-0.505,9.928
0.094759144,0.386,-0.467,9.928
0.09870715,0.425,-0.505,9.928
0.10265585,0.386,-0.505,9.928
0.10660477,0.386,-0.543,9.928
0.110553,0.425,-0.467,9.89
0.11450117,0.386,-0.505,9.928
0.118448935,0.386,-0.467,9.928
0.12239671,0.386,-0.505,9.928
0.12634493,0.386,-0.467,9.928
0.13029355,0.425,-0.467,9.89
0.13424139,0.425,-0.505,9.967
0.13818933,0.425,-0.467,9.928
0.1421371,0.386,-0.467,9.928
0.14608617,0.425,-0.505,9.89
0.15003425,0.425,-0.505,9.928
0.15398194,0.386,-0.505,9.89
0.15793018,0.386,-0.467,9.89
0.1618781,0.425,-0.467,9.928
0.16582617,0.425,-0.505,9.852
0.1697744,0.348,-0.505,9.89
0.17372227,0.425,-0.505,9.928
0.1776701,0.386,-0.505,9.928
0.18161798,0.425,-0.467,9.928
0.18556613,0.386,-0.543,9.967
0.1895138,0.386,-0.505,9.928
0.19346213,0.386,-0.467,9.89
0.19741039,0.425,-0.505,9.89
0.20135899,0.386,-0.505,9.89
0.20530684,0.386,-0.505,9.928
0.20925483,0.386,-0.467,9.928
0.21320228,0.386,-0.505,9.928
0.21715051,0.386,-0.505,9.928
0.22109859,0.425,-0.505,9.928
0.22504675,0.386,-0.505,9.967
0.2289953,0.386,-0.467,9.928
0.23294345,0.386,-0.467,9.928
0.23689152,0.386,-0.505,9.89
0.24083975,0.386,-0.505,9.928
0.24478765,0.348,-0.505,9.928
0.24873573,0.386,-0.505,9.928
0.25268435,0.425,-0.467,9.89
0.25663334,0.425,-0.505,9.852
0.26058212,0.386,-0.467,9.928
0.26453057,0.386,-0.505,9.928
0.26847905,0.386,-0.505,9.928
0.27242753,0.386,-0.467,9.89
0.2763756,0.386,-0.505,9.928
0.28032413,0.386,-0.505,9.928
0.28427273,0.386,-0.505,9.928
