TIME,X,Y,Z
0.0,0.386,-0.467,9.814
0.003949225,0.386,-0.467,9.928
0.007898148,0.425,-0.467,9.928
0.011847148,0.348,-0.505,9.928
0.01579621,0.425,-0.467,9.928
0.019744903,0.425,-0.467,9.928
0.023693057,0.386,-0.467,9.928
0.027641594,0.425,-0.467,9.928
0.03159044,0.425,-0.505,9.967
0.035539057,0.386,-0.505,9.928
0.0394876,0.425,-0.467,9.89
0.04343591,0.425,-0.505,9.89
0.047384296,0.386,-0.505,9.928
0.05133284,0.386,-0.505,9.928
0.05528061,0.425,-0.467,9.928
0.059228536,0.425,-0.467,9.928
0.063176386,0.425,-0.505,9.967
0.06712423,0.386,-0.467,9.89
0.071072,0.386,-0.467,9.967
0.07501993,0.386,-0.467,9.928
0.078968085,0.386,-0.505,9.89
0.08291601,0.425,-0.505,9.928
0.08686349,0.386,-0.467,9.928
0.09081095,0.425,-0.467,9.928
0.09475872,0.425,-0.505,9.928
0.09870652,0.386,-0.505,9.928
0.10265414,0.425,-0.505,9.89
0.10660167,0.425,-0.467,9.967
0.110549234,0.425,-0.505,9.928
0.114497,0.386,-0.467,9.928
0.11844515,0.386,-0.505,9.928
0.12239346,0.386,-0.505,9.89
0.12634115,0.386,-0.467,9.928
0.13028954,0.386,-0.505,9.928
0.13423823,0.386,-0.467,9.928
0.13818638,0.386,-0.505,9.928
0.1421346,0.425,-0.543,9.928
0.14608255,0.386,-0.467,9.928
0.15003024,0.425,-0.467,9.967
0.15397786,0.386,-0.467,9.928
0.15792546,0.386,-0.467,9.928
0.16187307,0.425,-0.505,9.928
0.16582046,0.425,-0.428,9.928
0.16976815,0.386,-0.505,9.89
0.17371601,0.425,-0.505,9.89
0.17766339,0.386,-0.467,9.928
0.18161112,0.386,-0.467,9.967
0.18555918,0.425,-0.467,9.967
0.18950719,0.425,-0.505,10.005
0.19345544,0.425,-0.505,9.967
0.19740282,0.386,-0.505,9.928
0.2013499,0.425,-0.467,9.928
0.20529738,0.425,-0.505,9.928
0.2092449,0.425,-0.505,9.967
0.21319222,0.425,-0.467,9.928
0.21713977,0.425,-0.505,9.928
0.22108677,0.386,-0.505,9.967
0.22503337,0.386,-0.467,9.89
0.22898076,0.386,-0.467,9.928
0.23292853,0.425,-0.505,9.89
0.23687622,0.386,-0.505,9.928
0.24082412,0.386,-0.505,9.89
0.24477197,0.425,-0.505,9.89
0.24871998,0.386,-0.467,9.928
0.25266758,0.386,-0.505,9.967
0.25661528,0.386,-0.467,9.89
0.2605632,0.386,-0.467,9.89
0.26451135,0.386,-0.467,9.89
0.26845896,0.348,-0.505,9.928
0.27240682,0.386,-0.505,9.928
0.27635473,0.425,-0.467,9.967
0.28030235,0.425,-0.467,9.967
0.28424972,0.386,-0.505,9.928
