TIME,X,Y,Z
0.0,0.386,-0.467,9.89
0.003949307,0.386,-0.505,9.89
0.007898158,0.386,-0.505,9.928
0.011847928,0.386,-0.505,9.928
0.015796928,0.425,-0.467,9.852
0.019745952,0.425,-0.505,9.967
0.023694951,0.425,-0.505,9.928
0.027644258,0.386,-0.467,9.967
0.03159333,0.425,-0.505,9.928
0.035542253,0.386,-0.505,9.928
0.039491024,0.425,-0.467,9.928
0.043440416,0.425,-0.505,9.928
0.04738988,0.348,-0.505,9.928
0.051339265,0.386,-0.505,9.928
0.05528758,0.386,-0.467,9.89
0.059236273,0.386,-0.505,9.967
0.06318558,0.425,-0.505,9.928
0.06713466,0.425,-0.543,9.928
0.071083814,0.386,-0.505,9.928
0.075032435,0.386,-0.505,9.928
0.07898146,0.425,-0.505,9.928
0.08292992,0.386,-0.505,9.967
0.086878605,0.386,-0.467,9.89
0.09082716,0.425,-0.505,9.928
0.09477608,0.425,-0.505,9.89
0.098724775,0.386,-0.505,9.89
0.10267356,0.386,-0.505,9.928
0.10662272,0.386,-0.505,9.928
0.11057234,0.348,-0.505,9.928
0.11452142,0.425,-0.505,9.928
0.11847073,0.386,-0.505,9.928
0.12241996,0.425,-0.467,9.89
0.1263699,0.386,-0.505,9.89
0.13031965,0.386,-0.505,9.928
0.1342688,0.386,-0.505,9.928
0.13821718,0.425,-0.505,9.928
0.14216581,0.386,-0.505,9.928
0.14611433,0.425,-0.505,9.89
0.15006326,0.386,-0.505,9.89
0.15401235,0.425,-0.505,9.89
0.15796126,0.386,-0.505,9.928
0.16191043,0.386,-0.505,9.89
0.16585912,0.425,-0.467,9.928
0.16980766,0.386,-0.467,9.928
0.17375642,0.386,-0.505,9.967
0.17770502,0.425,-0.505,9.928
0.18165357,0.386,-0.467,9.928
0.18560196,0.386,-0.505,9.928
0.1895506,0.425,-0.467,9.928
0.19349936,0.386,-0.467,9.928
0.19744815,0.386,-0.505,9.967
0.20139675,0.386,-0.543,9.928
0.20534544,0.386,-0.505,9.967
0.20929389,0.425,-0.505,9.928
0.21324243,0.386,-0.505,9.89
0.21719098,0.386,-0.505,9.89
0.22113906,0.386,-0.505,9.928
0.22508729,0.425,-0.505,9.928
0.22903597,0.386,-0.505,9.928
0.23298481,0.425,-0.505,9.928
0.23693374,0.386,-0.505,9.89
0.24088259,0.386,-0.467,9.89
0.24483122,0.425,-0.505,9.928
0.24878022,0.386,-0.505,9.928
0.2527292,0.386,-0.467,9.967
0.2566787,0.386,-0.467,9.928
0.26062775,0.386,-0.505,9.928
0.2645766,0.386,-0.467,9.928
0.26852566,0.425,-0.505,9.928
0.27247557,0.386,-0.505,9.89
0.27642468,0.386,-0.467,9.928
0.2803735,0.386,-0.467,9.928
