TIME,X,Y,Z
0.0,0.348,-0.467,9.316
0.003949384,0.425,-0.505,9.967
0.007898759,0.386,-0.505,9.928
0.011847836,0.386,-0.505,9.928
0.015796913,0.425,-0.505,9.967
0.01974644,0.386,-0.505,9.928
0.023695596,0.386,-0.467,9.89
0.027644826,0.425,-0.505,9.928
0.03159401,0.386,-0.505,9.928
0.035543624,0.386,-0.543,9.928
0.039493088,0.425,-0.467,9.89
0.04344276,0.425,-0.543,9.928
0.047392298,0.386,-0.467,9.928
0.05134168,0.425,-0.467,9.89
0.055290624,0.386,-0.505,9.967
0.059239775,0.386,-0.505,9.928
0.0631897,0.425,-0.505,9.928
0.0671394,0.386,-0.467,9.89
0.07108963,0.425,-0.505,9.928
0.07503878,0.425,-0.505,9.928
0.07898834,0.386,-0.467,9.89
0.082937494,0.425,-0.467,9.928
0.08688696,0.386,-0.467,9.928
0.09083572,0.386,-0.505,9.89
0.09478557,0.348,-0.505,9.89
0.0987351,0.425,-0.505,9.89
0.10268418,0.425,-0.467,9.928
0.1066334,0.425,-0.505,9.89
0.11058248,0.386,-0.505,9.928
0.11453118,0.348,-0.505,9.967
0.11847979,0.386,-0.543,9.928
0.12242887,0.425,-0.505,9.928
0.1263781,0.386,-0.505,9.967
0.13032742,0.386,-0.467,9.928
0.13427672,0.386,-0.505,9.928
0.13822551,0.386,-0.467,9.928
0.1421745,0.425,-0.505,9.928
0.14612313,0.386,-0.467,9.928
0.1500729,0.425,-0.505,9.928
0.15402259,0.386,-0.505,9.89
0.1579722,0.425,-0.467,9.89
0.16192183,0.425,-0.467,9.928
0.16587214,0.425,-0.505,9.928
0.16982207,0.386,-0.505,9.928
0.17377068,0.386,-0.505,9.928
0.17771946,0.386,-0.505,9.89
0.18166807,0.425,-0.505,9.89
0.18561631,0.386,-0.505,9.89
0.18956493,0.425,-0.467,9.928
0.193514,0.386,-0.505,9.967
0.19746317,0.386,-0.505,9.89
0.20141186,0.425,-0.505,9.967
0.20536108,0.386,-0.505,9.928
0.20931008,0.425,-0.505,9.89
0.21325892,0.425,-0.505,9.89
0.21720746,0.425,-0.505,9.928
0.22115651,0.386,-0.505,9.89
0.22510621,0.425,-0.505,9.89
0.22905552,0.386,-0.505,9.89
0.23300529,0.425,-0.467,9.89
0.23695466,0.463,-0.467,9.928
0.24090359,0.386,-0.505,9.89
0.24485244,0.348,-0.467,9.928
0.24880126,0.386,-0.505,9.928
0.2527505,0.425,-0.467,9.89
0.2566993,0.386,-0.505,9.967
0.26064858,0.386,-0.505,9.89
0.2645975,0.386,-0.505,9.928
0.26854697,0.386,-0.505,9.967
0.27249613,0.386,-0.505,9.928
0.2764455,0.425,-0.467,9.928
0.2803952,0.425,-0.505,9.89
