TIME,X,Y,Z
0.0,0.386,-0.467,9.737
0.003949,0.386,-0.505,9.852
0.007898298,0.386,-0.505,9.928
0.01184799,0.386,-0.505,9.928
0.015797144,0.386,-0.467,9.852
0.019746685,0.386,-0.505,9.928
0.023695916,0.425,-0.505,9.928
0.027644916,0.386,-0.467,9.967
0.031594172,0.425,-0.467,9.89
0.035542864,0.425,-0.467,9.928
0.039491016,0.425,-0.467,9.967
0.04343939,0.386,-0.505,9.928
0.047388617,0.386,-0.505,9.89
0.051337387,0.386,-0.505,9.928
0.05528563,0.386,-0.505,9.89
0.059234086,0.386,-0.505,9.89
0.0631824,0.386,-0.505,9.852
0.06713079,0.425,-0.505,9.928
0.071079485,0.425,-0.505,9.928
0.07502734,0.386,-0.505,9.928
0.07897536,0.386,-0.505,9.928
0.08292397,0.386,-0.505,9.89
0.08687251,0.386,-0.505,9.89
0.09082075,0.386,-0.467,9.928
0.0947693,0.425,-0.467,9.89
0.098718755,0.425,-0.505,9.928
0.10266876,0.386,-0.505,9.928
0.10661846,0.386,-0.505,9.928
0.1105673,0.386,-0.505,9.967
0.11451562,0.386,-0.505,9.967
0.11846461,0.386,-0.505,9.928
0.12241338,0.386,-0.467,9.89
0.12636225,0.386,-0.505,9.89
0.13031125,0.386,-0.467,9.928
0.13426048,0.425,-0.467,9.89
0.13820916,0.386,-0.505,9.89
0.1421584,0.425,-0.505,9.967
0.14610763,0.425,-0.505,9.967
0.15005745,0.386,-0.467,9.928
0.15400669,0.348,-0.505,9.928
0.15795623,0.425,-0.505,9.89
0.16190562,0.386,-0.505,9.89
0.16585477,0.386,-0.467,9.928
0.16980386,0.386,-0.467,9.928
0.17375271,0.386,-0.467,9.928
0.17770147,0.425,-0.505,9.928
0.18165001,0.348,-0.467,9.928
0.1855978,0.386,-0.505,9.89
0.18954611,0.425,-0.467,9.89
0.19349481,0.386,-0.467,9.928
0.19744292,0.386,-0.505,9.928
0.20139176,0.425,-0.505,9.928
0.20534022,0.386,-0.505,9.89
0.20928892,0.425,-0.467,9.89
0.21323676,0.386,-0.505,9.967
0.21718484,0.425,-0.467,9.928
0.221133,0.425,-0.505,9.928
0.2250817,0.386,-0.467,9.89
0.22903068,0.386,-0.505,9.928
0.23297855,0.386,-0.505,9.89
0.2369267,0.425,-0.467,9.89
0.24087495,0.386,-0.467,9.928
0.24482323,0.463,-0.467,9.89
0.24877124,0.386,-0.505,9.967
0.25271922,0.425,-0.505,9.928
0.25666714,0.386,-0.505,9.89
0.26061514,0.386,-0.505,9.928
0.26456335,0.425,-0.505,9.928
0.26851138,0.425,-0.505,9.928
0.27245986,0.386,-0.467,9.967
0.27640793,0.386,-0.505,9.928
0.280356,0.386,-0.505,9.89
0.2843036,0.386,-0.505,9.928
