TIME,X,Y,Z
0.0,0.425,-0.505,10.35
0.003948154,0.348,-0.467,9.737
0.007896688,0.386,-0.505,10.005
0.011845072,0.386,-0.505,9.928
0.01579338,0.386,-0.505,9.928
0.01974202,0.386,-0.505,9.928
0.023690635,0.386,-0.505,9.89
0.027638944,0.425,-0.505,9.89
0.03158796,0.386,-0.505,9.89
0.035536885,0.425,-0.505,9.928
0.03948611,0.386,-0.505,9.928
0.043435127,0.425,-0.505,9.928
0.047384202,0.425,-0.505,9.89
0.051332667,0.386,-0.467,9.928
0.055281047,0.386,-0.467,9.89
0.059229124,0.386,-0.467,9.928
0.06317697,0.425,-0.467,9.928
0.06712507,0.425,-0.467,9.928
0.07107322,0.386,-0.467,9.928
0.07502138,0.386,-0.467,9.928
0.078969315,0.386,-0.467,9.967
0.082917854,0.425,-0.505,9.89
0.08686624,0.386,-0.505,9.928
0.090814605,0.425,-0.467,9.967
0.094762385,0.386,-0.467,9.89
0.098710075,0.348,-0.505,9.967
0.10265815,0.425,-0.467,9.928
0.10660646,0.386,-0.505,9.928
0.11055461,0.425,-0.505,9.928
0.11450269,0.386,-0.467,9.928
0.11845069,0.425,-0.505,9.928
0.12239877,0.425,-0.505,9.89
0.12634677,0.386,-0.505,9.928
0.13029529,0.425,-0.505,9.928
0.13424337,0.386,-0.505,9.928
0.13819131,0.386,-0.505,9.89
0.14213976,0.386,-0.505,9.967
0.14608815,0.425,-0.467,9.967
0.15003656,0.425,-0.505,9.928
0.15398479,0.386,-0.505,9.967
0.15793279,0.425,-0.505,9.967
0.16188094,0.425,-0.505,9.928
0.16582963,0.348,-0.505,9.928
0.16977802,0.425,-0.505,9.928
0.17372602,0.425,-0.505,9.89
0.17767455,0.386,-0.467,9.89
0.18162325,0.425,-0.467,9.928
0.18557255,0.386,-0.505,9.967
0.18952194,0.425,-0.505,9.89
0.19347024,0.386,-0.505,9.928
0.19741857,0.386,-0.467,9.967
0.20136696,0.386,-0.505,9.89
0.20531519,0.386,-0.505,9.852
0.20926379,0.425,-0.505,9.89
0.21321201,0.425,-0.467,9.89
0.2171604,0.386,-0.505,9.89
0.2211087,0.386,-0.505,9.928
0.22505702,0.425,-0.505,9.928
0.22900547,0.425,-0.467,9.967
0.23295347,0.386,-0.505,9.928
0.23690131,0.386,-0.543,9.928
0.24084978,0.386,-0.505,9.928
0.24479802,0.386,-0.543,9.928
0.24874593,0.386,-0.505,9.852
0.2526943,0.386,-0.505,9.928
0.2566425,0.386,-0.505,9.89
0.2605911,0.425,-0.505,9.89
0.26453924,0.386,-0.467,9.852
0.26848772,0.386,-0.505,9.967
0.27243584,0.425,-0.467,9.928
0.27638394,0.386,-0.467,9.928
0.28033227,0.425,-0.467,9.967
0.28428063,0.425,-0.505,9.967
