TIME,X,Y,Z
0.0,0.386,-0.428,9.316
0.003948,0.386,-0.467,9.967
0.007896221,0.425,-0.467,9.928
0.011843683,0.386,-0.467,9.928
0.015791375,0.386,-0.467,9.967
0.019738592,0.386,-0.505,9.928
0.023686206,0.386,-0.467,9.928
0.027633743,0.386,-0.505,9.928
0.031581666,0.386,-0.467,9.928
0.035529897,0.386,-0.467,9.928
0.03947767,0.425,-0.505,9.89
0.04342554,0.386,-0.467,9.928
0.047373846,0.425,-0.505,9.928
0.051322006,0.425,-0.505,9.928
0.055270117,0.425,-0.505,9.928
0.059217963,0.386,-0.467,9.967
0.06316651,0.386,-0.505,9.928
0.06711513,0.425,-0.467,9.89
0.071064286,0.386,-0.467,9.928
0.075012974,0.386,-0.467,9.928
0.07896223,0.425,-0.467,9.928
0.082911,0.386,-0.467,9.89
0.08685908,0.425,-0.467,9.928
0.090806864,0.386,-0.467,9.928
0.094754554,0.386,-0.505,9.89
0.098702475,0.425,-0.467,9.928
0.10265086,0.425,-0.505,9.928
0.10659931,0.425,-0.505,9.928
0.110547625,0.425,-0.467,9.928
0.11449617,0.386,-0.467,9.89
0.11844402,0.386,-0.505,9.852
0.1223924,0.425,-0.467,9.928
0.12634042,0.386,-0.505,9.967
0.13028874,0.386,-0.467,9.928
0.13423759,0.386,-0.505,9.928
0.13818613,0.425,-0.467,9.928
0.14213452,0.386,-0.505,9.928
0.14608335,0.425,-0.505,9.928
0.15003137,0.386,-0.505,9.928
0.15397908,0.425,-0.467,9.89
0.15792729,0.386,-0.467,9.89
0.16187517,0.425,-0.505,9.89
0.16582325,0.386,-0.467,9.928
0.16977109,0.386,-0.505,9.928
0.17371888,0.386,-0.467,9.928
0.17766657,0.425,-0.467,9.89
0.18161419,0.348,-0.467,9.89
0.1855625,0.386,-0.505,9.928
0.18951051,0.386,-0.467,9.928
0.19345783,0.425,-0.467,9.89
0.1974056,0.425,-0.467,9.928
0.20135352,0.386,-0.505,9.928
0.20530137,0.425,-0.428,9.89
0.20924938,0.425,-0.505,9.89
0.21319762,0.386,-0.467,9.89
0.217146,0.386,-0.467,9.967
0.2210937,0.425,-0.467,9.928
0.22504224,0.386,-0.467,9.928
0.228991,0.386,-0.467,9.928
0.23293884,0.425,-0.467,9.928
0.23688684,0.425,-0.467,9.89
0.24083485,0.425,-0.505,9.928
0.24478324,0.425,-0.505,9.928
0.24873184,0.386,-0.505,9.89
0.2526806,0.386,-0.467,9.928
0.25662878,0.425,-0.467,9.967
0.26057693,0.386,-0.467,9.89
0.26452523,0.386,-0.467,9.89
0.2684729,0.425,-0.467,9.928
0.27242106,0.386,-0.467,9.89
0.27636945,0.386,-0.467,9.928
0.28031734,0.386,-0.505,9.928
