TIME,X,Y,Z
0.0,0.386,-0.467,9.354
0.003947616,0.386,-0.543,9.967
0.00789522,0.425,-0.467,9.89
0.011842528,0.386,-0.467,9.89
0.015790451,0.386,-0.505,9.967
0.01973846,0.425,-0.467,9.928
0.023686385,0.386,-0.467,9.928
0.027634384,0.425,-0.467,9.928
0.031582624,0.386,-0.543,9.89
0.03553016,0.348,-0.467,9.967
0.03947793,0.425,-0.505,9.928
0.043425463,0.425,-0.467,9.967
0.047373153,0.386,-0.467,9.928
0.051321074,0.386,-0.505,9.89
0.055268947,0.386,-0.467,9.928
0.0592171,0.386,-0.505,9.928
0.06316449,0.425,-0.505,9.967
0.067112654,0.386,-0.505,9.89
0.07106049,0.425,-0.467,9.967
0.0750085,0.386,-0.505,9.89
0.07895667,0.386,-0.467,9.928
0.08290436,0.386,-0.467,9.967
0.086851746,0.386,-0.467,9.967
0.090799294,0.425,-0.467,9.928
0.0947466,0.386,-0.505,9.852
0.09869368,0.425,-0.467,9.89
0.10264108,0.386,-0.505,9.967
0.1065887,0.425,-0.505,9.928
0.11053592,0.425,-0.505,9.928
0.11448331,0.386,-0.505,9.928
0.11843038,0.386,-0.505,9.89
0.12237816,0.386,-0.467,9.967
0.12632601,0.386,-0.467,9.928
0.13027355,0.386,-0.467,9.928
0.13422185,0.425,-0.505,9.928
0.13816941,0.386,-0.467,9.928
0.14211771,0.386,-0.505,9.89
0.14606601,0.425,-0.505,9.89
0.15001394,0.386,-0.505,9.928
0.1539624,0.425,-0.505,9.928
0.15791094,0.386,-0.505,9.89
0.16185933,0.386,-0.505,9.928
0.16580741,0.386,-0.505,9.928
0.16975588,0.386,-0.505,9.967
0.1737045,0.425,-0.505,9.928
0.17765212,0.386,-0.467,9.928
0.18159975,0.425,-0.505,9.89
0.18554837,0.386,-0.467,9.928
0.1894969,0.386,-0.467,9.928
0.19344467,0.386,-0.467,9.967
0.19739315,0.425,-0.505,9.928
0.20134108,0.386,-0.505,9.928
0.20528893,0.386,-0.467,9.928
0.2092373,0.386,-0.505,9.89
0.21318585,0.425,-0.467,9.89
0.2171337,0.425,-0.505,9.928
0.22108144,0.386,-0.505,9.928
0.22502914,0.386,-0.505,9.89
0.22897705,0.425,-0.543,9.928
0.23292513,0.425,-0.505,9.928
0.23687358,0.425,-0.467,9.928
0.24082153,0.386,-0.467,9.928
0.24476944,0.386,-0.467,9.928
0.24871744,0.386,-0.505,9.928
0.25266513,0.348,-0.467,9.928
0.2566131,0.386,-0.505,9.928
0.2605611,0.386,-0.467,9.928
0.26450858,0.425,-0.467,9.967
0.26845717,0.386,-0.467,9.89
0.27240625,0.425,-0.467,9.928
0.27635407,0.425,-0.505,9.928
0.28030214,0.425,-0.467,9.928
0.28425086,0.425,-0.543,9.928
