TIME,X,Y,Z
0.0,0.386,-0.467,9.316
0.003948385,0.386,-0.505,10.005
0.007896538,0.386,-0.505,9.928
0.01184484,0.386,-0.505,9.89
0.015793225,0.425,-0.505,9.928
0.019741531,0.386,-0.505,9.89
0.023690147,0.425,-0.505,9.928
0.027638763,0.386,-0.505,9.928
0.031587455,0.386,-0.505,9.89
0.03553623,0.425,-0.543,9.928
0.039485075,0.386,-0.505,9.928
0.043434385,0.425,-0.467,9.928
0.04738399,0.386,-0.467,9.928
0.05133376,0.425,-0.505,9.928
0.055282455,0.386,-0.467,9.928
0.059230696,0.386,-0.467,9.967
0.06317939,0.386,-0.505,9.89
0.06712816,0.386,-0.467,9.928
0.07107624,0.425,-0.505,9.928
0.07502446,0.386,-0.505,9.928
0.07897262,0.425,-0.467,9.89
0.08292101,0.425,-0.505,9.928
0.08686971,0.386,-0.505,9.928
0.090818554,0.425,-0.505,9.928
0.0947674,0.386,-0.505,9.89
0.09871663,0.386,-0.467,9.928
0.102665015,0.425,-0.467,9.928
0.10661333,0.386,-0.505,9.928
0.11056102,0.386,-0.467,9.928
0.11450979,0.386,-0.505,9.928
0.11845837,0.425,-0.505,9.928
0.12240698,0.425,-0.505,9.967
0.1263556,0.386,-0.505,9.928
0.13030505,0.386,-0.467,9.928
0.13425437,0.425,-0.467,9.852
0.13820313,0.386,-0.505,9.89
0.14215253,0.386,-0.505,9.89
0.14610152,0.425,-0.505,9.928
0.15005037,0.386,-0.467,9.928
0.15399837,0.386,-0.467,9.928
0.15794681,0.425,-0.505,9.967
0.16189551,0.386,-0.505,9.928
0.16584414,0.425,-0.467,9.928
0.1697929,0.386,-0.505,9.928
0.17374152,0.386,-0.505,9.89
0.17769045,0.386,-0.467,9.852
0.18163976,0.425,-0.505,9.89
0.18558861,0.386,-0.505,9.967
0.18953729,0.386,-0.505,9.967
0.19348599,0.425,-0.505,9.928
0.19743481,0.425,-0.505,9.928
0.20138408,0.386,-0.467,9.89
0.20533323,0.425,-0.505,9.89
0.20928176,0.425,-0.505,9.928
0.21323039,0.386,-0.505,9.967
0.21717893,0.425,-0.505,9.89
0.22112784,0.386,-0.505,9.928
0.22507693,0.386,-0.467,9.928
0.22902654,0.386,-0.505,9.928
0.23297547,0.425,-0.505,9.852
0.23692402,0.425,-0.505,9.928
0.24087249,0.425,-0.505,9.928
0.24482101,0.425,-0.505,9.967
0.24876878,0.386,-0.505,9.928
0.25271687,0.386,-0.467,9.89
0.2566658,0.425,-0.505,9.928
0.26061472,0.425,-0.505,9.928
0.26456273,0.386,-0.505,9.89
0.26851082,0.425,-0.467,9.928
0.27245897,0.425,-0.505,9.928
0.27640796,0.425,-0.543,9.967
0.280357,0.386,-0.505,9.89
0.28430533,0.386,-0.505,9.928
