TIME,X,Y,Z
0.0,0.386,-0.543,10.426
0.003948231,0.386,-0.428,9.699
0.007896231,0.386,-0.467,9.967
0.011844379,0.386,-0.505,9.928
0.015792686,0.386,-0.505,9.89
0.019740531,0.425,-0.505,9.928
0.023688084,0.386,-0.467,9.928
0.0276357,0.386,-0.505,9.967
0.031583317,0.386,-0.505,9.967
0.03553108,0.425,-0.467,9.928
0.03947908,0.386,-0.505,9.928
0.043426156,0.386,-0.505,9.928
0.04737362,0.425,-0.505,9.89
0.051321235,0.386,-0.467,9.928
0.05526862,0.425,-0.505,9.928
0.05921624,0.425,-0.467,9.928
0.063164085,0.386,-0.505,9.967
0.06711209,0.386,-0.505,9.928
0.07105947,0.425,-0.467,9.89
0.07500808,0.425,-0.467,9.928
0.07895601,0.386,-0.467,9.928
0.08290425,0.386,-0.467,9.967
0.086852014,0.386,-0.505,9.928
0.090799786,0.386,-0.505,9.967
0.09474742,0.386,-0.505,9.928
0.09869487,0.386,-0.505,9.928
0.10264287,0.386,-0.505,9.928
0.106590666,0.386,-0.505,9.928
0.11053936,0.386,-0.505,9.928
0.11448783,0.386,-0.505,9.928
0.11843652,0.386,-0.505,9.89
0.122385286,0.386,-0.505,9.89
0.12633352,0.386,-0.505,9.89
0.13028143,0.386,-0.505,9.928
0.13422982,0.386,-0.505,9.967
0.13817774,0.386,-0.543,9.967
0.1421255,0.386,-0.505,9.89
0.14607336,0.386,-0.505,9.967
0.15002128,0.386,-0.505,9.928
0.15396927,0.386,-0.467,9.928
0.15791737,0.386,-0.505,9.852
0.16186583,0.386,-0.505,9.928
0.16581409,0.425,-0.505,9.89
0.16976278,0.386,-0.505,9.967
0.17371154,0.386,-0.505,9.928
0.17766003,0.386,-0.467,9.928
0.1816088,0.386,-0.505,9.928
0.18555757,0.348,-0.467,9.928
0.18950634,0.386,-0.467,9.967
0.19345488,0.425,-0.505,9.89
0.19740249,0.386,-0.505,9.928
0.20135073,0.425,-0.505,9.928
0.2052989,0.386,-0.467,9.928
0.20924713,0.425,-0.505,9.928
0.21319534,0.386,-0.505,9.89
0.21714357,0.386,-0.505,9.928
0.22109157,0.386,-0.505,9.89
0.22503966,0.386,-0.505,9.928
0.22898759,0.386,-0.505,9.89
0.23293497,0.425,-0.505,9.928
0.23688322,0.386,-0.505,9.928
0.24083121,0.425,-0.505,9.928
0.24477905,0.386,-0.505,9.967
0.24872774,0.386,-0.505,9.89
0.25267574,0.386,-0.505,9.89
0.25662366,0.425,-0.505,9.928
0.26057142,0.425,-0.505,9.967
0.26451966,0.386,-0.505,9.928
0.2684682,0.386,-0.505,9.928
0.27241626,0.463,-0.467,9.928
0.27636403,0.386,-0.467,9.89
0.28031263,0.386,-0.505,9.89
0.28426102,0.386,-0.505,9.928
0.28820947,0.386,-0.505,9.928
