TIME,X,Y,Z
0.0,0.386,-0.428,9.316
0.003948077,0.425,-0.505,10.043
0.007895855,0.386,-0.505,9.928
0.011843625,0.425,-0.505,9.928
0.015791856,0.386,-0.505,9.928
0.019739917,0.386,-0.467,9.89
0.023687763,0.425,-0.505,9.89
0.02763584,0.386,-0.505,9.928
0.0315843,0.386,-0.467,9.928
0.035532143,0.386,-0.505,9.928
0.039480224,0.425,-0.505,9.928
0.043428455,0.425,-0.505,9.928
0.047377687,0.425,-0.505,9.928
0.051326536,0.425,-0.467,9.967
0.05527499,0.386,-0.467,9.928
0.05922345,0.386,-0.505,9.967
0.063171834,0.386,-0.505,9.928
0.06712053,0.386,-0.467,9.967
0.071069375,0.386,-0.505,9.928
0.07501776,0.425,-0.505,9.967
0.0789664,0.386,-0.467,9.928
0.08291455,0.386,-0.505,9.928
0.08686279,0.386,-0.505,9.89
0.09081102,0.386,-0.505,9.928
0.094759874,0.425,-0.505,9.967
0.098707944,0.425,-0.467,9.967
0.102657124,0.425,-0.467,9.89
0.10660559,0.386,-0.543,9.89
0.11055336,0.425,-0.505,9.89
0.114501774,0.425,-0.467,9.928
0.11845008,0.386,-0.467,9.928
0.12239893,0.425,-0.543,9.89
0.12634732,0.425,-0.505,9.967
0.13029593,0.386,-0.505,9.928
0.13424495,0.425,-0.505,9.89
0.13819411,0.425,-0.467,9.928
0.14214319,0.386,-0.505,9.89
0.1460919,0.425,-0.505,9.89
0.1500419,0.425,-0.505,9.967
0.15399128,0.386,-0.467,9.928
0.15794043,0.386,-0.505,9.928
0.16188891,0.386,-0.467,9.928
0.16583736,0.425,-0.505,9.928
0.16978568,0.425,-0.467,9.89
0.1737339,0.386,-0.505,9.89
0.17768236,0.386,-0.505,9.89
0.18163097,0.386,-0.505,9.928
0.18558015,0.425,-0.467,9.967
0.18952867,0.425,-0.505,9.928
0.19347675,0.425,-0.467,9.967
0.19742453,0.386,-0.505,9.89
0.20137239,0.386,-0.505,9.89
0.20532006,0.386,-0.505,9.928
0.20926823,0.386,-0.467,9.928
0.21321654,0.386,-0.505,9.967
0.2171646,0.348,-0.467,9.89
0.22111303,0.386,-0.505,9.928
0.22506155,0.386,-0.505,9.967
0.22901002,0.386,-0.505,9.928
0.23295839,0.386,-0.505,9.967
0.23690654,0.386,-0.505,9.967
0.24085523,0.425,-0.467,9.89
0.24480364,0.386,-0.505,9.89
0.2487521,0.386,-0.505,9.928
0.2527001,0.425,-0.505,9.928
0.2566484,0.386,-0.505,9.928
0.26059648,0.386,-0.467,9.928
0.26454473,0.386,-0.467,9.928
0.26849267,0.386,-0.505,9.928
0.2724412,0.425,-0.467,9.967
0.2763897,0.386,-0.505,9.928
0.28033766,0.348,-0.505,9.928
0.28428605,0.425,-0.505,9.928
