TIME,X,Y,Z
0.0,1.037,-2.305,9.584
0.003960004,1.076,-2.343,9.66
0.007919543,1.076,-2.305,9.737
0.011878773,1.037,-2.305,9.737
0.015838549,1.037,-2.305,9.737
0.019798473,1.037,-2.343,9.775
0.023758547,1.076,-2.267,9.737
0.02771788,1.076,-2.305,9.737
0.031677186,1.076,-2.305,9.775
0.03563665,1.076,-2.305,9.775
0.039596133,1.037,-2.305,9.852
0.04355667,1.076,-2.343,9.775
0.047516134,1.076,-2.305,9.737
0.05147583,1.076,-2.305,9.737
0.055434987,1.076,-2.305,9.699
0.05939445,1.076,-2.305,9.737
0.06335385,1.037,-2.343,9.775
0.06731323,1.037,-2.305,9.775
0.07127323,1.037,-2.305,9.737
0.075233705,1.076,-2.305,9.775
0.07919317,1.076,-2.343,9.737
0.08315224,1.037,-2.305,9.737
0.08711179,1.037,-2.305,9.775
0.09107148,1.076,-2.305,9.737
0.09503156,1.076,-2.382,9.737
0.098991856,1.076,-2.305,9.699
0.10295179,1.076,-2.343,9.737
0.106911786,1.076,-2.305,9.737
0.110871784,1.037,-2.343,9.737
0.114832096,1.037,-2.305,9.775
0.1187924,1.076,-2.305,9.737
0.12275255,1.076,-2.343,9.699
0.12671262,1.114,-2.267,9.737
0.13067271,1.076,-2.343,9.699
0.13463272,1.076,-2.305,9.775
0.13859272,0.999,-2.305,9.775
0.14255272,1.037,-2.305,9.775
0.1465128,1.037,-2.305,9.737
0.1504728,1.076,-2.305,9.775
0.1544328,1.076,-2.343,9.699
0.15839225,1.037,-2.305,9.814
0.16235171,1.037,-2.305,9.814
0.16631187,1.037,-2.305,9.737
0.17027213,1.037,-2.343,9.699
0.17423196,1.076,-2.267,9.66
0.17819244,1.076,-2.343,9.699
0.18215252,1.076,-2.305,9.775
0.18611261,1.037,-2.343,9.775
0.19007252,1.037,-2.343,9.737
0.19403301,1.076,-2.305,9.699
0.19799247,1.076,-2.305,9.775
0.2019524,1.076,-2.305,9.737
0.20591201,1.076,-2.305,9.737
0.20987163,1.037,-2.343,9.775
0.2138311,1.037,-2.305,9.775
0.2177908,1.076,-2.267,9.737
0.2217508,1.076,-2.267,9.775
0.22571094,1.076,-2.305,9.737
0.22967103,1.076,-2.305,9.699
0.23363118,1.076,-2.305,9.775
0.23759156,1.037,-2.305,9.737
0.24155156,1.076,-2.305,9.699
0.24551156,1.076,-2.305,9.737
0.24947132,1.076,-2.305,9.737
0.2534308,1.076,-2.305,9.737
0.25739017,1.076,-2.305,9.775
0.26134965,1.037,-2.267,9.775
0.2653094,1.037,-2.267,9.737
0.2692692,1.037,-2.305,9.737
0.27322903,1.076,-2.305,9.699
0.27718833,1.076,-2.305,9.775
0.2811486,1.037,-2.305,9.775
0.2851084,1.037,-2.343,9.775
0.28906766,1.037,-2.305,9.699
0.29302672,1.037,-2.343,9.775
0.29698586,1.076,-2.305,9.699
0.30094546,1.076,-2.305,9.699
0.30490524,1.076,-2.305,9.737
0.3088644,1.037,-2.305,9.775
