TIME,X,Y,Z
0.0,0.386,-0.505,9.737
0.003948769,0.386,-0.505,9.89
0.007898605,0.386,-0.467,9.967
0.01184799,0.386,-0.505,9.928
0.01579722,0.425,-0.505,9.928
0.019745655,0.425,-0.467,9.928
0.023694811,0.386,-0.505,9.928
0.027644197,0.386,-0.505,9.89
0.031593665,0.386,-0.467,9.928
0.03554305,0.386,-0.467,9.89
0.039491586,0.386,-0.505,9.928
0.043440588,0.386,-0.467,9.928
0.04738959,0.386,-0.505,9.928
0.051338896,0.425,-0.467,9.967
0.055287994,0.425,-0.467,9.928
0.05923761,0.386,-0.467,9.967
0.06318715,0.386,-0.467,9.967
0.06713685,0.425,-0.505,9.89
0.07108631,0.386,-0.467,9.89
0.07503546,0.348,-0.505,9.89
0.07898471,0.386,-0.505,9.89
0.08293393,0.386,-0.505,9.967
0.08688309,0.425,-0.505,9.967
0.090832256,0.386,-0.505,9.89
0.09478126,0.386,-0.467,9.928
0.09873033,0.386,-0.467,9.928
0.10267912,0.425,-0.467,9.928
0.10662866,0.386,-0.505,9.967
0.11057789,0.386,-0.505,9.928
0.114526965,0.425,-0.505,9.928
0.118476436,0.386,-0.467,9.967
0.122425586,0.386,-0.467,9.928
0.12637475,0.386,-0.505,9.89
0.13032399,0.386,-0.505,9.89
0.13427298,0.386,-0.467,9.928
0.13822214,0.386,-0.467,9.928
0.1421716,0.425,-0.505,9.928
0.14612144,0.386,-0.467,9.89
0.15007144,0.386,-0.505,9.928
0.15402076,0.425,-0.505,9.928
0.1579703,0.425,-0.467,9.928
0.1619199,0.425,-0.505,9.928
0.16586982,0.386,-0.467,9.967
0.16981906,0.386,-0.505,9.928
0.17376861,0.386,-0.505,9.928
0.17771792,0.425,-0.467,9.928
0.18166684,0.425,-0.505,9.928
0.18561599,0.386,-0.467,9.89
0.18956552,0.386,-0.505,9.928
0.19351514,0.425,-0.467,9.928
0.19746532,0.425,-0.467,9.967
0.20141454,0.386,-0.505,9.928
0.20536384,0.386,-0.505,9.928
0.20931388,0.386,-0.467,9.89
0.2132632,0.386,-0.467,9.928
0.21721213,0.386,-0.467,9.928
0.22116129,0.425,-0.505,9.89
0.22511107,0.425,-0.505,9.89
0.22906022,0.386,-0.467,9.928
0.23300923,0.425,-0.505,9.928
0.23695846,0.386,-0.467,9.89
0.240908,0.425,-0.505,9.928
0.24485722,0.386,-0.505,9.967
0.24880645,0.425,-0.505,9.928
0.25275669,0.386,-0.505,9.928
0.25670597,0.386,-0.505,9.89
0.2606549,0.386,-0.505,9.928
0.26460436,0.348,-0.505,9.89
0.2685536,0.386,-0.467,9.928
0.27250266,0.425,-0.505,9.852
0.27645168,0.425,-0.505,9.928
0.28040105,0.386,-0.467,9.967
0.2843508,0.425,-0.505,9.928
