TIME,X,Y,Z
0.0,0.348,-0.428,9.316
0.003948615,0.425,-0.505,10.005
0.007896754,0.386,-0.505,9.928
0.011845831,0.425,-0.467,9.928
0.015794523,0.425,-0.505,9.89
0.019743131,0.425,-0.467,9.928
0.02369121,0.386,-0.467,9.928
0.027638903,0.425,-0.505,9.928
0.031587232,0.386,-0.505,9.967
0.035535313,0.386,-0.505,9.928
0.039483465,0.425,-0.505,9.967
0.04343202,0.425,-0.505,9.928
0.047381252,0.386,-0.505,9.928
0.051330402,0.425,-0.467,9.928
0.055279408,0.425,-0.467,9.928
0.059228025,0.386,-0.505,9.928
0.06317687,0.386,-0.467,9.967
0.067125335,0.425,-0.505,9.928
0.07107372,0.386,-0.467,9.928
0.07502172,0.386,-0.505,9.928
0.07897012,0.386,-0.467,9.967
0.08291789,0.386,-0.467,9.928
0.0868662,0.425,-0.467,9.967
0.09081437,0.386,-0.467,9.928
0.09476237,0.425,-0.505,9.852
0.09871029,0.386,-0.505,9.89
0.1026586,0.386,-0.467,9.89
0.10660683,0.386,-0.467,9.928
0.11055491,0.386,-0.505,9.928
0.11450244,0.425,-0.467,9.928
0.1184516,0.386,-0.505,9.928
0.12240067,0.386,-0.505,9.89
0.12634906,0.386,-0.543,9.928
0.1302973,0.425,-0.505,9.89
0.1342456,0.386,-0.505,9.967
0.13819385,0.386,-0.505,9.928
0.14214198,0.386,-0.505,9.928
0.14609061,0.425,-0.505,9.928
0.15003876,0.348,-0.505,9.89
0.15398777,0.386,-0.467,9.928
0.15793654,0.386,-0.505,9.928
0.16188528,0.386,-0.543,9.928
0.16583358,0.386,-0.467,9.928
0.16978167,0.386,-0.505,9.928
0.17372967,0.386,-0.467,10.005
0.17767744,0.386,-0.467,9.928
0.18162552,0.425,-0.467,9.928
0.1855733,0.386,-0.467,9.928
0.18952107,0.386,-0.505,9.928
0.19346884,0.425,-0.505,9.967
0.19741693,0.386,-0.467,9.928
0.20136486,0.386,-0.505,9.89
0.20531286,0.386,-0.505,9.928
0.20926048,0.386,-0.505,9.928
0.21320817,0.386,-0.505,9.967
0.21715602,0.386,-0.505,9.928
0.22110479,0.425,-0.505,9.967
0.22505279,0.386,-0.467,9.89
0.2290007,0.386,-0.467,9.928
0.23294847,0.386,-0.467,10.005
0.23689616,0.386,-0.505,9.928
0.24084377,0.386,-0.467,9.928
0.24479148,0.386,-0.505,9.89
0.2487394,0.425,-0.505,9.89
0.25268748,0.386,-0.505,9.928
0.25663522,0.386,-0.467,10.005
0.26058322,0.425,-0.505,9.928
0.26453084,0.425,-0.505,9.928
0.26847845,0.386,-0.505,9.89
0.27242607,0.386,-0.467,9.928
0.27637407,0.425,-0.505,9.928
0.2803223,0.425,-0.505,9.928
0.28427014,0.386,-0.505,9.928
