TIME,X,Y,Z
0.0,0.348,-0.467,9.66
0.003948769,0.425,-0.505,9.967
0.007897077,0.386,-0.467,9.89
0.011845908,0.386,-0.543,9.89
0.015794061,0.386,-0.505,9.967
0.01974237,0.386,-0.505,9.89
0.02369098,0.425,-0.505,9.928
0.027639827,0.386,-0.505,9.928
0.031588595,0.386,-0.543,9.928
0.035536744,0.386,-0.505,9.967
0.03948482,0.386,-0.505,9.89
0.043433283,0.425,-0.505,9.89
0.047381863,0.463,-0.505,9.89
0.05132994,0.425,-0.505,9.967
0.055277865,0.386,-0.467,9.928
0.059226178,0.386,-0.505,9.967
0.06317417,0.386,-0.467,9.928
0.06712187,0.425,-0.505,9.928
0.07106934,0.386,-0.505,9.89
0.07501703,0.348,-0.505,9.928
0.07896502,0.386,-0.467,9.928
0.082913876,0.386,-0.505,9.89
0.0868631,0.386,-0.505,9.89
0.090812035,0.386,-0.467,9.89
0.09476125,0.386,-0.467,9.928
0.098709874,0.386,-0.505,9.89
0.102658875,0.425,-0.467,9.928
0.10660827,0.386,-0.505,9.928
0.11055789,0.425,-0.505,9.928
0.11450674,0.386,-0.505,9.928
0.11845583,0.386,-0.467,9.89
0.12240405,0.425,-0.505,9.928
0.1263526,0.386,-0.505,9.928
0.13030145,0.386,-0.505,9.928
0.13424943,0.386,-0.505,9.928
0.13819799,0.425,-0.467,9.967
0.14214632,0.386,-0.505,9.89
0.14609462,0.386,-0.505,9.89
0.15004323,0.386,-0.505,9.928
0.15399149,0.386,-0.505,9.967
0.15794003,0.386,-0.505,9.967
0.16188796,0.425,-0.505,9.928
0.16583605,0.386,-0.505,9.928
0.16978443,0.386,-0.505,9.928
0.17373265,0.386,-0.467,9.928
0.17768106,0.386,-0.467,9.928
0.18162952,0.386,-0.505,9.89
0.18557775,0.386,-0.505,9.89
0.18952607,0.425,-0.467,9.928
0.1934747,0.386,-0.505,9.928
0.19742285,0.425,-0.505,9.928
0.2013714,0.386,-0.505,9.967
0.20532009,0.386,-0.505,9.89
0.20926842,0.425,-0.505,9.928
0.21321663,0.425,-0.467,9.852
0.21716487,0.386,-0.505,9.928
0.22111341,0.386,-0.505,9.967
0.22506197,0.386,-0.505,9.928
0.2290109,0.386,-0.505,9.928
0.23295991,0.386,-0.505,9.928
0.23690896,0.386,-0.505,9.928
0.24085788,0.386,-0.505,9.928
0.24480765,0.386,-0.505,10.005
0.2487572,0.386,-0.467,9.89
0.25270644,0.425,-0.467,9.928
0.2566555,0.425,-0.505,9.928
0.26060465,0.386,-0.505,9.928
0.26455358,0.425,-0.467,9.967
0.2685027,0.348,-0.505,9.928
0.27245125,0.425,-0.467,9.967
0.27639988,0.386,-0.505,9.928
0.28034854,0.425,-0.467,9.967
0.2842978,0.386,-0.505,9.89
