TIME,X,Y,Z
0.0,0.348,-0.467,9.89
0.003948321,0.386,-0.505,9.928
0.007896783,0.386,-0.467,9.89
0.011845398,0.386,-0.467,9.928
0.015794484,0.386,-0.467,9.967
0.01974356,0.386,-0.505,9.928
0.023692638,0.425,-0.505,9.928
0.027641648,0.425,-0.505,9.928
0.031590723,0.425,-0.467,9.928
0.03553965,0.386,-0.505,9.928
0.039488856,0.425,-0.505,9.89
0.04343809,0.386,-0.505,9.928
0.047387164,0.386,-0.543,9.967
0.05133616,0.386,-0.505,9.967
0.055285543,0.386,-0.467,9.928
0.05923462,0.386,-0.505,9.928
0.063182935,0.348,-0.505,9.89
0.06713217,0.386,-0.505,9.89
0.07108132,0.386,-0.467,9.928
0.07503057,0.425,-0.505,9.967
0.07897934,0.425,-0.467,9.928
0.082927495,0.425,-0.467,9.967
0.08687597,0.386,-0.505,9.928
0.09082412,0.386,-0.505,9.967
0.09477281,0.425,-0.505,9.967
0.09872113,0.425,-0.467,9.967
0.10266936,0.386,-0.505,9.89
0.10661835,0.425,-0.467,9.928
0.110567115,0.386,-0.505,9.89
0.1145155,0.386,-0.467,9.89
0.11846388,0.386,-0.505,9.928
0.12241203,0.386,-0.505,9.928
0.12636073,0.425,-0.505,9.928
0.1303091,0.386,-0.505,9.928
0.1342578,0.425,-0.505,9.928
0.1382068,0.425,-0.505,9.967
0.1421557,0.386,-0.467,9.928
0.14610425,0.386,-0.505,9.89
0.15005255,0.386,-0.467,9.928
0.15400101,0.386,-0.505,9.967
0.15794942,0.386,-0.505,9.928
0.16189758,0.386,-0.505,9.89
0.16584611,0.386,-0.428,9.89
0.16979472,0.386,-0.505,9.928
0.17374295,0.425,-0.505,9.928
0.17769141,0.386,-0.467,9.928
0.18163987,0.425,-0.505,9.928
0.1855891,0.386,-0.505,9.928
0.1895381,0.425,-0.505,9.928
0.1934868,0.386,-0.505,9.89
0.19743557,0.425,-0.467,9.928
0.20138489,0.386,-0.467,9.928
0.2053338,0.386,-0.505,9.928
0.20928332,0.386,-0.505,9.928
0.21323234,0.386,-0.505,9.928
0.21718134,0.425,-0.467,9.89
0.22113042,0.386,-0.505,9.967
0.22507942,0.386,-0.467,9.928
0.22902855,0.386,-0.505,9.89
0.23297733,0.425,-0.505,9.928
0.23692626,0.386,-0.505,9.928
0.2408751,0.386,-0.505,9.967
0.2448241,0.425,-0.467,9.928
0.24877279,0.425,-0.467,9.89
0.25272155,0.425,-0.505,9.928
0.25667048,0.425,-0.505,9.89
0.26061887,0.425,-0.467,9.967
0.26456717,0.386,-0.505,9.89
0.26851583,0.386,-0.467,9.928
0.27246478,0.348,-0.543,9.967
0.2764136,0.386,-0.505,9.928
0.28036308,0.425,-0.505,9.928
0.28431255,0.386,-0.505,9.928
