TIME,X,Y,Z
0.0,0.386,-0.505,9.89
0.003948077,0.425,-0.467,9.967
0.007895542,0.386,-0.505,9.928
0.011843773,0.386,-0.505,10.005
0.01579162,0.386,-0.543,9.928
0.019739464,0.386,-0.505,9.89
0.023687389,0.425,-0.505,9.928
0.027635617,0.386,-0.467,9.928
0.031583916,0.386,-0.505,9.928
0.035533376,0.386,-0.505,9.928
0.03948284,0.386,-0.505,9.928
0.043432016,0.386,-0.543,9.89
0.047381017,0.425,-0.505,9.89
0.051330168,0.386,-0.505,9.928
0.0552794,0.425,-0.505,9.928
0.0592284,0.425,-0.467,9.89
0.063177705,0.386,-0.467,9.928
0.06712703,0.386,-0.505,9.928
0.07107541,0.348,-0.505,9.967
0.075024106,0.386,-0.505,9.89
0.078972735,0.386,-0.505,9.967
0.08292158,0.386,-0.467,9.928
0.08687012,0.386,-0.467,9.928
0.09081936,0.386,-0.505,9.89
0.094767906,0.425,-0.505,9.928
0.098716594,0.386,-0.467,9.967
0.102665134,0.425,-0.467,9.967
0.10661352,0.386,-0.505,9.967
0.11056245,0.386,-0.505,9.89
0.1145112,0.386,-0.505,9.928
0.1184602,0.425,-0.467,9.89
0.12240827,0.386,-0.505,9.89
0.12635621,0.425,-0.505,9.928
0.13030452,0.386,-0.467,9.928
0.13425298,0.386,-0.505,9.928
0.13820122,0.386,-0.467,9.89
0.14214943,0.386,-0.505,9.89
0.14609805,0.425,-0.505,9.928
0.15004675,0.386,-0.505,9.928
0.15399568,0.386,-0.467,9.928
0.15794475,0.348,-0.505,9.928
0.16189407,0.386,-0.505,9.928
0.16584276,0.425,-0.467,9.89
0.16979069,0.386,-0.467,9.89
0.17373852,0.386,-0.505,9.852
0.17768697,0.425,-0.505,9.928
0.18163529,0.386,-0.505,9.89
0.1855835,0.386,-0.505,9.928
0.18953173,0.425,-0.505,9.928
0.1934798,0.386,-0.543,9.89
0.19742835,0.386,-0.505,9.928
0.20137705,0.386,-0.505,9.89
0.20532583,0.386,-0.505,9.928
0.20927435,0.386,-0.467,9.967
0.21322297,0.386,-0.467,9.928
0.21717197,0.386,-0.505,9.928
0.22112098,0.348,-0.505,9.928
0.2250706,0.425,-0.505,9.967
0.22901991,0.425,-0.467,9.928
0.23296835,0.386,-0.467,9.967
0.2369172,0.386,-0.505,9.928
0.24086572,0.386,-0.467,9.89
0.24481481,0.425,-0.467,9.928
0.24876381,0.386,-0.467,9.967
0.25271273,0.386,-0.505,9.928
0.25666142,0.386,-0.505,9.89
0.26060975,0.386,-0.505,9.852
0.26455843,0.386,-0.505,9.89
0.26850682,0.386,-0.505,9.967
0.2724546,0.386,-0.505,9.928
0.27640414,0.386,-0.505,9.967
0.28035313,0.386,-0.505,9.928
0.28430253,0.386,-0.505,9.967
