TIME,X,Y,Z
0.0,0.386,-0.467,9.928
0.003948692,0.425,-0.505,9.928
0.007896384,0.386,-0.505,9.928
0.011844153,0.386,-0.505,9.89
0.015791923,0.386,-0.467,9.928
0.019740537,0.425,-0.467,9.928
0.023688694,0.386,-0.505,9.928
0.02763708,0.386,-0.467,9.928
0.031585157,0.386,-0.467,9.928
0.035533763,0.425,-0.505,9.967
0.039482303,0.386,-0.428,9.967
0.043431073,0.386,-0.505,9.967
0.04737884,0.386,-0.505,9.967
0.051326763,0.386,-0.505,9.928
0.055274457,0.386,-0.467,9.928
0.059222147,0.386,-0.467,9.89
0.06316999,0.386,-0.543,9.928
0.06711776,0.348,-0.467,9.928
0.071065634,0.386,-0.505,9.89
0.07501286,0.386,-0.505,9.89
0.07896048,0.425,-0.505,9.928
0.08290888,0.386,-0.505,9.928
0.08685758,0.386,-0.505,9.928
0.09080565,0.425,-0.505,9.928
0.0947539,0.386,-0.505,9.928
0.09870166,0.386,-0.505,9.928
0.102649815,0.386,-0.505,9.928
0.1065979,0.348,-0.505,9.89
0.11054675,0.386,-0.505,9.928
0.11449521,0.386,-0.467,9.928
0.11844385,0.425,-0.505,9.928
0.12239231,0.386,-0.505,9.928
0.12634039,0.425,-0.543,9.928
0.13028902,0.425,-0.467,9.928
0.13423756,0.386,-0.505,9.928
0.13818547,0.386,-0.505,9.967
0.14213371,0.386,-0.543,9.89
0.14608163,0.425,-0.467,9.89
0.1500294,0.386,-0.505,9.967
0.15397748,0.386,-0.505,9.967
0.1579251,0.425,-0.505,9.928
0.16187343,0.386,-0.505,9.89
0.1658213,0.348,-0.505,9.89
0.16976976,0.386,-0.505,9.928
0.17371707,0.386,-0.467,9.928
0.17766508,0.425,-0.543,9.928
0.18161301,0.386,-0.505,9.928
0.18556246,0.425,-0.505,9.928
0.1895114,0.386,-0.505,9.928
0.19346026,0.425,-0.505,9.89
0.19740902,0.425,-0.505,9.967
0.20135774,0.425,-0.505,9.928
0.20530635,0.425,-0.505,9.928
0.2092546,0.386,-0.505,9.928
0.21320312,0.425,-0.467,9.967
0.21715182,0.425,-0.505,9.89
0.22110027,0.386,-0.505,9.928
0.22504821,0.425,-0.505,9.928
0.22899698,0.386,-0.467,9.928
0.23294535,0.386,-0.467,9.967
0.23689389,0.348,-0.467,9.89
0.24084227,0.386,-0.505,9.89
0.24478997,0.386,-0.467,9.928
0.24873844,0.386,-0.505,9.89
0.25268665,0.425,-0.505,9.928
0.25663465,0.386,-0.505,9.928
0.26058212,0.425,-0.467,9.928
0.26452997,0.348,-0.505,9.89
0.26847798,0.386,-0.467,9.967
0.27242547,0.425,-0.505,9.928
0.27637348,0.425,-0.543,9.89
0.28032163,0.386,-0.505,9.89
0.28426975,0.425,-0.467,9.928
