TIME,X,Y,Z
0.0,0.386,-0.467,9.928
0.003948384,0.386,-0.505,9.928
0.007897076,0.425,-0.467,9.928
0.011845692,0.386,-0.505,9.928
0.01579421,0.386,-0.505,9.89
0.019743131,0.425,-0.467,9.89
0.023691826,0.386,-0.505,9.928
0.027641142,0.425,-0.505,9.928
0.03158991,0.386,-0.467,9.928
0.03553837,0.386,-0.505,9.928
0.039486527,0.386,-0.467,9.928
0.043434527,0.386,-0.467,9.928
0.047382295,0.386,-0.505,9.928
0.051330227,0.425,-0.467,9.89
0.05527807,0.348,-0.505,9.928
0.059226304,0.386,-0.505,9.928
0.06317483,0.425,-0.505,9.928
0.06712322,0.425,-0.543,9.928
0.07107167,0.386,-0.467,9.928
0.075020306,0.425,-0.467,9.928
0.07896931,0.386,-0.467,9.928
0.08291738,0.386,-0.467,9.928
0.08686501,0.386,-0.467,9.928
0.090812854,0.386,-0.505,9.967
0.09476063,0.386,-0.467,9.89
0.09870894,0.425,-0.505,9.928
0.10265717,0.425,-0.505,9.928
0.10660594,0.386,-0.505,9.928
0.11055542,0.386,-0.467,9.89
0.11450449,0.386,-0.505,9.928
0.11845257,0.386,-0.505,9.928
0.12240083,0.386,-0.505,9.928
0.12634952,0.386,-0.467,9.928
0.13029775,0.386,-0.505,9.928
0.13424669,0.386,-0.467,9.928
0.13819507,0.386,-0.467,9.967
0.14214392,0.425,-0.467,9.967
0.14609268,0.425,-0.467,9.928
0.1500413,0.386,-0.505,9.928
0.15398984,0.425,-0.505,9.928
0.15793878,0.386,-0.505,9.928
0.16188711,0.386,-0.505,9.928
0.16583548,0.425,-0.505,9.928
0.16978355,0.386,-0.467,9.928
0.17373155,0.386,-0.505,9.967
0.17767994,0.386,-0.505,9.928
0.18162848,0.425,-0.505,9.967
0.18557747,0.386,-0.505,9.928
0.18952648,0.386,-0.505,9.928
0.19347516,0.386,-0.505,9.89
0.197424,0.386,-0.505,9.928
0.20137285,0.425,-0.467,9.928
0.20532222,0.386,-0.467,9.928
0.20927137,0.425,-0.505,9.89
0.21322022,0.386,-0.505,9.89
0.21716914,0.386,-0.505,9.928
0.22111784,0.386,-0.505,9.928
0.22506636,0.386,-0.505,9.928
0.2290149,0.386,-0.505,9.928
0.23296367,0.386,-0.505,9.89
0.23691252,0.386,-0.505,9.967
0.2408612,0.386,-0.505,9.967
0.24481021,0.425,-0.505,9.89
0.24875951,0.386,-0.505,9.928
0.2527083,0.386,-0.467,9.89
0.2566575,0.386,-0.467,9.928
0.26060638,0.386,-0.505,9.928
0.26455507,0.386,-0.467,9.89
0.26850352,0.386,-0.505,9.89
0.27245322,0.386,-0.505,9.89
0.27640206,0.425,-0.505,9.89
0.28035033,0.425,-0.505,9.928
0.28429887,0.386,-0.505,9.89
