TIME,X,Y,Z
0.0,0.386,-0.505,9.967
0.003948692,0.386,-0.505,9.928
0.007897366,0.425,-0.467,9.928
0.011846519,0.425,-0.505,9.928
0.015795136,0.386,-0.505,9.928
0.01974359,0.386,-0.505,9.928
0.023692127,0.386,-0.505,9.967
0.027641669,0.386,-0.505,9.928
0.031590965,0.386,-0.467,9.928
0.035539735,0.386,-0.467,9.89
0.03948912,0.425,-0.467,9.89
0.04343806,0.386,-0.467,9.89
0.047387134,0.386,-0.505,9.928
0.051336292,0.386,-0.505,9.967
0.05528569,0.425,-0.467,9.89
0.059235077,0.386,-0.467,9.928
0.063184306,0.425,-0.467,9.928
0.06713309,0.425,-0.505,9.89
0.07108232,0.425,-0.505,9.928
0.075031854,0.386,-0.505,9.89
0.07898157,0.386,-0.467,9.928
0.0829308,0.386,-0.543,9.928
0.08688033,0.386,-0.505,9.928
0.09082928,0.425,-0.505,9.928
0.0947792,0.425,-0.505,9.967
0.098729126,0.386,-0.467,9.928
0.10267892,0.386,-0.505,9.928
0.10662846,0.386,-0.505,9.928
0.11057761,0.386,-0.505,9.89
0.11452607,0.425,-0.467,9.928
0.11847507,0.386,-0.505,9.928
0.12242377,0.386,-0.505,9.89
0.12637246,0.386,-0.505,9.928
0.13032131,0.386,-0.505,9.928
0.13427022,0.425,-0.467,9.928
0.13821875,0.425,-0.505,9.967
0.14216737,0.386,-0.505,9.928
0.14611614,0.386,-0.505,9.928
0.15006462,0.386,-0.505,9.928
0.1540133,0.425,-0.505,9.928
0.1579617,0.386,-0.467,9.89
0.16191046,0.386,-0.467,9.89
0.16585891,0.425,-0.543,9.928
0.16980715,0.386,-0.505,9.89
0.17375585,0.386,-0.505,9.928
0.1777044,0.386,-0.467,9.89
0.18165247,0.425,-0.467,9.928
0.18560056,0.386,-0.467,9.89
0.1895488,0.425,-0.505,9.928
0.1934974,0.386,-0.543,9.967
0.19744575,0.425,-0.505,9.967
0.20139474,0.386,-0.505,9.928
0.20534381,0.386,-0.467,9.89
0.20929298,0.386,-0.505,9.928
0.2132422,0.386,-0.505,9.89
0.21719182,0.386,-0.505,9.928
0.22114138,0.386,-0.467,9.928
0.22509006,0.386,-0.467,9.89
0.2290386,0.425,-0.505,9.89
0.23298712,0.386,-0.505,9.928
0.23693565,0.386,-0.467,9.928
0.24088418,0.425,-0.505,9.928
0.24483326,0.386,-0.467,9.852
0.24878258,0.425,-0.505,9.89
0.2527315,0.386,-0.467,9.928
0.25668025,0.425,-0.467,9.928
0.2606297,0.425,-0.505,9.89
0.26457787,0.386,-0.505,9.928
0.26852623,0.386,-0.505,9.89
0.27247486,0.386,-0.505,9.967
0.27642393,0.386,-0.505,9.928
0.28037298,0.425,-0.505,9.967
