TIME,X,Y,Z
0.0,0.425,-0.467,9.89
0.003949462,0.386,-0.467,9.928
0.007898519,0.425,-0.505,9.928
0.011847826,0.425,-0.467,9.928
0.015797442,0.386,-0.505,9.928
0.019747159,0.386,-0.505,9.928
0.023696544,0.425,-0.505,9.928
0.02764585,0.386,-0.467,9.928
0.031595163,0.425,-0.505,9.928
0.035544008,0.386,-0.467,9.89
0.03949316,0.425,-0.467,9.928
0.04344263,0.386,-0.467,9.928
0.047391705,0.386,-0.467,9.928
0.051340703,0.425,-0.505,9.928
0.055289485,0.425,-0.467,9.89
0.059238024,0.425,-0.467,9.89
0.06318694,0.425,-0.467,9.967
0.06713549,0.386,-0.505,9.89
0.07108418,0.386,-0.505,9.928
0.07503318,0.425,-0.505,9.928
0.07898206,0.386,-0.505,9.89
0.082931526,0.386,-0.505,9.928
0.0868806,0.386,-0.467,9.967
0.090829626,0.386,-0.505,9.928
0.09477839,0.386,-0.543,9.928
0.09872701,0.386,-0.467,9.928
0.10267577,0.348,-0.467,9.928
0.10662432,0.386,-0.467,9.89
0.11057339,0.386,-0.505,9.928
0.1145227,0.386,-0.505,9.928
0.11847185,0.386,-0.505,9.967
0.12242093,0.386,-0.505,9.928
0.1263694,0.386,-0.505,9.928
0.13031857,0.425,-0.505,9.928
0.1342671,0.386,-0.505,9.89
0.13821603,0.386,-0.467,9.928
0.14216489,0.386,-0.467,9.928
0.14611381,0.425,-0.505,9.928
0.15006274,0.425,-0.505,9.967
0.15401165,0.386,-0.505,9.928
0.15796036,0.386,-0.505,9.928
0.16190906,0.386,-0.505,9.89
0.16585843,0.386,-0.505,9.928
0.1698086,0.425,-0.467,9.89
0.17375827,0.386,-0.543,9.928
0.17770712,0.425,-0.505,9.89
0.18165605,0.386,-0.467,9.928
0.18560553,0.386,-0.505,9.928
0.18955491,0.386,-0.505,9.928
0.1935039,0.386,-0.505,9.928
0.19745307,0.425,-0.467,9.89
0.20140176,0.386,-0.505,9.928
0.20535068,0.386,-0.467,9.928
0.20929936,0.386,-0.505,9.89
0.21324873,0.425,-0.467,9.928
0.21719813,0.386,-0.505,9.928
0.22114684,0.386,-0.467,9.928
0.22509584,0.425,-0.467,9.928
0.22904491,0.386,-0.505,9.928
0.23299412,0.386,-0.505,9.928
0.23694327,0.425,-0.505,9.928
0.24089205,0.425,-0.505,9.967
0.24484047,0.386,-0.505,9.967
0.24878941,0.463,-0.505,9.89
0.25273833,0.386,-0.467,9.928
0.2566874,0.386,-0.467,9.89
0.26063627,0.386,-0.505,9.928
0.26458487,0.425,-0.467,9.928
0.26853335,0.386,-0.467,9.928
0.2724818,0.425,-0.505,9.928
0.2764301,0.386,-0.467,9.928
0.28037825,0.425,-0.505,9.928
0.2843268,0.425,-0.467,9.928
