TIME,X,Y,Z
0.0,0.386,-0.467,9.699
0.00394901,0.386,-0.467,9.967
0.00789801,0.386,-0.505,9.928
0.011846703,0.386,-0.505,9.967
0.015796041,0.425,-0.505,9.928
0.019744659,0.425,-0.505,9.928
0.02369335,0.425,-0.505,9.928
0.027642123,0.386,-0.505,9.89
0.031590432,0.386,-0.505,9.89
0.035539508,0.386,-0.505,9.928
0.039488133,0.425,-0.505,9.928
0.043437365,0.425,-0.467,9.89
0.04738644,0.386,-0.505,9.89
0.05133528,0.386,-0.505,9.928
0.05528405,0.386,-0.505,9.928
0.059233047,0.463,-0.467,9.967
0.063182,0.386,-0.467,9.928
0.067131,0.425,-0.505,9.928
0.07107977,0.386,-0.467,9.967
0.075028785,0.386,-0.505,9.89
0.07897802,0.425,-0.505,9.928
0.08292717,0.386,-0.505,9.928
0.08687612,0.386,-0.505,9.928
0.09082435,0.425,-0.505,9.928
0.09477358,0.425,-0.505,9.89
0.09872299,0.425,-0.505,9.967
0.10267206,0.425,-0.467,10.005
0.10662083,0.386,-0.505,9.928
0.11056946,0.425,-0.505,9.928
0.11451877,0.425,-0.505,9.928
0.11846715,0.386,-0.505,9.928
0.12241599,0.386,-0.505,9.928
0.12636538,0.386,-0.505,9.928
0.13031499,0.348,-0.467,9.89
0.13426423,0.386,-0.505,9.89
0.13821322,0.386,-0.505,9.928
0.14216268,0.386,-0.505,9.89
0.14611213,0.425,-0.505,9.928
0.15006183,0.386,-0.505,9.928
0.1540116,0.386,-0.505,9.928
0.15796061,0.425,-0.467,9.89
0.16190976,0.386,-0.505,9.928
0.16585913,0.386,-0.505,9.89
0.16980813,0.425,-0.505,9.928
0.17375752,0.386,-0.505,9.928
0.17770667,0.386,-0.543,9.928
0.18165639,0.386,-0.505,9.928
0.18560591,0.386,-0.467,9.967
0.18955567,0.425,-0.467,9.928
0.19350523,0.425,-0.505,9.928
0.19745463,0.425,-0.505,9.89
0.20140369,0.425,-0.505,9.89
0.20535284,0.425,-0.505,9.89
0.209302,0.425,-0.505,9.967
0.21325117,0.386,-0.505,9.928
0.21720001,0.386,-0.505,9.928
0.22114933,0.386,-0.505,9.928
0.22509848,0.386,-0.505,9.928
0.22904731,0.425,-0.467,9.89
0.23299547,0.386,-0.505,9.928
0.23694415,0.425,-0.505,9.928
0.24089387,0.425,-0.505,9.928
0.24484311,0.425,-0.505,9.967
0.24879217,0.386,-0.505,9.967
0.25274158,0.425,-0.505,9.967
0.2566909,0.386,-0.505,9.852
0.2606405,0.386,-0.505,9.928
0.26458904,0.425,-0.505,9.928
0.2685376,0.425,-0.505,9.928
0.27248588,0.386,-0.505,9.89
0.27643457,0.425,-0.543,9.89
0.28038403,0.425,-0.505,9.928
