TIME,X,Y,Z
0.0,0.463,-0.505,10.35
0.003948923,0.348,-0.467,9.737
0.007898308,0.425,-0.505,9.967
0.011846985,0.386,-0.467,9.928
0.015795678,0.425,-0.505,9.928
0.019744448,0.425,-0.505,9.967
0.023694672,0.386,-0.505,9.967
0.027644211,0.386,-0.505,9.89
0.031593673,0.425,-0.467,9.89
0.03554298,0.386,-0.505,9.928
0.039492056,0.386,-0.505,9.928
0.04344075,0.386,-0.505,9.928
0.04738928,0.386,-0.505,9.928
0.05133774,0.425,-0.505,9.89
0.055286355,0.425,-0.467,9.928
0.0592345,0.348,-0.505,9.928
0.06318319,0.386,-0.467,9.89
0.0671315,0.425,-0.505,9.89
0.071079805,0.425,-0.505,9.89
0.075028494,0.386,-0.505,9.89
0.07897658,0.386,-0.505,9.928
0.08292588,0.386,-0.467,9.89
0.08687465,0.386,-0.467,9.89
0.09082349,0.348,-0.505,9.967
0.09477226,0.425,-0.505,9.928
0.09872088,0.425,-0.505,9.89
0.10266919,0.425,-0.505,9.928
0.1066175,0.425,-0.505,9.967
0.110566355,0.386,-0.467,9.928
0.114515275,0.386,-0.467,9.967
0.118464366,0.425,-0.467,9.928
0.12241322,0.386,-0.467,9.89
0.12636222,0.386,-0.505,9.928
0.13031106,0.386,-0.505,9.928
0.13425952,0.386,-0.505,9.89
0.13820837,0.425,-0.505,9.852
0.14215773,0.425,-0.467,9.928
0.14610702,0.425,-0.467,9.967
0.15005594,0.425,-0.505,9.928
0.1540048,0.386,-0.467,9.928
0.1579538,0.425,-0.505,9.928
0.16190249,0.348,-0.505,9.89
0.16585127,0.386,-0.505,9.89
0.1697995,0.348,-0.505,9.89
0.17374803,0.425,-0.505,9.89
0.17769651,0.386,-0.505,9.928
0.1816449,0.386,-0.543,9.928
0.18559366,0.386,-0.505,9.967
0.189542,0.386,-0.505,9.928
0.19349107,0.386,-0.505,9.967
0.19743976,0.386,-0.505,9.967
0.2013884,0.425,-0.467,9.928
0.20533694,0.386,-0.467,9.928
0.20928547,0.386,-0.543,9.928
0.21323363,0.386,-0.505,9.928
0.21718286,0.386,-0.505,9.89
0.22113217,0.386,-0.505,9.89
0.22508103,0.386,-0.543,9.967
0.22903025,0.386,-0.505,9.89
0.23297949,0.386,-0.505,9.928
0.2369282,0.425,-0.467,9.89
0.24087664,0.386,-0.505,9.852
0.24482489,0.386,-0.467,9.928
0.24877311,0.386,-0.505,9.928
0.25272152,0.386,-0.543,9.89
0.25667012,0.386,-0.505,9.928
0.26061836,0.386,-0.505,9.928
0.26456666,0.386,-0.505,9.928
0.26851565,0.425,-0.505,9.928
0.27246398,0.425,-0.505,9.89
0.27641213,0.386,-0.467,9.967
0.2803609,0.425,-0.467,9.967
0.28430966,0.425,-0.467,9.928
