TIME,X,Y,Z
0.0,0.386,-0.428,9.316
0.003949077,0.386,-0.467,10.005
0.007898158,0.386,-0.467,9.928
0.011847312,0.386,-0.505,9.928
0.01579608,0.425,-0.505,9.967
0.019744964,0.386,-0.467,9.89
0.02369404,0.386,-0.505,9.928
0.027643347,0.425,-0.467,9.928
0.031592946,0.386,-0.505,9.89
0.03554287,0.425,-0.467,9.928
0.039492797,0.386,-0.467,9.89
0.04344242,0.386,-0.505,9.928
0.04739219,0.386,-0.505,9.967
0.05134211,0.386,-0.505,9.928
0.055292815,0.425,-0.505,9.89
0.059242815,0.386,-0.505,9.928
0.06319243,0.425,-0.505,9.89
0.06714149,0.386,-0.505,9.928
0.07109103,0.425,-0.505,9.928
0.07504049,0.425,-0.505,9.967
0.078989275,0.425,-0.505,9.928
0.082938425,0.425,-0.505,9.928
0.086887345,0.386,-0.505,9.928
0.09083641,0.386,-0.467,9.928
0.09478603,0.386,-0.467,9.928
0.098735414,0.386,-0.467,9.89
0.10268442,0.425,-0.467,9.928
0.10663373,0.386,-0.467,9.928
0.11058266,0.386,-0.505,9.928
0.114531584,0.386,-0.467,9.928
0.11848043,0.386,-0.505,9.89
0.12242943,0.425,-0.505,9.928
0.12637836,0.386,-0.505,9.928
0.1303278,0.425,-0.505,9.928
0.13427712,0.386,-0.505,9.967
0.13822633,0.386,-0.543,9.967
0.14217472,0.386,-0.467,9.89
0.14612304,0.386,-0.505,9.928
0.15007234,0.386,-0.505,9.967
0.15402204,0.386,-0.467,9.89
0.15797141,0.386,-0.505,9.928
0.16192012,0.386,-0.467,9.89
0.16586919,0.386,-0.505,9.89
0.16981803,0.386,-0.505,9.928
0.1737672,0.386,-0.505,9.928
0.17771658,0.425,-0.505,9.928
0.18166581,0.425,-0.467,9.967
0.1856149,0.425,-0.505,9.89
0.18956429,0.386,-0.505,9.89
0.1935136,0.425,-0.505,9.967
0.19746277,0.386,-0.467,9.928
0.20141177,0.386,-0.505,9.928
0.20536071,0.386,-0.505,9.928
0.20930989,0.386,-0.505,9.928
0.21325889,0.386,-0.505,9.928
0.2172072,0.425,-0.467,9.928
0.22115566,0.386,-0.505,9.89
0.22510481,0.425,-0.505,9.928
0.22905405,0.425,-0.505,9.928
0.23300342,0.386,-0.505,9.89
0.23695274,0.386,-0.467,9.928
0.24090159,0.386,-0.505,9.89
0.24485034,0.386,-0.505,9.928
0.24879919,0.425,-0.505,9.89
0.25274834,0.386,-0.467,9.928
0.25669745,0.425,-0.505,9.928
0.26064652,0.425,-0.467,9.89
0.26459613,0.425,-0.467,9.852
0.26854473,0.425,-0.505,9.928
0.27249357,0.386,-0.505,9.89
0.2764427,0.386,-0.505,9.89
0.2803918,0.348,-0.467,9.89
