TIME,X,Y,Z
0.0,0.386,-0.467,9.699
0.003948462,0.463,-0.505,9.89
0.007896693,0.386,-0.505,9.852
0.011844607,0.425,-0.505,9.928
0.015792761,0.425,-0.467,9.928
0.019741068,0.425,-0.467,9.89
0.023688992,0.425,-0.467,9.928
0.027636914,0.386,-0.467,9.928
0.031584993,0.386,-0.505,9.928
0.035532944,0.425,-0.505,9.928
0.03948102,0.425,-0.505,9.928
0.043429404,0.386,-0.505,9.928
0.047377642,0.425,-0.467,9.89
0.051326104,0.386,-0.467,9.928
0.055274185,0.386,-0.505,9.967
0.059221946,0.425,-0.467,9.928
0.06317079,0.386,-0.505,9.928
0.0671204,0.425,-0.505,9.852
0.07106857,0.386,-0.505,9.928
0.075016186,0.386,-0.505,9.928
0.07896403,0.386,-0.505,9.89
0.08291202,0.425,-0.467,9.928
0.08685964,0.348,-0.505,9.928
0.09080803,0.386,-0.467,9.89
0.09475664,0.386,-0.543,9.928
0.098704405,0.386,-0.467,9.967
0.10265249,0.425,-0.505,9.928
0.10659971,0.425,-0.505,9.928
0.11054749,0.425,-0.505,9.89
0.114495024,0.425,-0.505,9.928
0.11844303,0.463,-0.505,9.967
0.122390956,0.386,-0.467,9.967
0.1263388,0.386,-0.467,9.928
0.13028689,0.386,-0.505,9.89
0.13423473,0.386,-0.505,9.928
0.13818249,0.386,-0.505,9.928
0.1421305,0.425,-0.467,9.967
0.14607781,0.386,-0.505,9.967
0.15002534,0.425,-0.505,9.928
0.15397285,0.386,-0.505,9.928
0.15792117,0.386,-0.505,9.928
0.1618684,0.386,-0.505,9.928
0.16581605,0.348,-0.505,9.928
0.16976374,0.425,-0.543,9.928
0.17371106,0.386,-0.505,9.967
0.17765923,0.386,-0.467,9.89
0.18160738,0.386,-0.505,9.928
0.18555515,0.386,-0.505,9.928
0.18950325,0.425,-0.467,9.928
0.19345133,0.386,-0.467,9.967
0.19739957,0.386,-0.505,9.928
0.20134827,0.425,-0.505,9.89
0.20529713,0.386,-0.505,9.928
0.20924519,0.386,-0.505,9.89
0.2131932,0.386,-0.505,10.005
0.21714073,0.386,-0.467,9.967
0.22108819,0.425,-0.505,9.89
0.2250364,0.425,-0.505,9.967
0.22898486,0.425,-0.505,9.928
0.23293379,0.425,-0.467,9.928
0.2368823,0.386,-0.467,9.928
0.24083115,0.386,-0.505,9.928
0.24477954,0.386,-0.505,9.967
0.24872814,0.386,-0.505,9.928
0.2526766,0.386,-0.505,9.89
0.2566249,0.386,-0.467,9.928
0.2605733,0.425,-0.467,9.928
0.26452175,0.425,-0.505,9.928
0.2684702,0.386,-0.505,9.89
0.27241787,0.425,-0.467,9.928
0.27636582,0.425,-0.505,9.89
0.2803145,0.386,-0.505,9.928
