TIME,X,Y,Z
0.0,0.386,-0.467,9.737
0.003948693,0.425,-0.505,9.928
0.007897154,0.386,-0.467,9.967
0.011845616,0.425,-0.505,9.967
0.015794309,0.386,-0.505,9.928
0.01974301,0.386,-0.505,9.928
0.023691624,0.425,-0.505,9.928
0.027640395,0.386,-0.505,9.967
0.03158871,0.386,-0.467,9.928
0.035536945,0.386,-0.505,9.89
0.039485633,0.386,-0.505,9.967
0.043434776,0.386,-0.467,9.89
0.047384087,0.425,-0.505,9.928
0.051333006,0.386,-0.467,9.928
0.055281468,0.425,-0.467,9.928
0.059229776,0.386,-0.505,9.928
0.063178316,0.425,-0.505,9.89
0.067126624,0.425,-0.505,9.89
0.07107524,0.425,-0.467,9.928
0.07502385,0.386,-0.467,9.89
0.07897232,0.425,-0.467,9.928
0.08292124,0.463,-0.467,9.928
0.08687047,0.425,-0.505,9.928
0.09081933,0.425,-0.505,9.928
0.09476787,0.425,-0.467,9.928
0.09871664,0.425,-0.505,9.928
0.10266564,0.425,-0.505,9.928
0.10661434,0.425,-0.505,9.967
0.11056287,0.348,-0.505,9.928
0.11451171,0.386,-0.467,9.928
0.118460104,0.425,-0.467,9.928
0.12240894,0.425,-0.505,9.967
0.12635772,0.386,-0.505,9.928
0.13030648,0.386,-0.505,9.89
0.13425472,0.425,-0.505,9.928
0.13820302,0.386,-0.505,9.967
0.14215134,0.425,-0.505,9.89
0.14610025,0.425,-0.467,9.928
0.15004931,0.386,-0.505,9.928
0.15399817,0.348,-0.505,9.89
0.157947,0.425,-0.505,9.967
0.1618958,0.386,-0.467,9.928
0.16584511,0.425,-0.467,9.928
0.16979441,0.386,-0.467,9.89
0.17374301,0.386,-0.505,9.928
0.17769194,0.386,-0.505,9.89
0.18164085,0.386,-0.467,9.89
0.18559001,0.425,-0.505,9.928
0.18953955,0.348,-0.467,9.928
0.19348802,0.386,-0.505,9.89
0.19743687,0.386,-0.467,9.928
0.20138602,0.386,-0.467,9.928
0.2053344,0.386,-0.467,9.928
0.2092837,0.425,-0.505,9.967
0.21323347,0.425,-0.543,9.928
0.2171834,0.386,-0.467,9.967
0.22113279,0.386,-0.505,9.928
0.22508271,0.425,-0.505,9.89
0.2290321,0.425,-0.505,9.89
0.2329811,0.425,-0.505,9.89
0.23692957,0.425,-0.505,9.89
0.24087825,0.425,-0.505,9.928
0.2448265,0.386,-0.467,9.928
0.24877496,0.425,-0.467,9.89
0.2527239,0.386,-0.505,9.928
0.2566732,0.386,-0.467,9.967
0.2606225,0.386,-0.467,9.928
0.2645709,0.425,-0.505,9.928
0.26851943,0.386,-0.467,9.967
0.27246842,0.386,-0.505,9.928
0.27641696,0.386,-0.505,9.852
0.2803653,0.386,-0.505,9.967
