TIME,X,Y,Z
0.0,0.042,-0.505,9.775
0.003973372,0.08,-0.467,9.928
0.007946602,0.042,-0.505,10.005
0.011920141,0.042,-0.505,9.967
0.015893752,0.08,-0.505,9.967
0.019867595,0.08,-0.505,10.005
0.023841752,0.08,-0.505,10.043
0.02781568,0.042,-0.505,10.005
0.031789064,0.042,-0.505,9.967
0.03576283,0.08,-0.505,9.928
0.039736535,0.08,-0.505,10.005
0.04371007,0.042,-0.505,9.967
0.047683764,0.042,-0.505,9.967
0.051657554,0.042,-0.467,9.967
0.055631477,0.042,-0.467,9.967
0.059605476,0.042,-0.467,9.967
0.06357885,0.042,-0.505,9.967
0.06755246,0.08,-0.505,10.005
0.07152685,0.08,-0.543,9.967
0.075501084,0.042,-0.505,10.005
0.07947547,0.042,-0.543,9.967
0.08344955,0.042,-0.505,10.005
0.08742356,0.08,-0.467,9.967
0.09139733,0.08,-0.467,9.967
0.09537079,0.08,-0.505,9.967
0.099344335,0.08,-0.505,10.005
0.10331765,0.08,-0.505,10.005
0.107291035,0.003,-0.505,9.967
0.11126493,0.042,-0.505,9.967
0.11523831,0.042,-0.505,9.89
0.11921208,0.042,-0.505,9.967
0.1231857,0.042,-0.467,9.967
0.12715901,0.042,-0.505,9.967
0.1311324,0.08,-0.467,10.005
0.1351054,0.042,-0.505,10.043
0.13907872,0.042,-0.467,10.005
0.14305234,0.08,-0.467,10.005
0.14702566,0.118,-0.505,10.005
0.15099937,0.08,-0.505,9.967
0.15497306,0.042,-0.467,9.928
0.15894738,0.08,-0.543,9.928
0.16292122,0.042,-0.505,10.005
0.16689475,0.042,-0.505,10.005
0.17086838,0.042,-0.505,9.967
0.1748423,0.042,-0.505,10.043
0.17881645,0.042,-0.505,9.967
0.18279015,0.042,-0.467,10.005
0.18676338,0.042,-0.467,9.928
0.19073668,0.042,-0.505,9.967
0.19471002,0.042,-0.505,9.928
0.19868341,0.042,-0.505,10.005
0.20265657,0.08,-0.505,10.005
0.20663008,0.08,-0.467,10.005
0.21060339,0.042,-0.505,10.005
0.21457654,0.08,-0.505,9.928
0.21854982,0.08,-0.505,10.005
0.22252344,0.08,-0.505,9.967
0.22649759,0.042,-0.505,9.967
0.23047113,0.08,-0.505,9.928
0.23444498,0.042,-0.505,9.967
0.23841906,0.042,-0.505,10.005
0.2423932,0.08,-0.505,10.005
0.24636643,0.042,-0.505,10.005
0.25033966,0.042,-0.505,9.928
0.25431287,0.042,-0.467,9.928
0.25828618,0.042,-0.505,10.005
0.26225957,0.08,-0.543,10.005
0.2662329,0.08,-0.467,10.005
0.2702062,0.042,-0.505,9.89
0.27417913,0.042,-0.505,10.005
0.27815187,0.042,-0.505,9.967
0.28212488,0.042,-0.505,9.967
