TIME,X,Y,Z
0.0,0.386,-0.505,9.354
0.003949154,0.386,-0.467,10.005
0.007898538,0.386,-0.505,9.967
0.011847615,0.386,-0.505,9.967
0.015796231,0.386,-0.505,9.928
0.019745164,0.425,-0.505,9.928
0.023693932,0.425,-0.467,9.89
0.027643008,0.386,-0.543,9.89
0.031591464,0.425,-0.505,9.928
0.035540614,0.386,-0.505,9.89
0.039489847,0.425,-0.505,9.967
0.043438617,0.386,-0.505,9.928
0.047387693,0.386,-0.505,9.89
0.05133646,0.386,-0.505,9.89
0.055285387,0.425,-0.505,9.928
0.05923508,0.425,-0.505,9.928
0.06318439,0.425,-0.505,9.89
0.06713325,0.386,-0.505,9.928
0.07108232,0.386,-0.505,9.89
0.07503232,0.425,-0.467,9.928
0.07898156,0.386,-0.467,9.928
0.082931176,0.425,-0.467,9.928
0.08687956,0.425,-0.505,9.928
0.09082849,0.425,-0.505,9.928
0.0947778,0.425,-0.467,9.928
0.098726645,0.425,-0.505,9.928
0.102675036,0.425,-0.505,9.89
0.106623575,0.386,-0.505,9.928
0.11057303,0.386,-0.505,9.928
0.11452196,0.386,-0.505,9.89
0.11847096,0.386,-0.467,9.928
0.12242004,0.386,-0.543,9.928
0.12636927,0.386,-0.505,9.928
0.13031842,0.425,-0.505,9.89
0.13426742,0.386,-0.467,9.928
0.13821642,0.386,-0.505,9.928
0.14216574,0.386,-0.505,9.928
0.14611511,0.425,-0.467,9.967
0.15006398,0.386,-0.505,9.928
0.15401243,0.425,-0.505,9.928
0.15796167,0.386,-0.505,9.928
0.16191162,0.386,-0.505,9.928
0.1658613,0.425,-0.467,9.928
0.16981015,0.425,-0.505,9.928
0.1737594,0.386,-0.505,9.89
0.1777084,0.386,-0.505,9.928
0.18165733,0.386,-0.505,9.89
0.18560612,0.386,-0.505,9.967
0.18955497,0.386,-0.467,9.928
0.19350451,0.386,-0.467,9.928
0.19745436,0.386,-0.467,9.928
0.2014036,0.348,-0.505,9.89
0.20535299,0.425,-0.505,9.89
0.20930235,0.425,-0.505,9.89
0.21325189,0.386,-0.505,9.967
0.21720111,0.386,-0.505,9.928
0.22115037,0.386,-0.505,9.967
0.22509974,0.425,-0.505,9.928
0.22904982,0.425,-0.467,9.89
0.23299935,0.386,-0.505,9.967
0.23694883,0.386,-0.543,9.967
0.24089815,0.386,-0.467,9.852
0.24484761,0.425,-0.505,9.89
0.24879652,0.386,-0.505,9.967
0.25274524,0.425,-0.467,9.967
0.25669378,0.386,-0.505,9.814
0.26064262,0.386,-0.505,9.967
0.26459178,0.386,-0.505,9.852
0.26854083,0.386,-0.467,9.852
0.2724899,0.425,-0.505,9.967
0.27643946,0.425,-0.505,9.89
0.2803886,0.425,-0.543,9.967
