TIME,X,Y,Z
0.0,0.31,-0.122,9.316
0.003952231,0.31,-0.084,9.967
0.00790439,0.31,-0.122,9.928
0.011856236,0.31,-0.122,9.928
0.015808698,0.31,-0.084,9.89
0.019761,0.348,-0.122,9.928
0.02371346,0.348,-0.122,9.928
0.027665691,0.31,-0.122,9.928
0.0316181,0.31,-0.122,9.928
0.035569943,0.31,-0.122,9.89
0.039522253,0.31,-0.122,9.928
0.043474473,0.348,-0.084,9.928
0.04742732,0.271,-0.084,9.928
0.051379398,0.31,-0.122,9.89
0.055331253,0.348,-0.122,9.928
0.059283096,0.31,-0.122,9.928
0.06323533,0.31,-0.122,9.89
0.06718766,0.31,-0.122,9.89
0.07114004,0.31,-0.16,9.928
0.07509235,0.348,-0.122,9.89
0.079045214,0.31,-0.122,9.89
0.08299729,0.31,-0.122,9.89
0.086949214,0.31,-0.084,9.967
0.0909013,0.31,-0.084,9.928
0.09485392,0.31,-0.122,9.967
0.09880638,0.31,-0.122,9.89
0.10275855,0.31,-0.122,9.89
0.10671101,0.31,-0.122,9.967
0.11066385,0.348,-0.122,9.89
0.114616945,0.348,-0.122,9.928
0.11857017,0.31,-0.122,9.928
0.12252355,0.31,-0.084,9.928
0.12647639,0.31,-0.084,9.89
0.13042924,0.31,-0.122,9.928
0.13438201,0.31,-0.122,9.967
0.13833557,0.31,-0.122,9.967
0.14228934,0.271,-0.122,9.928
0.14624304,0.31,-0.122,9.89
0.15019643,0.31,-0.122,9.89
0.15414983,0.31,-0.122,9.89
0.15810275,0.31,-0.122,9.967
0.16205524,0.31,-0.122,9.928
0.16600785,0.31,-0.084,9.89
0.16996038,0.348,-0.122,9.928
0.17391293,0.31,-0.084,9.928
0.17786571,0.31,-0.122,9.967
0.18181862,0.31,-0.122,9.967
0.18577126,0.271,-0.122,9.89
0.18972388,0.348,-0.084,9.928
0.19367619,0.31,-0.084,9.89
0.1976287,0.31,-0.084,9.928
0.20158103,0.31,-0.122,9.89
0.20553325,0.31,-0.084,9.928
0.20948589,0.31,-0.122,9.928
0.21343789,0.31,-0.122,9.89
0.21738973,0.31,-0.122,9.89
0.22134167,0.31,-0.084,9.928
0.22529373,0.271,-0.084,9.928
0.22924589,0.31,-0.122,9.928
0.23319882,0.31,-0.122,9.89
0.2371509,0.31,-0.16,10.005
0.24110314,0.271,-0.122,9.852
0.24505505,0.31,-0.122,9.928
0.24900728,0.31,-0.122,9.928
0.25295967,0.31,-0.122,9.928
0.25691274,0.31,-0.084,9.928
0.26086497,0.31,-0.084,9.967
0.26481745,0.31,-0.122,9.89
0.26876965,0.31,-0.084,9.928
0.27272242,0.31,-0.16,9.89
0.27667528,0.31,-0.084,9.928
0.28062758,0.31,-0.084,9.967
