TIME,X,Y,Z
0.0,0.425,-0.505,9.928
0.003948615,0.425,-0.505,9.89
0.007897004,0.386,-0.505,9.928
0.011845543,0.425,-0.505,9.928
0.01579385,0.386,-0.467,9.928
0.019742252,0.425,-0.467,9.928
0.023691408,0.425,-0.505,9.928
0.027640251,0.425,-0.467,9.928
0.031589337,0.386,-0.505,9.967
0.035537872,0.425,-0.467,9.967
0.039486412,0.425,-0.467,9.928
0.043435324,0.386,-0.505,9.89
0.047383633,0.386,-0.467,9.928
0.051332783,0.386,-0.543,9.967
0.055281233,0.386,-0.467,9.967
0.059230156,0.425,-0.543,9.928
0.063178696,0.425,-0.505,9.967
0.06712769,0.386,-0.467,9.928
0.07107645,0.425,-0.467,9.89
0.07502499,0.386,-0.505,9.928
0.0789741,0.425,-0.467,9.89
0.08292263,0.425,-0.505,9.928
0.08687101,0.386,-0.467,9.928
0.0908195,0.425,-0.505,9.89
0.0947675,0.386,-0.467,9.928
0.098715805,0.425,-0.505,9.928
0.10266381,0.386,-0.505,9.928
0.10661235,0.386,-0.505,9.89
0.110560805,0.425,-0.505,9.928
0.11450898,0.386,-0.505,9.928
0.11845736,0.386,-0.505,10.005
0.12240597,0.386,-0.467,9.928
0.12635407,0.386,-0.505,9.928
0.13030222,0.386,-0.505,9.928
0.1342506,0.386,-0.467,9.89
0.13819952,0.386,-0.505,9.928
0.14214812,0.386,-0.505,9.967
0.14609621,0.386,-0.505,9.928
0.1500446,0.386,-0.467,9.928
0.153994,0.425,-0.505,9.89
0.15794285,0.386,-0.505,9.928
0.16189122,0.386,-0.505,9.89
0.1658393,0.386,-0.505,9.89
0.16978754,0.425,-0.505,9.928
0.17373604,0.386,-0.505,9.928
0.17768387,0.425,-0.505,9.928
0.18163225,0.386,-0.505,9.967
0.18558072,0.425,-0.543,9.928
0.18952872,0.386,-0.467,9.89
0.19347765,0.386,-0.505,9.89
0.19742572,0.386,-0.505,9.89
0.20137465,0.386,-0.467,9.89
0.20532288,0.386,-0.505,9.928
0.20927127,0.425,-0.467,9.967
0.21321957,0.425,-0.505,9.928
0.21716774,0.386,-0.505,9.967
0.2211159,0.386,-0.505,9.928
0.2250642,0.386,-0.467,9.89
0.22901306,0.386,-0.505,9.89
0.232962,0.386,-0.505,9.967
0.23691039,0.386,-0.505,9.928
0.24085853,0.386,-0.505,9.852
0.24480632,0.425,-0.505,9.928
0.24875401,0.425,-0.543,9.928
0.25270233,0.386,-0.467,9.928
0.25665078,0.386,-0.505,9.928
0.2605995,0.386,-0.505,9.928
0.26454857,0.425,-0.505,9.967
0.2684968,0.386,-0.505,9.928
0.27244493,0.425,-0.467,9.928
0.27639318,0.425,-0.467,9.89
0.28034163,0.425,-0.505,9.89
0.28428987,0.425,-0.505,9.928
