TIME,X,Y,Z
0.0,0.425,-0.505,9.89
0.00395,0.386,-0.505,9.928
0.007899681,0.386,-0.505,9.89
0.011848989,0.386,-0.467,9.928
0.015798604,0.425,-0.505,9.928
0.019748151,0.386,-0.505,9.967
0.023698151,0.386,-0.467,9.928
0.027647998,0.425,-0.505,9.928
0.03159692,0.386,-0.505,9.928
0.03554569,0.386,-0.505,9.928
0.039494306,0.386,-0.467,9.928
0.04344317,0.386,-0.467,9.89
0.047392473,0.425,-0.505,9.928
0.051341243,0.386,-0.505,9.89
0.05529026,0.425,-0.428,9.89
0.059239034,0.348,-0.505,9.928
0.06318803,0.386,-0.505,9.89
0.0671375,0.425,-0.467,9.967
0.07108658,0.386,-0.467,9.928
0.07503573,0.386,-0.505,9.967
0.07898467,0.386,-0.505,9.928
0.082933985,0.386,-0.505,9.928
0.086883135,0.386,-0.505,9.89
0.09083192,0.386,-0.505,9.928
0.09478069,0.425,-0.467,9.89
0.09872984,0.386,-0.467,9.928
0.102678925,0.348,-0.505,9.928
0.10662786,0.386,-0.467,9.89
0.11057716,0.386,-0.505,9.89
0.11452717,0.425,-0.505,9.89
0.11847687,0.386,-0.543,9.967
0.122427024,0.386,-0.505,9.928
0.12637678,0.425,-0.467,9.928
0.13032609,0.386,-0.505,9.89
0.1342757,0.386,-0.505,9.89
0.13822511,0.386,-0.505,9.89
0.14217402,0.425,-0.505,9.928
0.14612286,0.425,-0.505,9.928
0.15007173,0.386,-0.467,9.89
0.15402134,0.386,-0.505,9.928
0.15797156,0.425,-0.467,9.928
0.16192086,0.348,-0.467,9.928
0.16587079,0.386,-0.505,9.928
0.16982062,0.425,-0.505,9.928
0.1737701,0.425,-0.505,9.928
0.17771856,0.386,-0.505,9.928
0.18166725,0.386,-0.467,9.928
0.18561558,0.425,-0.505,9.928
0.18956466,0.386,-0.505,9.928
0.19351375,0.425,-0.505,9.928
0.1974627,0.386,-0.505,9.89
0.20141138,0.425,-0.505,9.89
0.20536083,0.386,-0.505,9.928
0.2093102,0.386,-0.505,9.89
0.21325935,0.425,-0.505,9.89
0.2172092,0.386,-0.467,9.928
0.2211579,0.425,-0.505,9.928
0.22510682,0.386,-0.505,9.928
0.22905643,0.386,-0.505,9.89
0.23300551,0.425,-0.505,9.852
0.23695488,0.386,-0.467,9.928
0.24090357,0.425,-0.505,9.928
0.2448528,0.386,-0.505,9.928
0.24880219,0.425,-0.505,9.967
0.25275117,0.425,-0.505,9.89
0.2567002,0.425,-0.543,9.928
0.26064917,0.425,-0.505,9.928
0.26459825,0.386,-0.467,9.89
0.2685466,0.386,-0.505,9.928
0.27249518,0.386,-0.505,9.928
0.27644455,0.425,-0.505,9.89
0.2803933,0.425,-0.505,9.89
0.28434193,0.348,-0.467,9.928
