TIME,X,Y,Z
0.0,0.425,-0.505,9.354
0.003948,0.425,-0.467,9.967
0.00789607,0.386,-0.505,9.928
0.011844609,0.386,-0.505,9.928
0.01579284,0.386,-0.505,9.928
0.019740991,0.386,-0.505,9.928
0.023688992,0.386,-0.505,9.928
0.027636684,0.425,-0.505,9.967
0.03158479,0.386,-0.467,9.928
0.035533175,0.425,-0.505,9.928
0.039480943,0.425,-0.467,9.89
0.04343033,0.425,-0.505,9.928
0.047379173,0.425,-0.467,9.89
0.051327944,0.425,-0.505,9.928
0.05527656,0.386,-0.467,9.928
0.05922456,0.425,-0.505,9.89
0.063173026,0.386,-0.505,9.89
0.06712174,0.386,-0.467,9.928
0.0710702,0.425,-0.543,9.967
0.075018734,0.425,-0.505,9.89
0.07896753,0.425,-0.505,9.928
0.08291622,0.386,-0.543,9.928
0.08686514,0.386,-0.505,9.928
0.09081423,0.386,-0.467,9.928
0.09476254,0.386,-0.505,9.928
0.098710544,0.425,-0.505,9.967
0.102658786,0.386,-0.467,9.928
0.1066074,0.386,-0.505,9.967
0.110555634,0.425,-0.505,9.928
0.11450396,0.386,-0.467,9.928
0.118452035,0.425,-0.467,9.967
0.122399345,0.386,-0.467,9.89
0.12634745,0.386,-0.505,9.928
0.13029599,0.425,-0.505,9.928
0.13424446,0.386,-0.467,9.967
0.13819253,0.386,-0.505,9.928
0.14214124,0.425,-0.505,9.89
0.14609,0.386,-0.505,9.89
0.15003806,0.386,-0.467,9.928
0.15398647,0.425,-0.505,9.928
0.15793414,0.425,-0.467,9.928
0.16188224,0.425,-0.467,9.89
0.16583031,0.386,-0.505,9.967
0.16977818,0.386,-0.505,9.928
0.17372678,0.425,-0.505,9.928
0.17767517,0.386,-0.505,9.89
0.18162371,0.386,-0.505,9.928
0.18557268,0.386,-0.505,9.89
0.18952131,0.386,-0.467,9.928
0.19347,0.386,-0.467,9.967
0.19741863,0.425,-0.505,9.928
0.20136732,0.386,-0.505,9.928
0.20531586,0.425,-0.467,9.89
0.20926468,0.425,-0.505,9.928
0.21321331,0.386,-0.467,9.928
0.2171617,0.386,-0.505,9.928
0.22111021,0.425,-0.505,9.928
0.2250589,0.386,-0.505,9.89
0.2290079,0.425,-0.467,9.89
0.23295657,0.463,-0.505,9.928
0.23690543,0.386,-0.505,9.928
0.2408538,0.386,-0.467,9.967
0.24480188,0.425,-0.467,9.852
0.24875025,0.386,-0.467,9.928
0.2526988,0.425,-0.467,9.928
0.2566477,0.425,-0.467,9.967
0.2605962,0.386,-0.505,9.928
0.26454487,0.425,-0.505,9.928
0.26849353,0.425,-0.505,9.928
0.27244183,0.425,-0.505,9.967
0.27639097,0.425,-0.505,9.928
0.2803399,0.425,-0.505,9.89
