TIME,X,Y,Z
0.0,0.463,-0.543,10.388
0.003948538,0.425,-0.467,9.737
0.007897438,0.386,-0.467,10.005
0.0118459,0.386,-0.467,9.928
0.015793823,0.425,-0.467,9.967
0.01974152,0.386,-0.467,9.928
0.023689212,0.425,-0.505,9.928
0.02763752,0.425,-0.467,9.928
0.03158561,0.386,-0.505,9.928
0.035533767,0.425,-0.505,9.928
0.039481077,0.425,-0.467,9.967
0.043428723,0.386,-0.543,9.928
0.047376417,0.386,-0.505,9.967
0.0513238,0.386,-0.505,9.928
0.055271342,0.386,-0.467,9.928
0.059219576,0.425,-0.467,9.928
0.06316742,0.386,-0.505,9.928
0.067115515,0.386,-0.467,9.928
0.07106367,0.386,-0.467,9.89
0.0750112,0.386,-0.543,9.89
0.07895937,0.386,-0.543,9.89
0.08290775,0.386,-0.505,9.967
0.0868556,0.425,-0.505,9.928
0.0908039,0.425,-0.467,9.928
0.09475181,0.425,-0.467,9.967
0.098699816,0.386,-0.505,9.967
0.102647595,0.386,-0.505,9.928
0.10659559,0.386,-0.467,9.928
0.110543825,0.386,-0.467,9.928
0.11449182,0.386,-0.505,9.89
0.1184399,0.386,-0.505,9.928
0.12238783,0.386,-0.467,9.89
0.12633559,0.425,-0.467,9.928
0.13028328,0.386,-0.505,9.967
0.13423152,0.425,-0.505,9.928
0.13817999,0.425,-0.467,9.928
0.14212845,0.425,-0.505,9.928
0.14607592,0.425,-0.467,9.928
0.15002422,0.386,-0.505,9.928
0.15397283,0.386,-0.505,9.928
0.1579213,0.425,-0.505,9.967
0.16186967,0.425,-0.505,9.89
0.16581838,0.425,-0.467,9.967
0.16976692,0.386,-0.467,9.967
0.17371516,0.386,-0.467,9.928
0.17766361,0.386,-0.505,9.928
0.18161224,0.386,-0.505,9.89
0.18556099,0.386,-0.467,9.928
0.18951,0.425,-0.505,9.928
0.19345877,0.386,-0.505,9.928
0.19740793,0.425,-0.467,9.928
0.20135662,0.386,-0.505,9.89
0.20530577,0.386,-0.505,9.89
0.209254,0.386,-0.505,9.89
0.2132023,0.386,-0.505,9.928
0.21715069,0.425,-0.505,9.928
0.22109883,0.425,-0.467,9.928
0.22504644,0.386,-0.467,9.967
0.22899476,0.425,-0.505,9.89
0.23294295,0.386,-0.467,9.967
0.23689118,0.425,-0.467,9.928
0.24083896,0.425,-0.505,9.928
0.2447871,0.386,-0.467,9.967
0.24873465,0.386,-0.505,9.89
0.25268325,0.386,-0.505,9.928
0.2566323,0.386,-0.467,9.928
0.26058084,0.386,-0.505,9.89
0.26452902,0.425,-0.467,9.928
0.26847655,0.348,-0.505,9.89
0.272425,0.386,-0.467,9.89
0.2763731,0.386,-0.505,9.928
0.28032088,0.386,-0.467,9.89
