TIME,X,Y,Z
0.0,0.386,-0.428,9.316
0.003947696,0.425,-0.467,10.005
0.007895773,0.425,-0.467,9.928
0.01184385,0.386,-0.467,9.928
0.015791552,0.425,-0.467,9.928
0.019739168,0.386,-0.505,9.928
0.023687012,0.386,-0.505,9.928
0.027635632,0.425,-0.505,9.967
0.031583324,0.386,-0.467,9.967
0.035531323,0.386,-0.467,9.967
0.03947971,0.386,-0.505,9.928
0.043428328,0.386,-0.505,9.928
0.047376946,0.386,-0.467,9.89
0.05132549,0.386,-0.467,9.928
0.055273872,0.386,-0.505,9.89
0.05922187,0.425,-0.467,9.928
0.063170105,0.348,-0.505,9.89
0.06711787,0.386,-0.467,9.928
0.07106557,0.425,-0.467,9.928
0.075012974,0.386,-0.505,9.928
0.078960516,0.425,-0.505,9.89
0.08290805,0.386,-0.505,9.967
0.08685622,0.386,-0.467,9.928
0.09080399,0.425,-0.505,9.928
0.09475214,0.425,-0.505,9.928
0.09870001,0.425,-0.505,9.967
0.10264832,0.386,-0.505,10.005
0.106596395,0.386,-0.505,9.967
0.11054508,0.425,-0.505,9.967
0.11449262,0.386,-0.505,9.89
0.11844078,0.386,-0.505,9.89
0.12238867,0.386,-0.505,9.928
0.12633674,0.386,-0.505,9.928
0.1302852,0.386,-0.505,9.967
0.13423336,0.386,-0.505,9.928
0.13818143,0.425,-0.505,9.89
0.14212905,0.386,-0.505,9.928
0.14607736,0.386,-0.505,9.89
0.15002476,0.386,-0.505,9.928
0.15397243,0.386,-0.467,9.928
0.15792021,0.386,-0.505,9.928
0.16186868,0.425,-0.428,9.967
0.16581643,0.386,-0.505,9.928
0.1697642,0.425,-0.505,9.928
0.1737125,0.425,-0.505,9.89
0.1776606,0.386,-0.505,9.852
0.18160877,0.386,-0.505,9.89
0.18555701,0.386,-0.505,9.89
0.18950547,0.425,-0.505,9.928
0.19345327,0.386,-0.505,9.967
0.19740127,0.386,-0.505,9.928
0.20134911,0.386,-0.505,9.928
0.20529713,0.386,-0.467,9.928
0.20924526,0.386,-0.505,9.89
0.21319266,0.386,-0.467,9.89
0.21714005,0.425,-0.467,9.89
0.22108759,0.425,-0.505,9.89
0.22503558,0.425,-0.505,9.967
0.22898327,0.425,-0.505,9.967
0.23293127,0.386,-0.505,9.967
0.23687948,0.386,-0.505,9.928
0.24082763,0.386,-0.467,9.928
0.24477564,0.425,-0.543,9.967
0.24872309,0.425,-0.505,9.928
0.2526709,0.386,-0.505,9.928
0.25661877,0.425,-0.505,9.928
0.26056662,0.425,-0.505,9.928
0.264515,0.425,-0.467,9.928
0.26846328,0.386,-0.467,9.928
0.2724114,0.386,-0.543,9.89
0.27635917,0.386,-0.467,9.928
0.28030723,0.386,-0.467,9.967
