TIME,X,Y,Z
0.0,0.386,-0.428,9.316
0.003948231,0.348,-0.505,10.005
0.007896023,0.348,-0.505,9.928
0.0118441,0.386,-0.505,9.928
0.015791561,0.425,-0.467,9.928
0.019739099,0.386,-0.505,9.928
0.02368779,0.386,-0.505,9.928
0.027636329,0.386,-0.505,9.928
0.031584278,0.425,-0.505,9.928
0.035531968,0.425,-0.467,9.967
0.03947966,0.425,-0.505,9.967
0.043427005,0.425,-0.467,9.928
0.047374696,0.386,-0.467,9.928
0.051322006,0.386,-0.505,9.928
0.055269334,0.425,-0.505,9.89
0.05921672,0.386,-0.467,9.928
0.06316534,0.386,-0.505,9.928
0.06711326,0.386,-0.467,9.928
0.07106118,0.386,-0.505,9.89
0.075009026,0.386,-0.505,9.928
0.078957185,0.386,-0.505,9.89
0.08290572,0.425,-0.505,9.89
0.08685349,0.386,-0.505,9.928
0.09080136,0.386,-0.505,9.928
0.094748974,0.386,-0.505,9.928
0.098697126,0.386,-0.505,9.967
0.102644786,0.386,-0.505,9.967
0.10659232,0.386,-0.505,9.928
0.110540554,0.425,-0.505,9.928
0.11448856,0.386,-0.505,9.928
0.118436255,0.386,-0.505,9.928
0.1223841,0.386,-0.505,9.928
0.12633172,0.425,-0.505,9.928
0.1302797,0.348,-0.505,9.928
0.13422757,0.386,-0.505,9.928
0.13817519,0.425,-0.467,9.89
0.14212357,0.425,-0.467,9.928
0.1460711,0.348,-0.505,9.967
0.15001896,0.425,-0.467,9.928
0.15396635,0.425,-0.505,9.967
0.15791436,0.386,-0.505,10.005
0.1618629,0.425,-0.505,9.852
0.16581106,0.425,-0.467,9.928
0.16975959,0.386,-0.505,9.89
0.1737074,0.386,-0.505,9.928
0.17765523,0.386,-0.505,9.928
0.18160285,0.425,-0.505,9.928
0.18555048,0.386,-0.505,9.928
0.1894981,0.425,-0.505,9.928
0.19344594,0.425,-0.505,9.928
0.19739388,0.425,-0.505,9.928
0.20134248,0.425,-0.467,9.967
0.20529032,0.425,-0.505,9.928
0.20923854,0.386,-0.467,9.967
0.21318631,0.386,-0.505,9.89
0.217134,0.425,-0.505,9.928
0.22108138,0.425,-0.505,9.928
0.22502899,0.386,-0.505,9.928
0.22897677,0.386,-0.505,9.928
0.23292427,0.386,-0.505,9.928
0.23687188,0.425,-0.467,9.89
0.24082005,0.386,-0.505,9.928
0.24476783,0.386,-0.505,9.967
0.24871536,0.386,-0.505,9.928
0.25266337,0.425,-0.505,9.928
0.25661123,0.386,-0.505,9.89
0.26055944,0.425,-0.467,9.928
0.26450813,0.386,-0.467,9.928
0.26845646,0.386,-0.505,9.967
0.27240428,0.425,-0.467,9.928
0.27635235,0.386,-0.505,9.967
0.28030035,0.386,-0.505,9.928
0.28424874,0.425,-0.543,9.928
