TIME,X,Y,Z
0.0,0.386,-0.467,9.737
0.003948467,0.463,-0.505,9.928
0.007896621,0.386,-0.467,9.928
0.011844851,0.425,-0.543,9.928
0.015792467,0.386,-0.467,9.928
0.019740544,0.386,-0.467,9.967
0.023688927,0.425,-0.505,9.928
0.027637389,0.425,-0.467,9.967
0.03158562,0.386,-0.505,9.928
0.035533927,0.425,-0.505,9.928
0.03948191,0.386,-0.505,9.928
0.043429527,0.425,-0.505,9.89
0.04737776,0.425,-0.505,9.967
0.051325615,0.425,-0.505,9.967
0.055274077,0.386,-0.467,9.89
0.059222303,0.386,-0.505,9.928
0.06317054,0.386,-0.467,9.928
0.06711854,0.386,-0.505,9.89
0.07106646,0.386,-0.505,9.89
0.07501471,0.425,-0.505,9.89
0.078963324,0.425,-0.505,9.928
0.08291178,0.425,-0.467,9.928
0.08685939,0.386,-0.505,9.928
0.090807475,0.425,-0.505,9.928
0.09475539,0.386,-0.505,9.928
0.09870355,0.386,-0.467,9.89
0.10265155,0.425,-0.467,9.928
0.106599554,0.425,-0.467,9.928
0.11054741,0.425,-0.505,9.967
0.11449541,0.386,-0.505,9.928
0.11844341,0.386,-0.467,9.928
0.12239125,0.386,-0.505,9.928
0.12633856,0.425,-0.505,9.967
0.13028632,0.386,-0.505,9.967
0.13423441,0.386,-0.467,9.928
0.13818225,0.386,-0.505,9.967
0.14213026,0.425,-0.505,9.928
0.1460785,0.386,-0.467,9.89
0.1500265,0.386,-0.467,9.928
0.15397465,0.386,-0.505,9.89
0.15792267,0.386,-0.467,9.928
0.16187084,0.425,-0.505,9.928
0.16581967,0.386,-0.505,9.967
0.16976847,0.425,-0.505,9.967
0.17371677,0.386,-0.505,9.89
0.17766477,0.386,-0.505,9.928
0.18161325,0.463,-0.505,9.89
0.18556125,0.386,-0.505,9.928
0.18950994,0.386,-0.505,9.928
0.19345893,0.425,-0.467,9.928
0.19740725,0.386,-0.505,9.928
0.2013557,0.386,-0.467,9.928
0.2053044,0.386,-0.505,9.928
0.20925355,0.386,-0.505,9.852
0.21320207,0.425,-0.467,9.928
0.21715087,0.425,-0.505,9.928
0.22109947,0.425,-0.467,9.928
0.22504763,0.425,-0.505,9.967
0.22899581,0.425,-0.505,9.928
0.23294434,0.425,-0.467,9.928
0.23689288,0.425,-0.505,9.89
0.24084112,0.425,-0.505,9.928
0.2447892,0.386,-0.428,9.928
0.24873772,0.386,-0.505,9.928
0.2526865,0.425,-0.467,9.967
0.25663534,0.386,-0.505,9.967
0.26058403,0.386,-0.505,9.928
0.2645332,0.386,-0.505,9.928
0.26848212,0.425,-0.505,9.928
0.27243072,0.425,-0.505,9.89
0.2763788,0.386,-0.467,9.928
0.2803266,0.425,-0.505,9.967
0.28427497,0.386,-0.505,9.89
