TIME,X,Y,Z
0.0,0.386,-0.467,9.737
0.003950254,0.386,-0.467,9.967
0.007900407,0.386,-0.543,9.928
0.011849869,0.425,-0.505,9.89
0.015799327,0.386,-0.505,9.928
0.019748788,0.425,-0.505,9.89
0.023698019,0.425,-0.467,9.928
0.0276478,0.386,-0.505,9.928
0.03159834,0.425,-0.505,9.967
0.0355478,0.425,-0.505,9.967
0.03949729,0.425,-0.467,9.928
0.043447055,0.386,-0.505,9.928
0.04739613,0.386,-0.505,9.928
0.05134516,0.386,-0.505,9.928
0.05529447,0.386,-0.505,9.928
0.059243698,0.348,-0.543,9.89
0.06319293,0.386,-0.467,9.89
0.06714208,0.386,-0.505,9.89
0.07109178,0.386,-0.505,9.928
0.07504117,0.386,-0.467,9.928
0.07899063,0.386,-0.467,9.928
0.0829404,0.386,-0.505,9.928
0.08689004,0.386,-0.505,9.928
0.090839654,0.386,-0.505,9.928
0.09478857,0.386,-0.505,9.928
0.09873766,0.386,-0.467,9.928
0.10268712,0.425,-0.543,9.89
0.1066365,0.425,-0.467,9.89
0.11058571,0.425,-0.505,9.928
0.114535406,0.386,-0.505,9.967
0.11848401,0.425,-0.505,9.967
0.12243347,0.425,-0.467,9.928
0.12638308,0.386,-0.505,9.928
0.13033247,0.386,-0.543,9.89
0.13428205,0.386,-0.505,9.967
0.1382319,0.386,-0.505,9.928
0.14218166,0.348,-0.505,9.89
0.14613098,0.463,-0.543,9.928
0.15008058,0.386,-0.467,9.928
0.15402967,0.425,-0.505,9.928
0.15797849,0.425,-0.505,9.928
0.16192803,0.425,-0.505,9.967
0.16587734,0.425,-0.505,9.928
0.1698268,0.348,-0.543,9.928
0.17377625,0.348,-0.467,9.928
0.17772596,0.386,-0.505,9.928
0.1816752,0.386,-0.505,9.928
0.18562473,0.386,-0.505,9.928
0.18957405,0.386,-0.543,9.89
0.19352388,0.425,-0.505,9.852
0.19747318,0.386,-0.467,9.928
0.2014228,0.386,-0.505,9.967
0.20537227,0.386,-0.505,9.967
0.20932204,0.425,-0.505,9.89
0.21327189,0.386,-0.467,9.928
0.21722236,0.425,-0.467,9.928
0.22117344,0.386,-0.505,9.89
0.22512366,0.386,-0.505,9.928
0.22907375,0.425,-0.543,9.89
0.23302388,0.425,-0.505,9.89
0.23697366,0.425,-0.467,9.928
0.24092309,0.386,-0.505,9.89
0.24487278,0.386,-0.467,9.89
0.24882263,0.386,-0.467,9.967
0.2527721,0.386,-0.505,9.928
0.2567217,0.386,-0.505,9.928
0.26067156,0.386,-0.505,9.967
0.2646214,0.386,-0.505,9.967
0.26857132,0.386,-0.467,9.928
0.2725214,0.425,-0.505,9.89
0.27647123,0.386,-0.467,9.928
