TIME,X,Y,Z
0.0,0.386,-0.505,9.737
0.003947681,0.386,-0.505,9.928
0.007895065,0.386,-0.467,9.89
0.011842681,0.386,-0.505,9.89
0.015790453,0.386,-0.505,9.928
0.019739067,0.425,-0.505,9.89
0.023687532,0.386,-0.505,9.928
0.027635839,0.386,-0.467,9.928
0.03158384,0.386,-0.505,9.852
0.035531685,0.386,-0.505,9.928
0.039479632,0.386,-0.505,9.928
0.043427553,0.425,-0.467,9.928
0.04737532,0.425,-0.505,9.967
0.051322956,0.425,-0.505,9.928
0.055270724,0.425,-0.505,9.928
0.059218112,0.386,-0.505,9.928
0.06316559,0.425,-0.505,9.89
0.06711366,0.386,-0.467,9.928
0.07106166,0.386,-0.505,9.89
0.07500979,0.425,-0.505,9.928
0.078958094,0.386,-0.505,9.928
0.08290633,0.425,-0.505,9.89
0.08685413,0.386,-0.505,9.928
0.09080198,0.348,-0.505,9.89
0.09474974,0.425,-0.505,9.89
0.09869745,0.386,-0.505,9.928
0.102645755,0.386,-0.505,9.928
0.10659421,0.386,-0.505,9.928
0.11054232,0.425,-0.505,9.928
0.11448978,0.463,-0.505,9.967
0.118437625,0.386,-0.505,9.967
0.12238565,0.386,-0.467,9.928
0.12633395,0.386,-0.505,9.967
0.13028187,0.386,-0.505,9.89
0.13422936,0.425,-0.467,9.89
0.13817704,0.386,-0.505,9.928
0.1421246,0.386,-0.467,9.928
0.14607272,0.386,-0.467,9.89
0.15002112,0.386,-0.505,9.89
0.15397003,0.386,-0.467,9.928
0.15791856,0.425,-0.505,9.928
0.16186664,0.386,-0.505,9.928
0.16581441,0.386,-0.505,9.928
0.16976245,0.386,-0.505,9.928
0.1737103,0.425,-0.505,9.928
0.17765792,0.386,-0.505,9.928
0.1816057,0.386,-0.467,9.89
0.18555385,0.386,-0.505,9.967
0.18950178,0.386,-0.505,9.967
0.19344996,0.386,-0.467,9.89
0.19739804,0.386,-0.505,9.814
0.20134619,0.386,-0.505,9.89
0.20529379,0.425,-0.505,9.89
0.2092415,0.425,-0.543,9.928
0.21318926,0.425,-0.467,9.928
0.21713696,0.425,-0.505,9.89
0.22108534,0.425,-0.505,9.928
0.22503334,0.425,-0.505,9.928
0.22898135,0.425,-0.467,9.89
0.23292913,0.425,-0.505,9.928
0.23687704,0.386,-0.543,9.928
0.24082503,0.386,-0.505,9.89
0.24477272,0.386,-0.505,9.89
0.2487208,0.386,-0.505,9.967
0.2526687,0.386,-0.505,9.89
0.25661677,0.386,-0.505,9.89
0.26056492,0.386,-0.467,9.852
0.26451278,0.386,-0.505,9.89
0.26846105,0.386,-0.505,9.89
0.27240884,0.425,-0.467,9.967
0.27635673,0.425,-0.467,9.89
0.28030473,0.425,-0.467,9.928
0.28425235,0.425,-0.467,9.928
