TIME,X,Y,Z
0.0,0.386,-0.467,9.928
0.003948539,0.386,-0.505,9.928
0.007896731,0.386,-0.505,9.89
0.0118455,0.425,-0.467,10.005
0.015793884,0.425,-0.467,9.928
0.019742597,0.386,-0.505,9.928
0.023691213,0.386,-0.505,9.89
0.027639441,0.386,-0.505,9.89
0.03158836,0.425,-0.505,9.89
0.035536435,0.386,-0.505,9.928
0.039484285,0.386,-0.505,9.89
0.043431915,0.386,-0.467,9.967
0.047380224,0.386,-0.505,9.967
0.051328223,0.386,-0.505,9.89
0.055276316,0.386,-0.467,9.928
0.059224624,0.386,-0.467,9.89
0.06317277,0.386,-0.505,9.89
0.06712102,0.386,-0.505,9.928
0.07106956,0.386,-0.467,9.928
0.07501871,0.425,-0.467,9.928
0.07896674,0.425,-0.505,9.928
0.08291512,0.386,-0.467,9.967
0.086862504,0.425,-0.505,9.967
0.09081029,0.425,-0.467,9.928
0.094758056,0.386,-0.467,9.89
0.09870567,0.386,-0.467,9.89
0.102653295,0.425,-0.505,9.928
0.10660153,0.386,-0.505,9.928
0.11054946,0.386,-0.467,9.89
0.114497304,0.348,-0.505,9.89
0.11844531,0.386,-0.505,9.89
0.12239369,0.386,-0.467,9.928
0.1263417,0.386,-0.505,9.928
0.13029,0.386,-0.467,9.967
0.13423815,0.386,-0.505,9.89
0.13818625,0.425,-0.505,9.852
0.14213423,0.425,-0.505,9.928
0.14608239,0.386,-0.467,9.928
0.15003045,0.425,-0.467,9.928
0.15397845,0.425,-0.467,9.928
0.1579263,0.425,-0.505,9.89
0.16187413,0.386,-0.467,9.89
0.16582175,0.386,-0.505,9.928
0.1697696,0.386,-0.467,9.852
0.17371777,0.386,-0.467,9.928
0.17766576,0.425,-0.467,9.928
0.18161383,0.425,-0.467,9.928
0.18556194,0.386,-0.467,9.928
0.18950985,0.386,-0.467,9.928
0.19345762,0.386,-0.543,9.89
0.19740544,0.386,-0.505,9.89
0.20135382,0.386,-0.467,9.89
0.20530176,0.425,-0.505,9.89
0.20924924,0.425,-0.505,9.928
0.21319671,0.386,-0.467,9.928
0.2171447,0.386,-0.467,9.928
0.22109325,0.386,-0.505,9.928
0.22504234,0.386,-0.505,9.928
0.22899157,0.425,-0.467,9.928
0.23294018,0.386,-0.505,9.928
0.23688887,0.386,-0.505,9.89
0.24083802,0.386,-0.505,9.89
0.24478702,0.425,-0.467,9.928
0.24873587,0.425,-0.505,9.928
0.25268403,0.425,-0.467,9.89
0.25663188,0.386,-0.467,9.967
0.2605797,0.425,-0.505,9.928
0.2645275,0.386,-0.505,9.967
0.26847586,0.425,-0.505,9.928
0.272424,0.425,-0.543,9.928
0.27637225,0.425,-0.467,9.928
0.28032094,0.425,-0.467,9.928
0.2842696,0.386,-0.505,9.928
