TIME,X,Y,Z
0.0,0.348,-0.428,9.277
0.003949231,0.463,-0.467,9.967
0.00789722,0.425,-0.505,9.928
0.01184545,0.425,-0.467,9.928
0.015793527,0.386,-0.467,9.928
0.019741906,0.386,-0.467,9.89
0.023689905,0.425,-0.505,9.89
0.027637444,0.386,-0.505,9.928
0.031585284,0.386,-0.467,9.928
0.03553344,0.386,-0.505,9.928
0.03948159,0.386,-0.505,9.89
0.04343016,0.386,-0.467,9.928
0.047378544,0.386,-0.467,9.928
0.051326465,0.425,-0.505,9.89
0.055274937,0.386,-0.505,9.89
0.059222937,0.386,-0.505,9.928
0.063171014,0.425,-0.543,9.928
0.06711949,0.386,-0.505,9.928
0.07106726,0.386,-0.467,9.928
0.075015254,0.425,-0.467,9.928
0.0789645,0.425,-0.428,9.928
0.08291335,0.386,-0.467,9.928
0.08686096,0.386,-0.467,9.928
0.09080921,0.386,-0.467,9.928
0.094756894,0.425,-0.505,9.928
0.09870467,0.386,-0.505,9.928
0.10265253,0.386,-0.467,9.928
0.10660014,0.425,-0.505,9.89
0.110548146,0.425,-0.505,9.967
0.11449616,0.425,-0.505,9.928
0.11844462,0.386,-0.505,9.928
0.12239331,0.425,-0.467,9.967
0.12634163,0.386,-0.505,9.928
0.13028985,0.386,-0.505,9.89
0.13423793,0.425,-0.505,9.928
0.1381861,0.425,-0.467,9.928
0.1421344,0.348,-0.505,9.928
0.14608233,0.425,-0.467,9.928
0.15003046,0.386,-0.505,10.005
0.15397893,0.348,-0.505,9.967
0.15792717,0.386,-0.467,9.928
0.1618751,0.386,-0.505,9.928
0.16582327,0.386,-0.505,9.928
0.16977118,0.386,-0.467,9.89
0.17371957,0.386,-0.505,9.928
0.1776685,0.425,-0.467,9.928
0.18161713,0.348,-0.505,9.928
0.18556559,0.386,-0.505,9.89
0.18951389,0.425,-0.505,9.967
0.19346213,0.386,-0.505,9.967
0.19741051,0.425,-0.505,9.928
0.20135836,0.425,-0.505,9.967
0.20530668,0.386,-0.505,9.967
0.20925467,0.386,-0.467,9.967
0.21320267,0.425,-0.505,9.928
0.2171506,0.425,-0.505,9.89
0.22109875,0.386,-0.467,9.89
0.22504729,0.386,-0.505,9.89
0.22899576,0.386,-0.505,9.928
0.23294404,0.386,-0.467,9.928
0.2368922,0.386,-0.467,9.928
0.2408409,0.425,-0.505,9.928
0.2447893,0.425,-0.505,9.89
0.24873807,0.386,-0.467,9.928
0.25268653,0.425,-0.505,9.928
0.25663498,0.386,-0.467,9.928
0.26058343,0.386,-0.505,9.928
0.26453197,0.386,-0.505,9.928
0.26847997,0.386,-0.505,9.89
0.27242792,0.386,-0.467,9.89
0.2763769,0.386,-0.505,9.89
0.28032562,0.386,-0.505,9.967
0.2842745,0.425,-0.505,9.967
