TIME,X,Y,Z
0.0,0.386,-0.505,9.89
0.003949231,0.386,-0.467,9.928
0.007898927,0.386,-0.467,9.967
0.011848389,0.386,-0.505,9.928
0.015797159,0.386,-0.505,9.89
0.019745782,0.386,-0.467,9.89
0.023695704,0.386,-0.505,9.967
0.027645169,0.425,-0.505,9.967
0.03159455,0.425,-0.505,10.005
0.0355437,0.386,-0.505,9.928
0.03949293,0.386,-0.505,9.928
0.043442413,0.386,-0.467,9.89
0.047391873,0.425,-0.505,9.928
0.051341105,0.425,-0.467,9.89
0.055290513,0.386,-0.505,9.928
0.059239745,0.425,-0.467,9.89
0.06318882,0.386,-0.505,9.967
0.0671389,0.386,-0.505,9.928
0.07108845,0.386,-0.505,9.89
0.075037755,0.386,-0.467,9.928
0.07898715,0.386,-0.505,9.89
0.08293661,0.386,-0.467,9.928
0.086885534,0.386,-0.505,9.928
0.090835,0.386,-0.505,9.89
0.09478462,0.425,-0.467,9.928
0.098734304,0.386,-0.467,9.928
0.10268409,0.386,-0.505,9.928
0.1066337,0.348,-0.467,9.928
0.110583544,0.386,-0.505,9.89
0.11453209,0.425,-0.505,9.89
0.11848124,0.386,-0.543,9.89
0.12243001,0.386,-0.505,9.928
0.12637927,0.386,-0.505,9.928
0.1303282,0.386,-0.505,9.928
0.13427673,0.425,-0.505,9.928
0.13822573,0.425,-0.467,9.928
0.14217472,0.386,-0.467,9.928
0.1461245,0.348,-0.505,9.928
0.15007359,0.425,-0.505,9.928
0.15402257,0.386,-0.467,9.928
0.15797205,0.386,-0.467,9.928
0.16192134,0.425,-0.467,9.928
0.16587058,0.386,-0.505,9.928
0.16982013,0.425,-0.505,9.928
0.17376898,0.425,-0.467,9.928
0.17771782,0.425,-0.505,9.928
0.1816672,0.386,-0.505,9.928
0.18561694,0.386,-0.467,9.89
0.1895658,0.386,-0.543,9.89
0.19351478,0.386,-0.467,9.928
0.1974645,0.386,-0.505,9.928
0.20141397,0.425,-0.505,9.928
0.20536312,0.386,-0.505,9.89
0.20931205,0.425,-0.467,9.928
0.21326128,0.386,-0.543,9.928
0.21721089,0.425,-0.505,9.928
0.22116053,0.386,-0.505,9.967
0.22511022,0.386,-0.505,9.967
0.22906014,0.425,-0.505,9.928
0.23300958,0.386,-0.467,9.928
0.23695898,0.386,-0.467,9.967
0.24090835,0.386,-0.467,9.928
0.24485803,0.386,-0.467,9.89
0.24880734,0.425,-0.505,9.89
0.25275627,0.425,-0.505,9.967
0.25670543,0.386,-0.505,9.928
0.26065466,0.425,-0.505,9.89
0.26460412,0.386,-0.543,9.967
0.26855356,0.425,-0.505,9.928
0.27250287,0.386,-0.505,9.928
0.2764521,0.386,-0.505,9.928
0.28040174,0.386,-0.505,9.928
