TIME,X,Y,Z
0.0,0.386,-0.467,9.737
0.00394846,0.386,-0.505,9.967
0.007896845,0.386,-0.505,9.928
0.011844691,0.425,-0.505,9.852
0.015792985,0.425,-0.467,9.852
0.01974083,0.425,-0.505,9.928
0.023689214,0.386,-0.505,9.967
0.027638117,0.386,-0.505,9.928
0.031586114,0.348,-0.467,9.928
0.03553381,0.386,-0.467,9.928
0.03948174,0.386,-0.505,9.928
0.04342943,0.386,-0.505,9.928
0.0473772,0.386,-0.467,9.89
0.05132552,0.386,-0.467,9.89
0.055273753,0.386,-0.467,9.928
0.059222363,0.386,-0.467,9.928
0.063170746,0.386,-0.467,9.928
0.06711882,0.425,-0.467,9.89
0.07106667,0.386,-0.467,9.928
0.07501446,0.386,-0.467,9.928
0.07896245,0.425,-0.467,9.928
0.08291122,0.386,-0.505,9.928
0.086859934,0.386,-0.467,9.928
0.090809084,0.348,-0.505,9.928
0.09475755,0.386,-0.467,9.928
0.09870626,0.425,-0.467,9.89
0.10265472,0.425,-0.505,9.928
0.106603265,0.425,-0.505,9.928
0.11055187,0.386,-0.505,9.928
0.11450034,0.386,-0.467,9.928
0.11844864,0.386,-0.505,9.967
0.12239702,0.386,-0.505,9.928
0.12634571,0.386,-0.505,9.928
0.13029441,0.386,-0.467,9.89
0.13424303,0.386,-0.467,9.928
0.13819125,0.425,-0.467,9.89
0.14213894,0.386,-0.505,9.89
0.14608717,0.425,-0.505,9.89
0.15003525,0.348,-0.505,9.928
0.15398309,0.425,-0.467,9.928
0.15793157,0.386,-0.467,9.928
0.16187997,0.386,-0.505,9.967
0.16582857,0.425,-0.505,9.928
0.1697772,0.425,-0.467,9.89
0.1737259,0.386,-0.467,9.89
0.17767413,0.386,-0.467,9.967
0.18162324,0.425,-0.467,9.852
0.185572,0.425,-0.467,9.89
0.18952061,0.386,-0.467,9.928
0.19346917,0.425,-0.467,9.89
0.19741741,0.425,-0.505,9.928
0.20136517,0.425,-0.505,9.928
0.20531349,0.386,-0.505,9.967
0.20926157,0.425,-0.505,9.928
0.2132101,0.386,-0.505,9.967
0.21715873,0.425,-0.505,9.928
0.22110704,0.386,-0.505,9.967
0.22505528,0.425,-0.505,9.89
0.22900343,0.386,-0.505,9.928
0.23295073,0.386,-0.505,9.928
0.23689844,0.425,-0.467,9.928
0.24084656,0.425,-0.467,9.928
0.24479447,0.386,-0.467,9.928
0.24874257,0.425,-0.467,9.928
0.25269073,0.386,-0.505,9.89
0.2566388,0.386,-0.505,10.005
0.26058733,0.425,-0.505,9.89
0.26453573,0.386,-0.467,9.928
0.26848465,0.386,-0.467,9.928
0.27243334,0.425,-0.505,9.928
0.27638218,0.425,-0.505,9.89
0.2803311,0.386,-0.467,9.928
