TIME,X,Y,Z
0.0,0.386,-0.467,9.737
0.003948683,0.386,-0.505,9.967
0.007897683,0.425,-0.505,9.928
0.011846991,0.386,-0.505,9.89
0.01579629,0.386,-0.467,9.928
0.019744985,0.386,-0.505,9.928
0.023693444,0.425,-0.505,9.967
0.027642133,0.386,-0.505,9.967
0.031590592,0.386,-0.543,9.89
0.03553936,0.425,-0.505,9.89
0.039487753,0.386,-0.505,9.89
0.043436904,0.386,-0.505,9.89
0.047386136,0.425,-0.467,9.928
0.05133476,0.425,-0.505,9.928
0.05528376,0.425,-0.505,9.967
0.05923245,0.425,-0.505,9.928
0.06318145,0.425,-0.467,9.89
0.06713022,0.386,-0.467,9.928
0.07107853,0.425,-0.505,9.928
0.075027704,0.348,-0.467,9.89
0.07897632,0.386,-0.505,9.928
0.08292571,0.386,-0.505,9.928
0.08687478,0.386,-0.467,9.928
0.090823784,0.386,-0.505,9.928
0.09477309,0.425,-0.505,9.928
0.0987218,0.386,-0.467,9.928
0.1026708,0.425,-0.505,9.967
0.10661964,0.425,-0.505,9.928
0.11056786,0.425,-0.467,9.89
0.114516705,0.386,-0.505,9.928
0.118465014,0.425,-0.505,9.967
0.122414,0.425,-0.505,9.928
0.12636262,0.386,-0.467,9.928
0.13031124,0.386,-0.505,9.928
0.13425998,0.386,-0.505,9.852
0.13820851,0.386,-0.505,9.928
0.14215775,0.386,-0.505,9.89
0.1461069,0.386,-0.505,9.928
0.15005559,0.386,-0.505,9.928
0.15400442,0.386,-0.505,9.89
0.15795304,0.386,-0.505,9.928
0.16190143,0.386,-0.505,9.928
0.16585082,0.386,-0.505,9.89
0.16979888,0.386,-0.467,9.89
0.17374735,0.425,-0.467,9.928
0.17769572,0.386,-0.505,9.967
0.18164417,0.386,-0.505,9.967
0.18559256,0.386,-0.505,9.967
0.18954103,0.386,-0.505,9.928
0.19348955,0.386,-0.467,9.928
0.19743818,0.386,-0.505,9.928
0.20138663,0.386,-0.467,9.928
0.20533486,0.348,-0.505,9.967
0.20928349,0.425,-0.505,9.928
0.21323201,0.386,-0.505,9.967
0.2171807,0.386,-0.505,9.967
0.22112948,0.386,-0.505,9.928
0.22507802,0.425,-0.505,9.928
0.229027,0.425,-0.505,9.928
0.23297608,0.386,-0.505,9.928
0.23692547,0.386,-0.505,9.89
0.24087514,0.425,-0.505,9.89
0.24482445,0.386,-0.505,9.89
0.24877305,0.425,-0.505,9.89
0.25272176,0.386,-0.505,9.89
0.25667036,0.386,-0.505,9.928
0.26061875,0.425,-0.505,9.967
0.26456797,0.425,-0.505,9.89
0.268517,0.348,-0.467,9.89
0.27246538,0.425,-0.505,9.89
0.27641445,0.425,-0.505,9.928
0.28036314,0.386,-0.505,9.89
0.28431183,0.425,-0.505,9.89
0.28826067,0.348,-0.505,9.89
