TIME,X,Y,Z
0.0,0.386,-0.467,9.737
0.003948077,0.386,-0.467,9.852
0.007896005,0.386,-0.467,9.967
0.011843852,0.386,-0.505,9.89
0.015791621,0.386,-0.467,9.928
0.019739846,0.425,-0.467,9.928
0.023687692,0.425,-0.505,9.89
0.027635,0.425,-0.505,9.89
0.031583235,0.386,-0.505,9.928
0.035531465,0.386,-0.505,9.928
0.039479695,0.386,-0.505,9.89
0.043428,0.425,-0.467,9.928
0.047376383,0.386,-0.505,9.928
0.051324077,0.425,-0.505,9.89
0.05527199,0.386,-0.505,9.928
0.059220683,0.386,-0.467,9.89
0.063168995,0.386,-0.467,9.89
0.06711691,0.386,-0.505,9.89
0.07106461,0.425,-0.505,9.89
0.07501222,0.386,-0.505,9.89
0.07895989,0.386,-0.505,9.928
0.082907505,0.425,-0.467,9.928
0.08685512,0.425,-0.467,9.928
0.090802945,0.386,-0.505,9.928
0.09475087,0.386,-0.505,9.928
0.09869871,0.425,-0.505,9.89
0.10264688,0.425,-0.467,9.967
0.10659457,0.386,-0.467,9.89
0.11054227,0.425,-0.505,9.928
0.11449021,0.425,-0.505,9.928
0.11843836,0.425,-0.505,9.928
0.12238667,0.386,-0.543,9.89
0.12633489,0.386,-0.505,9.89
0.13028304,0.386,-0.505,9.89
0.13423073,0.386,-0.467,9.928
0.13817835,0.386,-0.543,9.928
0.14212589,0.425,-0.505,9.928
0.14607334,0.386,-0.467,9.928
0.15002082,0.386,-0.505,9.928
0.15396835,0.386,-0.467,9.928
0.15791558,0.386,-0.505,9.967
0.16186312,0.386,-0.467,9.928
0.1658109,0.348,-0.505,9.928
0.1697595,0.425,-0.467,9.928
0.17370829,0.425,-0.505,9.928
0.17765667,0.386,-0.505,9.928
0.1816053,0.386,-0.505,9.928
0.18555331,0.425,-0.505,9.928
0.18950109,0.425,-0.505,9.928
0.19344825,0.386,-0.505,9.928
0.19739588,0.386,-0.505,9.928
0.20134372,0.386,-0.505,9.928
0.20529133,0.386,-0.505,9.928
0.20923924,0.425,-0.467,9.928
0.21318749,0.386,-0.543,9.89
0.21713603,0.386,-0.505,9.89
0.22108482,0.386,-0.467,9.928
0.22503327,0.386,-0.505,9.928
0.22898205,0.425,-0.505,9.928
0.23292997,0.425,-0.505,9.928
0.2368782,0.425,-0.505,9.928
0.24082597,0.386,-0.467,9.89
0.24477369,0.386,-0.505,9.928
0.24872154,0.386,-0.467,9.967
0.2526693,0.386,-0.505,9.928
0.2566173,0.386,-0.467,9.928
0.26056463,0.425,-0.505,9.89
0.26451233,0.386,-0.505,9.89
0.26846,0.386,-0.467,9.89
0.27240744,0.348,-0.467,9.928
0.27635524,0.386,-0.505,9.928
0.2803026,0.348,-0.505,9.928
0.28424978,0.386,-0.505,9.928
