TIME,X,Y,Z
0.0,0.348,-0.505,9.89
0.003949077,0.386,-0.467,9.89
0.007897317,0.425,-0.467,9.967
0.011845471,0.386,-0.505,9.89
0.015793394,0.348,-0.467,9.928
0.019741109,0.386,-0.505,9.89
0.023689415,0.386,-0.467,9.928
0.027637724,0.386,-0.505,9.89
0.031585656,0.425,-0.467,9.928
0.035533812,0.386,-0.467,9.928
0.03948181,0.425,-0.505,9.928
0.043430343,0.386,-0.505,9.928
0.047378343,0.425,-0.467,9.928
0.051326346,0.386,-0.467,9.928
0.055273805,0.386,-0.467,9.89
0.05922119,0.425,-0.467,9.967
0.063169494,0.386,-0.467,9.89
0.06711793,0.386,-0.505,9.89
0.07106585,0.386,-0.467,9.928
0.075014465,0.425,-0.467,9.928
0.078963034,0.348,-0.505,9.89
0.082911186,0.386,-0.505,9.928
0.08685972,0.425,-0.467,9.928
0.09080742,0.386,-0.467,9.89
0.094755195,0.425,-0.467,9.928
0.09870296,0.386,-0.467,9.928
0.10265066,0.386,-0.467,9.967
0.10659842,0.425,-0.467,9.928
0.110546574,0.386,-0.467,9.928
0.11449466,0.386,-0.505,9.89
0.11844312,0.386,-0.505,9.89
0.12239135,0.386,-0.467,9.89
0.12633975,0.386,-0.467,9.928
0.13028875,0.386,-0.505,9.928
0.13423783,0.425,-0.505,9.89
0.13818698,0.425,-0.467,9.89
0.14213605,0.386,-0.467,9.928
0.14608474,0.425,-0.505,9.89
0.15003334,0.425,-0.467,9.928
0.1539815,0.425,-0.505,9.928
0.15792997,0.386,-0.505,9.928
0.1618776,0.348,-0.505,9.967
0.16582598,0.386,-0.467,9.928
0.1697742,0.425,-0.505,9.928
0.17372224,0.386,-0.467,9.928
0.17766994,0.386,-0.505,9.928
0.18161924,0.386,-0.505,9.89
0.18556872,0.425,-0.467,9.928
0.1895181,0.386,-0.467,9.967
0.19346756,0.386,-0.467,9.928
0.19741681,0.348,-0.505,9.928
0.2013652,0.386,-0.505,9.89
0.20531367,0.425,-0.505,9.89
0.20926212,0.425,-0.505,9.967
0.2132108,0.386,-0.505,9.928
0.21715857,0.386,-0.467,9.928
0.22110628,0.425,-0.505,9.89
0.22505412,0.425,-0.505,9.967
0.22900236,0.386,-0.505,9.967
0.23295054,0.463,-0.505,9.967
0.23689908,0.386,-0.467,9.928
0.24084777,0.386,-0.505,9.967
0.24479693,0.425,-0.467,9.967
0.24874546,0.425,-0.467,9.928
0.25269416,0.386,-0.505,9.928
0.2566431,0.386,-0.505,9.928
0.26059115,0.386,-0.505,9.928
0.26453906,0.425,-0.467,9.928
0.26848713,0.425,-0.467,9.89
0.27243528,0.386,-0.505,9.928
0.27638313,0.386,-0.505,9.928
0.2803308,0.386,-0.467,9.928
0.28427854,0.386,-0.505,9.89
