TIME,X,Y,Z
0.0,0.348,-0.428,9.316
0.003949068,0.386,-0.505,9.967
0.00789876,0.386,-0.505,9.89
0.011848068,0.386,-0.467,9.89
0.015797134,0.425,-0.505,9.928
0.01974598,0.425,-0.543,9.89
0.023695905,0.425,-0.467,9.967
0.027645197,0.425,-0.505,9.928
0.031594656,0.386,-0.505,9.928
0.035543736,0.425,-0.505,9.928
0.03949287,0.425,-0.543,9.89
0.043442104,0.425,-0.505,9.928
0.047390796,0.425,-0.505,9.928
0.05133973,0.425,-0.505,9.928
0.05528912,0.386,-0.467,9.928
0.059238806,0.348,-0.505,9.89
0.063188605,0.386,-0.543,9.89
0.067138374,0.386,-0.505,9.928
0.07108784,0.425,-0.505,9.89
0.07503669,0.386,-0.467,9.928
0.07898547,0.425,-0.505,9.928
0.08293477,0.425,-0.505,9.928
0.08688397,0.425,-0.505,9.928
0.0908332,0.425,-0.505,9.967
0.09478213,0.386,-0.505,9.967
0.098731734,0.425,-0.505,9.928
0.10268096,0.425,-0.505,9.89
0.106630355,0.386,-0.505,9.89
0.110579655,0.386,-0.467,9.928
0.11452889,0.386,-0.505,9.89
0.11847766,0.386,-0.505,9.928
0.12242657,0.386,-0.505,9.928
0.12637588,0.425,-0.505,9.928
0.13032542,0.425,-0.505,9.967
0.13427487,0.386,-0.505,9.928
0.13822433,0.425,-0.505,9.928
0.14217319,0.386,-0.505,9.928
0.14612241,0.425,-0.505,9.967
0.15007156,0.386,-0.505,9.967
0.15402064,0.386,-0.467,9.89
0.15796979,0.386,-0.467,9.967
0.1619188,0.386,-0.505,9.928
0.16586795,0.425,-0.505,9.967
0.16981715,0.425,-0.505,9.928
0.17376652,0.425,-0.505,9.928
0.17771615,0.386,-0.505,9.928
0.18166547,0.425,-0.505,9.967
0.18561454,0.425,-0.505,9.967
0.18956363,0.386,-0.467,9.928
0.19351263,0.425,-0.467,9.967
0.19746204,0.386,-0.505,9.928
0.20141119,0.386,-0.505,9.928
0.20536052,0.386,-0.505,9.928
0.20930944,0.425,-0.505,9.967
0.21325876,0.386,-0.505,9.928
0.2172078,0.425,-0.505,9.928
0.22115728,0.386,-0.505,9.89
0.22510682,0.386,-0.505,9.89
0.22905649,0.386,-0.467,9.928
0.23300551,0.386,-0.505,9.89
0.23695542,0.425,-0.505,9.928
0.2409051,0.425,-0.505,9.967
0.24485472,0.386,-0.505,9.928
0.24880426,0.386,-0.467,9.928
0.25275385,0.386,-0.505,9.928
0.25670347,0.386,-0.467,9.89
0.26065332,0.386,-0.505,9.89
0.26460263,0.386,-0.505,9.928
0.268552,0.386,-0.505,9.928
0.27250108,0.386,-0.505,9.928
0.2764503,0.386,-0.505,9.89
0.28039944,0.386,-0.505,9.928
