TIME,X,Y,Z
0.0,0.348,-0.467,9.699
0.003948302,0.386,-0.467,9.928
0.007896917,0.386,-0.505,9.928
0.011845071,0.386,-0.505,9.928
0.01579293,0.425,-0.467,9.89
0.019741775,0.386,-0.505,9.928
0.023690622,0.425,-0.467,9.928
0.027639193,0.425,-0.467,9.89
0.031587966,0.425,-0.505,9.928
0.0355365,0.425,-0.505,9.928
0.039485283,0.425,-0.467,9.928
0.043433823,0.425,-0.467,9.89
0.04738244,0.425,-0.467,9.928
0.051330596,0.386,-0.467,9.928
0.055278823,0.386,-0.505,9.852
0.059226904,0.386,-0.467,9.928
0.06317607,0.386,-0.505,9.928
0.06712514,0.386,-0.505,9.967
0.07107392,0.386,-0.505,9.928
0.07502207,0.425,-0.505,9.928
0.07897039,0.425,-0.505,9.928
0.08291838,0.386,-0.505,9.928
0.08686663,0.386,-0.505,9.928
0.090814784,0.425,-0.505,9.928
0.09476302,0.425,-0.505,9.928
0.09871118,0.386,-0.467,9.89
0.102659404,0.425,-0.505,9.967
0.106607325,0.386,-0.467,9.928
0.11055504,0.386,-0.467,9.967
0.11450296,0.386,-0.467,9.89
0.11845134,0.386,-0.505,9.928
0.122399494,0.386,-0.505,9.89
0.12634765,0.425,-0.505,9.967
0.13029572,0.425,-0.505,9.928
0.13424294,0.386,-0.467,9.967
0.13819103,0.425,-0.505,9.928
0.14213902,0.386,-0.505,9.89
0.14608742,0.386,-0.543,9.928
0.15003528,0.348,-0.505,9.928
0.1539835,0.386,-0.505,9.89
0.15793128,0.425,-0.505,9.89
0.16187906,0.348,-0.505,9.89
0.16582714,0.386,-0.467,9.928
0.16977546,0.386,-0.467,9.928
0.17372362,0.425,-0.505,9.928
0.17767176,0.386,-0.467,9.928
0.18161993,0.386,-0.467,9.89
0.18556824,0.386,-0.505,9.928
0.18951608,0.386,-0.505,9.928
0.19346477,0.386,-0.505,9.928
0.19741277,0.386,-0.505,9.967
0.20136085,0.386,-0.505,9.928
0.20530903,0.386,-0.505,9.928
0.20925704,0.386,-0.467,9.928
0.21320528,0.425,-0.505,9.928
0.21715416,0.425,-0.467,9.967
0.22110255,0.386,-0.505,9.928
0.22505054,0.386,-0.467,9.89
0.2289983,0.425,-0.505,9.928
0.23294592,0.425,-0.505,9.967
0.23689416,0.386,-0.467,9.928
0.24084252,0.425,-0.505,9.89
0.24479091,0.386,-0.505,9.928
0.24873954,0.425,-0.467,9.928
0.25268862,0.386,-0.505,9.928
0.25663716,0.386,-0.467,9.89
0.26058623,0.386,-0.467,9.928
0.26453438,0.386,-0.467,9.89
0.26848283,0.425,-0.467,9.928
0.2724321,0.386,-0.505,9.89
0.27638125,0.386,-0.505,9.967
0.28033024,0.386,-0.543,9.928
