TIME,X,Y,Z
0.0,0.348,-0.428,9.316
0.003947693,0.386,-0.467,9.967
0.007895677,0.425,-0.467,9.928
0.011843984,0.386,-0.505,9.89
0.0157926,0.425,-0.467,9.89
0.01974044,0.386,-0.505,9.928
0.023688287,0.386,-0.467,9.89
0.027636131,0.386,-0.505,9.928
0.031584144,0.425,-0.467,9.928
0.035532143,0.386,-0.505,9.928
0.039479993,0.425,-0.467,9.89
0.043427832,0.463,-0.467,9.89
0.047374982,0.386,-0.543,9.928
0.0513226,0.386,-0.467,9.928
0.055270296,0.425,-0.467,9.89
0.059218835,0.386,-0.467,9.928
0.06316653,0.386,-0.505,9.89
0.06711462,0.386,-0.467,9.928
0.07106271,0.386,-0.467,9.928
0.07501124,0.386,-0.505,9.928
0.078958966,0.386,-0.467,9.928
0.08290742,0.386,-0.505,9.89
0.086855195,0.386,-0.467,9.928
0.090802655,0.386,-0.467,9.89
0.09475019,0.425,-0.467,9.89
0.098698355,0.386,-0.505,9.89
0.10264558,0.386,-0.467,9.928
0.10659305,0.425,-0.467,9.928
0.11054028,0.425,-0.467,9.89
0.11448769,0.386,-0.505,9.928
0.11843524,0.386,-0.467,9.928
0.12238324,0.386,-0.467,9.928
0.12633118,0.425,-0.467,9.89
0.13027903,0.386,-0.505,9.967
0.13422702,0.386,-0.467,9.928
0.13817447,0.386,-0.505,9.928
0.14212248,0.386,-0.505,9.928
0.14607026,0.386,-0.467,9.928
0.15001826,0.386,-0.467,9.928
0.15396649,0.386,-0.505,9.928
0.15791418,0.386,-0.505,9.928
0.16186272,0.386,-0.505,9.89
0.16581118,0.425,-0.505,9.928
0.16975941,0.348,-0.505,9.928
0.17370711,0.425,-0.467,9.928
0.17765443,0.425,-0.505,9.967
0.18160295,0.425,-0.467,9.967
0.18555084,0.425,-0.505,9.89
0.18949853,0.386,-0.505,9.928
0.19344729,0.386,-0.467,9.852
0.19739608,0.386,-0.467,9.89
0.20134468,0.386,-0.505,9.967
0.20529246,0.348,-0.505,9.928
0.20923993,0.425,-0.505,9.928
0.21318732,0.386,-0.467,9.89
0.21713486,0.386,-0.467,9.928
0.22108252,0.386,-0.467,9.928
0.22503023,0.425,-0.467,9.928
0.22897762,0.386,-0.467,9.967
0.23292553,0.386,-0.467,9.928
0.23687369,0.386,-0.505,9.928
0.24082176,0.348,-0.467,9.928
0.24476914,0.386,-0.467,9.928
0.24871667,0.386,-0.467,9.89
0.2526643,0.386,-0.467,9.967
0.2566113,0.425,-0.467,9.89
0.26055914,0.386,-0.467,9.928
0.26450652,0.425,-0.467,9.89
0.26845416,0.425,-0.505,9.928
0.27240172,0.386,-0.505,9.928
0.2763492,0.386,-0.505,9.928
0.28029713,0.425,-0.505,9.928
