TIME,X,Y,Z
0.0,0.386,-0.505,9.89
0.003948067,0.386,-0.467,9.928
0.007895836,0.386,-0.505,9.89
0.011843836,0.386,-0.467,9.89
0.015792549,0.425,-0.505,9.967
0.019741086,0.386,-0.505,9.928
0.023689548,0.386,-0.505,9.928
0.027637623,0.386,-0.505,9.928
0.031586006,0.425,-0.467,9.928
0.035534624,0.386,-0.505,9.928
0.039483063,0.386,-0.505,9.928
0.043431528,0.425,-0.505,9.928
0.04738022,0.386,-0.467,9.89
0.05132839,0.425,-0.505,9.852
0.055277545,0.386,-0.467,9.89
0.05922624,0.386,-0.467,9.967
0.06317479,0.425,-0.467,9.928
0.06712309,0.386,-0.505,9.928
0.07107095,0.425,-0.467,9.928
0.07501925,0.386,-0.505,9.928
0.07896764,0.386,-0.505,9.928
0.08291564,0.386,-0.467,9.967
0.08686457,0.386,-0.505,9.928
0.09081303,0.386,-0.505,9.89
0.0947608,0.425,-0.505,9.928
0.098708354,0.425,-0.467,9.928
0.10265635,0.425,-0.467,9.967
0.10660451,0.425,-0.467,9.89
0.110552594,0.386,-0.467,9.928
0.11450106,0.386,-0.467,9.928
0.11844897,0.386,-0.505,9.928
0.12239687,0.386,-0.467,9.928
0.12634487,0.386,-0.467,9.89
0.13029271,0.386,-0.467,9.89
0.13424125,0.425,-0.505,9.928
0.13818933,0.425,-0.467,9.967
0.14213724,0.386,-0.505,9.967
0.14608525,0.386,-0.505,9.967
0.15003425,0.386,-0.467,9.967
0.15398271,0.386,-0.467,9.928
0.15793109,0.425,-0.467,9.928
0.16187917,0.386,-0.505,9.928
0.16582723,0.425,-0.505,9.89
0.16977558,0.386,-0.505,9.928
0.1737241,0.425,-0.467,9.928
0.17767195,0.425,-0.505,9.928
0.18162112,0.386,-0.505,9.967
0.18556975,0.386,-0.467,9.928
0.18951812,0.425,-0.505,9.89
0.19346681,0.386,-0.505,9.89
0.19741514,0.425,-0.467,9.89
0.20136367,0.386,-0.505,9.967
0.20531152,0.386,-0.505,9.928
0.20925966,0.425,-0.467,10.005
0.21320774,0.425,-0.505,9.967
0.21715574,0.386,-0.467,9.89
0.22110389,0.386,-0.505,9.89
0.22505213,0.425,-0.467,9.89
0.22899997,0.425,-0.505,9.928
0.23294844,0.386,-0.467,9.967
0.23689613,0.386,-0.505,9.89
0.24084403,0.425,-0.505,9.928
0.24479212,0.425,-0.467,9.928
0.24874035,0.425,-0.505,9.89
0.25268865,0.425,-0.467,9.928
0.2566365,0.425,-0.505,9.967
0.26058465,0.386,-0.467,9.967
0.26453236,0.348,-0.505,9.967
0.2684804,0.386,-0.505,9.852
0.27242845,0.425,-0.505,9.928
0.27637643,0.386,-0.505,9.928
0.28032404,0.386,-0.467,9.928
0.2842715,0.425,-0.467,9.852
