TIME,X,Y,Z
0.0,0.348,-0.543,9.737
0.003949297,0.425,-0.467,9.928
0.007898836,0.386,-0.505,9.967
0.011848221,0.386,-0.467,9.928
0.015797716,0.425,-0.505,9.928
0.019746792,0.386,-0.505,9.928
0.02369533,0.425,-0.505,9.928
0.027644671,0.386,-0.505,9.928
0.03159329,0.386,-0.467,9.928
0.035542823,0.386,-0.505,9.967
0.03949134,0.425,-0.467,9.928
0.043439724,0.386,-0.505,9.967
0.04738849,0.386,-0.467,9.928
0.051337875,0.386,-0.505,9.928
0.055287417,0.386,-0.505,9.928
0.059236724,0.425,-0.505,9.928
0.06318574,0.425,-0.467,9.89
0.06713435,0.425,-0.467,9.928
0.07108312,0.386,-0.505,9.928
0.07503182,0.386,-0.543,9.89
0.07898059,0.386,-0.505,9.967
0.082929894,0.386,-0.467,9.928
0.08687913,0.348,-0.505,9.967
0.09082843,0.386,-0.505,9.928
0.09477705,0.425,-0.505,9.89
0.09872566,0.425,-0.505,9.928
0.10267436,0.425,-0.505,9.928
0.10662305,0.386,-0.505,9.928
0.11057184,0.425,-0.467,9.967
0.114520535,0.386,-0.505,9.928
0.118469454,0.425,-0.505,9.928
0.12241815,0.425,-0.505,9.928
0.126367,0.386,-0.505,9.89
0.1303163,0.425,-0.505,9.89
0.13426524,0.425,-0.467,9.89
0.13821425,0.386,-0.505,9.928
0.14216332,0.386,-0.505,9.928
0.14611195,0.386,-0.505,9.89
0.15006071,0.386,-0.467,9.928
0.15400949,0.425,-0.467,9.928
0.15795904,0.386,-0.467,9.89
0.16190834,0.386,-0.467,9.928
0.16585727,0.425,-0.505,9.928
0.16980544,0.425,-0.467,9.89
0.17375396,0.386,-0.505,9.89
0.17770252,0.386,-0.505,9.928
0.18165112,0.425,-0.505,9.967
0.18559997,0.386,-0.505,9.928
0.18954928,0.386,-0.505,9.928
0.19349791,0.425,-0.467,9.89
0.19744621,0.386,-0.505,9.89
0.20139505,0.425,-0.505,9.928
0.20534365,0.425,-0.467,9.928
0.20929264,0.425,-0.505,9.89
0.21324264,0.425,-0.467,9.89
0.21719238,0.348,-0.467,9.89
0.22114146,0.386,-0.505,9.928
0.22509031,0.425,-0.505,9.928
0.22903891,0.386,-0.505,9.928
0.232988,0.386,-0.505,9.928
0.23693652,0.425,-0.505,9.928
0.24088582,0.386,-0.505,9.928
0.24483436,0.386,-0.467,9.928
0.24878344,0.386,-0.467,9.928
0.25273284,0.386,-0.505,9.928
0.25668138,0.386,-0.467,9.928
0.26063007,0.386,-0.505,9.89
0.26457882,0.386,-0.505,9.928
0.26852784,0.386,-0.505,9.928
0.2724772,0.425,-0.505,9.928
0.2764257,0.386,-0.467,9.928
0.2803748,0.425,-0.505,9.928
