TIME,X,Y,Z
0.0,0.348,-0.39,9.277
0.003948923,0.386,-0.505,10.005
0.00789808,0.386,-0.505,9.89
0.011847157,0.425,-0.505,9.89
0.015795542,0.386,-0.543,9.928
0.019743552,0.386,-0.467,9.89
0.023691395,0.386,-0.467,9.89
0.027639396,0.348,-0.467,9.928
0.03158717,0.386,-0.467,9.967
0.035534862,0.386,-0.543,9.967
0.03948271,0.425,-0.467,9.967
0.04343072,0.386,-0.467,9.928
0.047378257,0.386,-0.467,9.928
0.051326796,0.386,-0.467,9.928
0.05527524,0.386,-0.505,9.967
0.05922324,0.386,-0.505,9.89
0.06317109,0.386,-0.467,9.928
0.06711918,0.425,-0.467,9.928
0.071066566,0.425,-0.467,9.89
0.07501441,0.386,-0.505,9.928
0.07896228,0.386,-0.467,9.967
0.082910895,0.425,-0.467,9.928
0.08685974,0.386,-0.505,9.967
0.09080767,0.386,-0.505,9.928
0.09475607,0.463,-0.467,9.928
0.09870406,0.425,-0.505,9.928
0.1026523,0.386,-0.505,9.928
0.106600605,0.425,-0.467,9.89
0.11054884,0.386,-0.467,9.928
0.114496686,0.386,-0.505,9.928
0.118445,0.386,-0.505,9.928
0.12239262,0.348,-0.505,9.928
0.12634061,0.386,-0.505,9.928
0.13028838,0.386,-0.505,9.928
0.13423638,0.425,-0.505,9.928
0.13818428,0.425,-0.505,9.852
0.14213204,0.386,-0.467,9.928
0.14607997,0.386,-0.505,9.928
0.15002859,0.425,-0.505,9.89
0.15397705,0.386,-0.467,9.928
0.15792522,0.386,-0.505,9.89
0.16187324,0.386,-0.467,9.89
0.16582216,0.386,-0.505,9.928
0.16977109,0.425,-0.505,9.89
0.17372,0.348,-0.505,9.89
0.17766854,0.386,-0.505,9.89
0.1816166,0.386,-0.467,9.967
0.18556488,0.386,-0.467,9.967
0.18951303,0.348,-0.505,9.967
0.19346127,0.425,-0.467,9.89
0.1974094,0.425,-0.505,9.89
0.20135725,0.425,-0.467,9.967
0.20530517,0.386,-0.505,9.928
0.20925263,0.386,-0.467,9.928
0.213201,0.386,-0.505,9.928
0.21714985,0.386,-0.505,9.928
0.22109824,0.386,-0.505,9.928
0.22504577,0.348,-0.505,9.967
0.2289937,0.386,-0.505,9.928
0.23294176,0.425,-0.505,9.967
0.23688969,0.386,-0.505,9.928
0.24083808,0.425,-0.505,9.928
0.244787,0.386,-0.505,9.967
0.24873592,0.386,-0.505,9.928
0.25268438,0.425,-0.505,9.928
0.2566323,0.386,-0.467,9.89
0.2605804,0.386,-0.467,9.89
0.26452816,0.386,-0.505,9.89
0.26847646,0.386,-0.505,9.89
0.27242455,0.386,-0.505,9.928
0.27637315,0.425,-0.505,9.967
0.28032157,0.386,-0.467,9.967
0.28426957,0.425,-0.467,9.967
