TIME,X,Y,Z
0.0,0.348,-0.467,9.928
0.003946846,0.386,-0.505,9.928
0.007894308,0.425,-0.467,9.89
0.011841221,0.425,-0.467,9.928
0.015788222,0.386,-0.467,9.89
0.01973499,0.386,-0.428,9.967
0.023682004,0.425,-0.467,9.928
0.027630003,0.386,-0.467,9.928
0.03157708,0.425,-0.467,9.928
0.03552425,0.425,-0.428,9.928
0.039471556,0.425,-0.467,9.928
0.04341863,0.386,-0.467,9.928
0.047365732,0.386,-0.467,9.928
0.051312655,0.386,-0.467,9.967
0.05526027,0.386,-0.505,9.928
0.059207056,0.425,-0.467,9.928
0.06315398,0.386,-0.467,9.89
0.06710036,0.348,-0.467,9.928
0.07104768,0.386,-0.505,9.928
0.07499529,0.386,-0.467,9.928
0.078941904,0.386,-0.505,9.89
0.08288899,0.425,-0.467,9.967
0.08683591,0.425,-0.467,9.928
0.09078353,0.425,-0.467,9.928
0.09473064,0.425,-0.467,9.928
0.0986778,0.386,-0.505,9.89
0.1026248,0.386,-0.467,9.928
0.10657195,0.425,-0.467,9.928
0.110519186,0.425,-0.467,9.928
0.11446618,0.386,-0.467,9.852
0.118413195,0.425,-0.467,9.89
0.122360505,0.386,-0.467,9.89
0.12630765,0.386,-0.505,9.928
0.13025533,0.386,-0.467,9.967
0.13420363,0.386,-0.467,9.967
0.13815117,0.386,-0.467,9.928
0.14209856,0.348,-0.467,9.89
0.14604557,0.386,-0.505,9.928
0.14999294,0.386,-0.467,9.89
0.15394035,0.425,-0.428,9.89
0.15788765,0.386,-0.505,9.928
0.16183512,0.386,-0.467,9.89
0.16578266,0.386,-0.467,9.928
0.16973028,0.386,-0.467,9.928
0.1736775,0.386,-0.467,9.928
0.17762537,0.386,-0.467,9.928
0.18157308,0.386,-0.467,9.928
0.18552022,0.386,-0.467,9.928
0.18946701,0.386,-0.467,9.928
0.19341454,0.386,-0.467,9.89
0.19736238,0.386,-0.428,9.928
0.20130973,0.425,-0.467,9.967
0.2052572,0.386,-0.467,9.928
0.20920505,0.386,-0.467,9.928
0.21315256,0.386,-0.467,9.89
0.21709964,0.386,-0.467,9.967
0.22104664,0.386,-0.467,9.928
0.22499429,0.386,-0.467,9.967
0.22894168,0.386,-0.467,9.928
0.23288913,0.386,-0.428,9.967
0.23683667,0.386,-0.467,9.967
0.24078451,0.425,-0.467,9.928
0.24473207,0.463,-0.467,9.967
0.24867943,0.386,-0.467,9.852
0.25262713,0.386,-0.428,9.89
0.25657418,0.386,-0.505,9.967
0.26052174,0.386,-0.467,9.928
0.26446882,0.425,-0.428,9.928
0.26841643,0.386,-0.467,9.928
0.27236387,0.425,-0.505,9.928
0.2763111,0.425,-0.467,9.928
0.28025827,0.386,-0.505,9.928
