TIME,X,Y,Z
0.0,0.425,-0.505,9.89
0.003947923,0.386,-0.505,9.89
0.00789572,0.386,-0.505,9.928
0.011844027,0.386,-0.505,9.928
0.015792027,0.386,-0.505,9.967
0.019740108,0.386,-0.467,9.928
0.023688108,0.386,-0.467,9.928
0.027635645,0.386,-0.467,9.967
0.03158342,0.425,-0.505,9.928
0.035531346,0.386,-0.505,9.928
0.03947896,0.386,-0.467,9.928
0.043426584,0.386,-0.467,9.928
0.047374044,0.386,-0.505,9.928
0.051321886,0.386,-0.505,9.928
0.055270053,0.425,-0.505,9.928
0.05921828,0.425,-0.505,9.967
0.06316575,0.425,-0.505,9.89
0.06711345,0.386,-0.467,9.89
0.0710613,0.425,-0.505,9.89
0.075009376,0.386,-0.505,9.928
0.07895824,0.386,-0.505,9.928
0.08290732,0.386,-0.505,9.928
0.08685632,0.386,-0.505,9.89
0.09080518,0.386,-0.467,9.928
0.09475364,0.386,-0.467,9.928
0.09870241,0.386,-0.467,9.928
0.10265155,0.386,-0.505,9.928
0.1066004,0.386,-0.467,9.89
0.11054986,0.386,-0.505,9.928
0.11449885,0.386,-0.505,9.928
0.11844732,0.425,-0.505,9.928
0.12239555,0.386,-0.505,9.928
0.1263441,0.386,-0.505,9.967
0.13029256,0.386,-0.467,9.967
0.13424072,0.386,-0.505,9.928
0.1381888,0.386,-0.467,9.928
0.14213718,0.386,-0.505,9.928
0.14608572,0.425,-0.543,9.89
0.15003435,0.425,-0.467,9.928
0.15398328,0.425,-0.505,9.89
0.15793175,0.386,-0.505,9.967
0.16188051,0.425,-0.505,9.928
0.1658289,0.386,-0.467,9.928
0.16977727,0.425,-0.505,9.89
0.17372583,0.386,-0.467,9.89
0.17767482,0.425,-0.467,9.89
0.18162344,0.425,-0.505,9.928
0.18557283,0.386,-0.505,9.928
0.1895222,0.386,-0.467,9.89
0.19347145,0.425,-0.467,9.928
0.19742106,0.386,-0.543,9.89
0.20137043,0.386,-0.505,9.89
0.20531943,0.386,-0.505,9.928
0.20926851,0.386,-0.505,9.967
0.21321753,0.425,-0.467,9.928
0.21716705,0.386,-0.505,9.928
0.22111574,0.425,-0.505,9.928
0.2250643,0.425,-0.505,9.928
0.22901276,0.463,-0.467,9.89
0.23296191,0.386,-0.467,9.89
0.2369105,0.425,-0.467,9.928
0.24085914,0.386,-0.505,9.928
0.24480698,0.386,-0.467,9.928
0.24875505,0.386,-0.467,9.928
0.2527042,0.386,-0.467,9.928
0.25665307,0.386,-0.467,9.89
0.26060152,0.348,-0.543,9.928
0.26454982,0.425,-0.505,9.928
0.26849854,0.386,-0.467,9.928
0.2724469,0.386,-0.467,9.928
0.27639568,0.386,-0.467,9.89
0.28034428,0.425,-0.505,9.967
0.28429243,0.386,-0.505,9.89
