TIME,X,Y,Z
0.0,0.425,-0.505,9.967
0.003948847,0.386,-0.467,9.928
0.007898,0.386,-0.467,9.928
0.011846616,0.386,-0.505,9.928
0.015795616,0.386,-0.505,9.89
0.0197441,0.386,-0.505,9.928
0.023692716,0.425,-0.467,9.928
0.027641024,0.386,-0.505,9.928
0.031589866,0.386,-0.467,9.928
0.03553848,0.425,-0.505,9.89
0.03948702,0.425,-0.505,9.928
0.043435574,0.386,-0.505,9.928
0.047384497,0.386,-0.467,9.928
0.05133265,0.425,-0.505,9.928
0.05528134,0.425,-0.467,9.928
0.059230495,0.386,-0.467,9.928
0.06317934,0.386,-0.467,9.928
0.06712837,0.386,-0.543,9.928
0.071077295,0.386,-0.505,9.928
0.07502568,0.386,-0.505,9.89
0.07897369,0.386,-0.467,9.928
0.08292162,0.386,-0.467,9.928
0.08686977,0.386,-0.505,9.967
0.09081786,0.425,-0.467,9.928
0.09476648,0.425,-0.467,9.89
0.09871493,0.386,-0.505,9.89
0.1026637,0.425,-0.505,9.928
0.10661278,0.425,-0.505,9.928
0.11056201,0.386,-0.505,9.928
0.11451048,0.386,-0.505,9.852
0.11845848,0.425,-0.467,9.89
0.12240664,0.348,-0.467,9.928
0.12635517,0.425,-0.505,9.928
0.13030449,0.386,-0.505,9.928
0.13425387,0.386,-0.467,9.89
0.13820297,0.386,-0.467,9.89
0.14215212,0.386,-0.505,9.928
0.14610095,0.386,-0.505,9.928
0.15004966,0.386,-0.467,9.967
0.15399867,0.386,-0.505,9.928
0.15794697,0.425,-0.505,9.928
0.16189577,0.425,-0.505,9.928
0.16584446,0.425,-0.467,9.928
0.1697936,0.386,-0.505,9.928
0.17374268,0.386,-0.467,9.89
0.17769139,0.386,-0.505,9.928
0.18164024,0.386,-0.505,9.89
0.18558925,0.386,-0.505,9.928
0.18953848,0.386,-0.505,9.928
0.19348764,0.425,-0.467,9.89
0.19743696,0.386,-0.505,9.89
0.20138566,0.386,-0.505,9.928
0.20533442,0.425,-0.505,9.967
0.20928349,0.386,-0.505,9.89
0.21323241,0.386,-0.505,9.89
0.21718156,0.386,-0.505,9.928
0.2211305,0.386,-0.505,9.928
0.22507904,0.425,-0.467,9.967
0.22902805,0.386,-0.467,9.928
0.23297735,0.386,-0.467,9.928
0.23692688,0.386,-0.505,9.89
0.24087611,0.386,-0.505,9.967
0.24482511,0.425,-0.505,9.928
0.24877371,0.425,-0.505,9.928
0.25272247,0.386,-0.467,9.928
0.25667164,0.386,-0.467,9.928
0.26062047,0.425,-0.505,9.89
0.26456895,0.386,-0.467,9.89
0.26851863,0.386,-0.467,9.89
0.27246833,0.386,-0.467,9.89
0.2764185,0.386,-0.505,9.928
0.28036827,0.425,-0.505,9.928
0.28431818,0.425,-0.505,9.928
