TIME,X,Y,Z
0.0,0.386,-0.428,9.737
0.003948154,0.386,-0.467,9.928
0.007895707,0.386,-0.467,9.928
0.011843707,0.386,-0.505,9.928
0.01579186,0.386,-0.505,9.928
0.019740883,0.386,-0.505,9.967
0.023689425,0.386,-0.467,9.89
0.027637962,0.386,-0.543,9.928
0.031586654,0.386,-0.467,9.928
0.03553489,0.386,-0.505,9.928
0.039483886,0.386,-0.505,9.89
0.04343212,0.425,-0.467,9.928
0.047380503,0.386,-0.505,9.928
0.051328503,0.425,-0.467,10.005
0.055276424,0.386,-0.505,9.928
0.059225116,0.425,-0.505,9.89
0.06317281,0.386,-0.467,9.928
0.0671209,0.386,-0.467,9.89
0.07106899,0.386,-0.505,9.89
0.07501706,0.386,-0.467,9.928
0.07896538,0.386,-0.505,9.967
0.08291377,0.425,-0.505,9.928
0.086862,0.425,-0.505,9.967
0.09081086,0.386,-0.467,9.89
0.09475955,0.386,-0.467,9.89
0.098708086,0.386,-0.467,9.928
0.10265649,0.386,-0.505,9.928
0.106605105,0.386,-0.543,9.89
0.11055341,0.386,-0.505,9.89
0.11450226,0.425,-0.467,9.928
0.118450485,0.386,-0.543,9.928
0.12239849,0.425,-0.467,9.928
0.12634756,0.425,-0.467,9.89
0.13029687,0.425,-0.467,9.967
0.13424665,0.386,-0.467,9.928
0.13819557,0.386,-0.467,9.89
0.14214426,0.386,-0.505,9.89
0.14609256,0.425,-0.467,9.89
0.15004095,0.425,-0.467,9.852
0.15398927,0.386,-0.505,9.928
0.15793711,0.386,-0.467,9.928
0.16188504,0.425,-0.467,9.967
0.16583274,0.425,-0.505,9.89
0.16978118,0.386,-0.505,9.928
0.17373018,0.386,-0.505,9.928
0.17767933,0.425,-0.467,9.89
0.1816277,0.425,-0.505,9.928
0.18557653,0.425,-0.505,9.928
0.1895256,0.425,-0.467,9.928
0.19347414,0.386,-0.543,9.928
0.19742222,0.386,-0.505,9.89
0.2013703,0.425,-0.467,9.928
0.20531784,0.425,-0.505,9.928
0.20926583,0.386,-0.543,9.928
0.21321437,0.386,-0.467,9.967
0.21716283,0.425,-0.467,9.928
0.22111136,0.386,-0.505,9.928
0.22505914,0.386,-0.505,9.89
0.22900721,0.425,-0.467,9.967
0.23295504,0.386,-0.467,9.928
0.23690389,0.425,-0.467,9.967
0.24085265,0.386,-0.505,9.928
0.24480127,0.386,-0.505,9.928
0.2487492,0.386,-0.505,9.928
0.25269774,0.425,-0.505,9.928
0.25664642,0.386,-0.505,9.89
0.26059505,0.425,-0.505,9.928
0.2645435,0.425,-0.467,9.928
0.2684918,0.386,-0.505,9.928
0.27244014,0.425,-0.467,9.928
0.27638802,0.386,-0.467,9.928
0.28033608,0.425,-0.505,9.928
0.28428456,0.386,-0.543,9.928
