TIME,X,Y,Z
0.0,0.386,-0.467,9.737
0.003949769,0.386,-0.467,9.89
0.007899769,0.425,-0.505,9.928
0.011849385,0.386,-0.505,9.928
0.015799077,0.386,-0.505,9.89
0.019748898,0.386,-0.505,9.928
0.023698052,0.386,-0.505,9.89
0.02764759,0.425,-0.505,9.928
0.031596903,0.425,-0.505,9.928
0.03554667,0.425,-0.467,9.928
0.03949598,0.386,-0.505,9.928
0.043445688,0.386,-0.467,9.928
0.047395386,0.425,-0.505,9.89
0.051344536,0.386,-0.543,9.928
0.055293396,0.425,-0.505,9.89
0.059242856,0.425,-0.467,9.89
0.06319247,0.425,-0.467,9.89
0.06714148,0.425,-0.505,9.89
0.07109071,0.425,-0.505,9.928
0.075039715,0.386,-0.505,9.89
0.078989334,0.386,-0.467,9.928
0.082939185,0.386,-0.505,9.928
0.086888485,0.425,-0.505,9.928
0.09083797,0.386,-0.505,9.89
0.09478728,0.386,-0.467,9.967
0.098736815,0.425,-0.505,9.89
0.102686234,0.425,-0.505,9.928
0.10663507,0.386,-0.505,9.928
0.11058407,0.425,-0.543,9.928
0.11453314,0.386,-0.505,9.928
0.11848245,0.386,-0.505,9.89
0.12243106,0.386,-0.505,9.928
0.12637986,0.425,-0.467,9.89
0.13032924,0.386,-0.505,9.928
0.13427855,0.425,-0.467,9.928
0.13822778,0.386,-0.505,9.928
0.14217807,0.425,-0.467,9.928
0.14612833,0.425,-0.505,9.89
0.15007807,0.386,-0.505,9.967
0.15402748,0.425,-0.505,9.928
0.15797685,0.425,-0.467,9.928
0.16192624,0.386,-0.505,9.928
0.16587602,0.386,-0.505,9.928
0.16982555,0.425,-0.467,9.928
0.17377487,0.386,-0.505,9.928
0.17772393,0.386,-0.505,9.967
0.18167363,0.386,-0.505,9.928
0.18562241,0.425,-0.543,9.928
0.18957126,0.386,-0.505,9.89
0.19352104,0.386,-0.505,9.89
0.1974702,0.386,-0.467,9.928
0.20141889,0.425,-0.505,9.928
0.20536782,0.425,-0.467,9.928
0.20931675,0.425,-0.467,9.967
0.21326569,0.386,-0.505,9.928
0.21721506,0.386,-0.505,9.928
0.2211642,0.386,-0.467,9.967
0.22511312,0.425,-0.505,9.89
0.22906205,0.425,-0.505,9.928
0.23301113,0.386,-0.505,9.928
0.23696028,0.386,-0.467,9.928
0.24090965,0.425,-0.505,9.967
0.24485858,0.386,-0.505,9.928
0.24880788,0.386,-0.505,9.967
0.25275666,0.425,-0.505,9.967
0.25670564,0.386,-0.467,9.928
0.26065487,0.425,-0.505,9.928
0.26460344,0.425,-0.505,9.967
0.26855212,0.386,-0.505,9.89
0.27250072,0.425,-0.467,9.928
0.27644944,0.425,-0.505,9.928
0.28039882,0.386,-0.467,9.928
0.28434828,0.425,-0.467,9.89
