TIME,X,Y,Z
0.0,0.386,-0.428,9.316
0.003948307,0.425,-0.505,10.005
0.007896316,0.386,-0.505,9.89
0.011844393,0.386,-0.467,9.89
0.015791932,0.425,-0.505,9.928
0.019739306,0.425,-0.467,9.967
0.023686612,0.386,-0.505,9.928
0.027634228,0.425,-0.505,9.89
0.031582057,0.386,-0.505,9.928
0.035529975,0.425,-0.467,9.928
0.039477672,0.386,-0.467,9.928
0.04342597,0.425,-0.505,9.928
0.047374427,0.425,-0.505,9.89
0.051322278,0.386,-0.505,9.928
0.055270135,0.386,-0.467,9.89
0.059217904,0.425,-0.505,9.928
0.063165285,0.425,-0.467,9.967
0.06711337,0.425,-0.505,9.89
0.07106221,0.425,-0.505,9.928
0.075010285,0.425,-0.467,9.928
0.07895838,0.425,-0.467,9.89
0.08290599,0.386,-0.467,9.928
0.08685384,0.348,-0.467,9.967
0.09080147,0.386,-0.505,9.967
0.09474916,0.386,-0.467,9.967
0.0986967,0.386,-0.505,9.928
0.102644525,0.386,-0.543,9.928
0.1065923,0.386,-0.505,9.928
0.11053999,0.425,-0.467,9.928
0.114487894,0.386,-0.505,9.89
0.11843528,0.386,-0.505,9.928
0.122382514,0.386,-0.467,9.928
0.12633012,0.386,-0.505,9.967
0.1302779,0.386,-0.505,9.928
0.13422598,0.386,-0.467,9.928
0.13817406,0.386,-0.467,9.89
0.14212191,0.386,-0.467,9.89
0.14607012,0.425,-0.505,9.89
0.15001851,0.425,-0.505,9.928
0.15396667,0.386,-0.505,9.928
0.15791489,0.386,-0.505,9.928
0.16186346,0.425,-0.505,9.89
0.1658116,0.425,-0.505,9.928
0.16975914,0.386,-0.467,9.89
0.17370677,0.425,-0.505,9.89
0.17765468,0.348,-0.505,9.928
0.18160298,0.386,-0.505,9.967
0.18555108,0.425,-0.505,9.967
0.1895003,0.425,-0.505,9.928
0.19344907,0.425,-0.543,9.928
0.19739792,0.386,-0.467,9.928
0.20134616,0.425,-0.467,9.89
0.20529455,0.386,-0.467,9.928
0.20924215,0.386,-0.505,9.89
0.21319069,0.386,-0.505,9.928
0.2171386,0.386,-0.467,9.89
0.22108617,0.348,-0.467,9.928
0.2250347,0.425,-0.505,9.928
0.22898316,0.425,-0.505,9.967
0.23293161,0.386,-0.505,9.928
0.23688032,0.386,-0.505,9.928
0.24082808,0.386,-0.505,9.89
0.24477585,0.425,-0.467,9.967
0.24872406,0.425,-0.505,9.89
0.25267228,0.386,-0.505,9.967
0.25662062,0.425,-0.505,9.89
0.26056868,0.386,-0.505,9.928
0.26451606,0.386,-0.505,9.89
0.26846418,0.425,-0.467,9.928
0.27241275,0.425,-0.467,9.928
0.2763608,0.386,-0.505,9.967
0.28030887,0.425,-0.467,9.928
0.2842568,0.425,-0.505,9.967
