TIME,X,Y,Z
0.0,0.386,-0.467,9.775
0.003948462,0.425,-0.505,9.89
0.007897168,0.386,-0.467,9.928
0.011845476,0.386,-0.428,9.928
0.015793936,0.386,-0.467,9.967
0.019742096,0.386,-0.467,9.928
0.023690864,0.386,-0.505,9.928
0.027639171,0.425,-0.467,9.928
0.031587802,0.425,-0.505,9.928
0.035535958,0.386,-0.505,9.89
0.0394848,0.425,-0.505,9.928
0.04343296,0.386,-0.505,9.928
0.047380727,0.386,-0.505,9.89
0.05132873,0.386,-0.467,9.928
0.055277225,0.386,-0.467,9.928
0.059225682,0.386,-0.505,9.928
0.0631743,0.425,-0.505,9.928
0.06712293,0.425,-0.467,9.89
0.07107216,0.386,-0.467,9.89
0.07502093,0.386,-0.467,9.89
0.07896994,0.425,-0.467,9.852
0.08291887,0.386,-0.505,9.928
0.08686756,0.425,-0.428,9.928
0.09081634,0.425,-0.428,9.967
0.094764724,0.386,-0.505,9.928
0.098713115,0.425,-0.467,9.928
0.10266197,0.386,-0.505,9.967
0.10661105,0.386,-0.505,9.967
0.110559665,0.386,-0.467,9.89
0.11450827,0.386,-0.467,9.928
0.11845681,0.425,-0.505,9.928
0.122405276,0.386,-0.505,9.928
0.12635373,0.386,-0.505,9.928
0.13030256,0.386,-0.467,9.89
0.13425118,0.386,-0.505,9.928
0.13820012,0.386,-0.467,9.89
0.1421488,0.386,-0.505,9.967
0.14609689,0.386,-0.505,9.89
0.15004496,0.386,-0.505,9.928
0.15399328,0.425,-0.505,9.89
0.15794204,0.386,-0.505,9.928
0.16189036,0.386,-0.505,9.928
0.16583867,0.425,-0.505,9.89
0.16978727,0.425,-0.505,9.928
0.17373636,0.386,-0.505,9.928
0.17768529,0.386,-0.543,9.928
0.18163437,0.425,-0.467,9.967
0.18558301,0.425,-0.505,9.89
0.18953146,0.386,-0.505,9.89
0.19347954,0.386,-0.467,9.89
0.19742809,0.386,-0.543,9.89
0.20137656,0.425,-0.467,9.928
0.20532502,0.386,-0.467,9.928
0.20927416,0.386,-0.467,9.928
0.21322347,0.425,-0.505,9.89
0.21717216,0.425,-0.467,9.89
0.22112139,0.386,-0.505,9.928
0.22507,0.425,-0.467,9.928
0.22901854,0.425,-0.505,9.928
0.23296691,0.386,-0.505,9.928
0.23691529,0.386,-0.505,9.928
0.2408633,0.386,-0.505,9.852
0.2448112,0.386,-0.467,9.89
0.24875958,0.386,-0.543,9.89
0.2527082,0.386,-0.467,9.928
0.25665626,0.386,-0.467,9.928
0.26060465,0.425,-0.467,9.928
0.264553,0.425,-0.505,9.928
0.2685018,0.425,-0.505,9.928
0.27245072,0.425,-0.467,9.928
0.27639964,0.386,-0.467,9.89
0.2803476,0.425,-0.505,9.852
0.2842958,0.386,-0.505,9.89
