TIME,X,Y,Z
0.0,0.386,-0.428,9.354
0.003949923,0.386,-0.505,10.005
0.007898923,0.386,-0.505,9.89
0.011848154,0.425,-0.505,9.928
0.015797231,0.425,-0.505,9.928
0.019746015,0.425,-0.505,9.89
0.023694552,0.386,-0.505,9.967
0.02764363,0.386,-0.505,9.967
0.031593774,0.425,-0.505,9.928
0.03554331,0.425,-0.505,9.89
0.039492235,0.386,-0.467,9.928
0.043440845,0.386,-0.505,9.928
0.047390077,0.386,-0.505,9.928
0.05133869,0.425,-0.505,9.928
0.055288233,0.386,-0.467,9.928
0.059237465,0.386,-0.467,9.89
0.06318716,0.386,-0.467,9.967
0.067136854,0.425,-0.467,9.89
0.07108616,0.386,-0.505,9.89
0.075035006,0.386,-0.505,9.928
0.0789834,0.425,-0.467,9.89
0.08293225,0.386,-0.505,9.89
0.08688125,0.386,-0.467,9.928
0.0908302,0.386,-0.505,9.928
0.09477958,0.425,-0.505,9.89
0.0987285,0.425,-0.505,9.967
0.10267797,0.348,-0.505,9.967
0.1066272,0.386,-0.505,9.928
0.110576816,0.425,-0.505,9.89
0.11452598,0.386,-0.505,9.967
0.118475445,0.348,-0.505,9.928
0.12242537,0.425,-0.505,9.928
0.12637569,0.386,-0.543,9.928
0.13032545,0.425,-0.505,9.967
0.13427499,0.386,-0.505,9.89
0.13822383,0.425,-0.467,9.89
0.14217283,0.425,-0.505,9.928
0.1461216,0.425,-0.505,9.928
0.15007038,0.386,-0.505,9.928
0.15401946,0.425,-0.505,9.928
0.15796907,0.425,-0.505,9.967
0.16191801,0.425,-0.467,9.967
0.16586748,0.425,-0.505,9.89
0.16981655,0.425,-0.505,9.928
0.17376561,0.425,-0.467,9.928
0.17771477,0.425,-0.505,9.928
0.18166415,0.386,-0.505,9.967
0.185614,0.386,-0.505,9.928
0.18956345,0.425,-0.505,9.928
0.19351292,0.386,-0.505,9.89
0.19746232,0.386,-0.467,9.928
0.20141155,0.386,-0.505,9.89
0.20536093,0.425,-0.505,9.928
0.20931008,0.386,-0.467,9.967
0.21325915,0.386,-0.467,9.928
0.21720839,0.425,-0.467,9.928
0.22115792,0.386,-0.505,9.928
0.22510739,0.425,-0.505,9.967
0.22905654,0.386,-0.467,9.928
0.23300594,0.386,-0.467,9.89
0.23695579,0.386,-0.505,9.967
0.24090548,0.386,-0.505,9.928
0.24485564,0.386,-0.505,9.928
0.2488052,0.386,-0.467,9.928
0.25275475,0.425,-0.505,9.928
0.25670403,0.386,-0.543,9.89
0.26065272,0.425,-0.467,9.967
0.26460174,0.386,-0.505,9.967
0.26855087,0.386,-0.505,9.928
0.27250072,0.386,-0.467,9.928
0.27645105,0.348,-0.505,9.928
0.28040043,0.425,-0.467,9.928
0.28434986,0.386,-0.505,9.928
