TIME,X,Y,Z
0.0,0.386,-0.505,9.775
0.003949153,0.386,-0.505,9.89
0.007898307,0.386,-0.467,9.967
0.011847076,0.425,-0.505,9.928
0.01579557,0.386,-0.467,9.928
0.0197438,0.386,-0.505,9.928
0.02369234,0.386,-0.505,9.928
0.027640961,0.386,-0.505,9.928
0.03158973,0.386,-0.467,9.89
0.0355385,0.386,-0.467,9.928
0.03948697,0.425,-0.505,9.928
0.04343528,0.425,-0.505,9.89
0.047383662,0.386,-0.505,9.928
0.051331576,0.425,-0.505,9.928
0.055279884,0.425,-0.467,9.928
0.05922811,0.425,-0.467,9.89
0.06317626,0.386,-0.467,9.928
0.06712434,0.386,-0.467,9.928
0.07107241,0.386,-0.467,9.967
0.07502089,0.386,-0.505,9.89
0.07896896,0.386,-0.505,9.89
0.082916655,0.386,-0.505,9.89
0.08686459,0.386,-0.505,9.89
0.09081259,0.386,-0.467,9.89
0.09476067,0.386,-0.467,9.89
0.09870882,0.386,-0.505,9.928
0.10265728,0.425,-0.505,9.928
0.10660628,0.386,-0.467,9.928
0.11055484,0.386,-0.467,9.928
0.114503615,0.425,-0.505,9.89
0.11845184,0.386,-0.467,9.967
0.122401774,0.425,-0.467,9.967
0.12635124,0.425,-0.505,9.928
0.13029954,0.386,-0.505,9.928
0.13424802,0.386,-0.467,9.928
0.1381967,0.425,-0.505,9.89
0.14214517,0.425,-0.505,9.928
0.14609347,0.425,-0.505,9.89
0.15004192,0.386,-0.505,9.928
0.15398993,0.386,-0.505,9.967
0.15793891,0.386,-0.505,9.928
0.16188754,0.386,-0.543,9.928
0.16583592,0.425,-0.505,9.89
0.16978434,0.425,-0.505,9.89
0.17373271,0.386,-0.505,9.967
0.17768094,0.425,-0.467,9.928
0.1816288,0.425,-0.467,9.89
0.18557689,0.386,-0.505,9.928
0.18952519,0.386,-0.505,9.928
0.19347374,0.386,-0.505,9.89
0.1974222,0.386,-0.505,9.928
0.20137043,0.386,-0.467,9.928
0.20531844,0.386,-0.505,9.89
0.20926674,0.425,-0.467,9.89
0.21321511,0.386,-0.505,9.928
0.2171635,0.386,-0.505,9.928
0.22111136,0.386,-0.505,9.928
0.22505958,0.386,-0.505,9.928
0.22900799,0.386,-0.505,9.89
0.23295613,0.386,-0.505,9.89
0.2369042,0.386,-0.505,9.928
0.24085301,0.386,-0.467,9.928
0.24480185,0.386,-0.505,9.928
0.2487504,0.386,-0.505,9.89
0.25269878,0.425,-0.505,9.967
0.25664708,0.425,-0.467,9.928
0.26059493,0.425,-0.467,9.928
0.26454288,0.425,-0.505,9.928
0.26849034,0.425,-0.505,9.928
0.27243847,0.425,-0.505,9.967
0.27638623,0.386,-0.505,9.928
0.28033385,0.386,-0.505,9.928
0.28428146,0.425,-0.505,9.928
0.28822947,0.386,-0.467,9.928
