TIME,X,Y,Z
0.0,0.386,-0.467,9.737
0.003949308,0.386,-0.505,9.852
0.007898706,0.386,-0.467,9.89
0.01184786,0.386,-0.467,9.89
0.01579686,0.348,-0.505,9.928
0.019746264,0.386,-0.505,9.928
0.02369611,0.425,-0.467,9.89
0.027645264,0.386,-0.467,9.928
0.031594783,0.425,-0.467,9.928
0.035544243,0.386,-0.505,9.89
0.03949386,0.425,-0.467,9.928
0.043443464,0.425,-0.505,9.928
0.04739277,0.386,-0.505,9.967
0.051341772,0.386,-0.467,9.928
0.05529094,0.386,-0.505,9.928
0.059240863,0.386,-0.505,9.89
0.06319048,0.425,-0.467,9.928
0.0671401,0.425,-0.467,9.89
0.07108972,0.425,-0.467,9.928
0.075038254,0.425,-0.505,9.928
0.07898712,0.386,-0.467,9.967
0.08293681,0.386,-0.467,9.928
0.08688658,0.386,-0.505,9.89
0.09083635,0.386,-0.505,9.928
0.09478528,0.386,-0.505,9.928
0.098734125,0.386,-0.505,9.928
0.10268296,0.386,-0.505,9.967
0.10663096,0.386,-0.505,9.967
0.11057942,0.386,-0.467,9.89
0.11452821,0.386,-0.467,9.967
0.11847744,0.386,-0.505,9.967
0.122426204,0.386,-0.505,9.928
0.12637521,0.386,-0.543,9.928
0.1303246,0.348,-0.505,9.89
0.13427383,0.386,-0.467,9.89
0.13822299,0.386,-0.505,9.967
0.14217214,0.386,-0.505,9.89
0.14612138,0.425,-0.505,9.928
0.15007053,0.425,-0.505,9.928
0.15401968,0.425,-0.467,9.928
0.15796891,0.425,-0.505,9.967
0.16191736,0.425,-0.467,9.928
0.16586667,0.348,-0.505,9.89
0.16981567,0.348,-0.467,9.967
0.17376438,0.386,-0.505,9.967
0.17771338,0.386,-0.505,9.928
0.18166214,0.425,-0.505,9.928
0.18561119,0.425,-0.505,9.852
0.18956041,0.386,-0.505,9.89
0.19350956,0.386,-0.467,9.928
0.1974591,0.425,-0.505,9.89
0.20140842,0.425,-0.467,9.967
0.20535788,0.386,-0.505,9.928
0.20930676,0.425,-0.467,9.89
0.213256,0.386,-0.505,9.928
0.217205,0.425,-0.505,9.928
0.2211544,0.425,-0.505,9.928
0.22510402,0.425,-0.467,9.89
0.22905356,0.386,-0.467,9.928
0.23300287,0.425,-0.505,9.89
0.23695216,0.425,-0.467,9.89
0.24090147,0.386,-0.505,9.928
0.2448507,0.386,-0.543,9.928
0.24879953,0.386,-0.505,9.89
0.2527483,0.386,-0.505,9.928
0.2566976,0.425,-0.467,9.89
0.26064697,0.425,-0.505,9.928
0.26459646,0.425,-0.505,9.967
0.26854557,0.386,-0.543,9.928
0.27249536,0.425,-0.505,9.928
0.27644452,0.386,-0.505,9.89
0.2803939,0.425,-0.467,9.89
0.2843431,0.386,-0.505,9.89
