TIME,X,Y,Z
0.0,0.425,-0.505,9.89
0.003948538,0.386,-0.505,9.928
0.007896537,0.425,-0.505,9.928
0.011844999,0.425,-0.505,9.928
0.015793076,0.386,-0.467,10.005
0.019742245,0.386,-0.505,9.928
0.023691012,0.386,-0.505,9.89
0.027639782,0.425,-0.467,9.89
0.031588167,0.386,-0.505,9.928
0.03553663,0.425,-0.543,9.928
0.039485782,0.425,-0.467,9.928
0.043434568,0.386,-0.505,9.928
0.04738295,0.386,-0.467,9.928
0.05133157,0.386,-0.505,9.928
0.055279966,0.386,-0.505,9.928
0.05922912,0.425,-0.505,9.928
0.06317789,0.425,-0.467,9.928
0.06712628,0.386,-0.505,9.928
0.07107536,0.425,-0.467,9.928
0.07502443,0.386,-0.467,9.928
0.07897298,0.425,-0.505,9.928
0.08292137,0.425,-0.467,9.928
0.086870365,0.425,-0.467,9.89
0.09081937,0.425,-0.505,9.928
0.09476905,0.386,-0.467,9.928
0.098718055,0.425,-0.505,9.928
0.102667056,0.425,-0.505,9.89
0.10661567,0.425,-0.467,9.89
0.11056413,0.425,-0.505,9.928
0.1145126,0.386,-0.505,9.928
0.118461214,0.386,-0.505,9.89
0.12240945,0.425,-0.467,9.928
0.12635745,0.425,-0.505,9.89
0.13030638,0.386,-0.505,9.928
0.13425507,0.425,-0.505,9.928
0.13820338,0.425,-0.467,9.928
0.14215168,0.425,-0.505,9.967
0.14609993,0.386,-0.505,9.967
0.15004948,0.386,-0.543,9.928
0.153999,0.425,-0.505,9.928
0.15794817,0.425,-0.505,9.928
0.16189702,0.386,-0.505,9.89
0.16584525,0.425,-0.505,9.928
0.1697941,0.386,-0.505,9.928
0.17374311,0.386,-0.467,9.928
0.17769158,0.425,-0.505,9.967
0.18164043,0.386,-0.505,9.928
0.18558963,0.386,-0.467,9.928
0.18953826,0.425,-0.505,9.928
0.19348672,0.386,-0.467,9.928
0.19743489,0.386,-0.505,9.89
0.20138334,0.386,-0.505,9.928
0.20533235,0.425,-0.467,9.967
0.20928101,0.386,-0.505,9.967
0.21322955,0.425,-0.505,9.89
0.2171784,0.386,-0.505,9.89
0.22112677,0.386,-0.467,9.928
0.22507523,0.386,-0.505,9.928
0.22902384,0.386,-0.505,9.852
0.23297285,0.425,-0.467,9.928
0.23692222,0.386,-0.467,9.928
0.24087162,0.386,-0.505,9.928
0.24482004,0.386,-0.505,9.928
0.24876967,0.386,-0.467,9.928
0.2527189,0.386,-0.505,9.928
0.25666782,0.425,-0.505,9.928
0.2606163,0.386,-0.505,9.928
0.2645648,0.425,-0.543,9.928
0.2685131,0.425,-0.505,9.928
0.27246144,0.386,-0.505,9.928
0.27640998,0.386,-0.505,9.89
0.28035888,0.386,-0.505,9.852
0.28430766,0.425,-0.505,9.928
