TIME,X,Y,Z
0.0,0.425,-0.467,9.775
0.003948307,0.386,-0.467,9.89
0.007895923,0.425,-0.505,9.928
0.011843923,0.425,-0.467,9.89
0.015791846,0.386,-0.505,9.928
0.01974038,0.386,-0.543,9.928
0.023688223,0.425,-0.467,9.928
0.027636303,0.425,-0.505,9.928
0.031583928,0.425,-0.505,9.967
0.03553239,0.386,-0.505,9.928
0.039481003,0.386,-0.543,9.89
0.043428868,0.386,-0.467,9.928
0.04737664,0.386,-0.467,9.928
0.051324945,0.386,-0.467,9.928
0.055273812,0.425,-0.505,9.89
0.05922212,0.425,-0.505,9.928
0.06317112,0.386,-0.505,9.928
0.06711952,0.425,-0.467,9.89
0.07106814,0.425,-0.505,9.852
0.075016834,0.386,-0.505,9.928
0.07896553,0.386,-0.467,9.89
0.082913995,0.425,-0.467,9.928
0.0868623,0.425,-0.505,9.928
0.090810604,0.386,-0.505,9.928
0.0947593,0.386,-0.467,9.928
0.09870869,0.386,-0.505,9.928
0.102657534,0.386,-0.467,9.89
0.10660662,0.386,-0.467,9.928
0.11055585,0.386,-0.467,9.928
0.11450514,0.386,-0.505,9.928
0.11845383,0.386,-0.505,9.928
0.122401915,0.425,-0.505,9.928
0.12635054,0.386,-0.505,9.928
0.13029923,0.386,-0.505,9.967
0.13424806,0.425,-0.467,9.89
0.13819654,0.386,-0.505,9.89
0.14214547,0.386,-0.467,9.928
0.14609416,0.386,-0.505,9.928
0.15004325,0.386,-0.505,9.928
0.15399194,0.386,-0.505,9.967
0.15794048,0.386,-0.505,9.928
0.16188872,0.348,-0.543,9.928
0.1658368,0.386,-0.505,9.89
0.1697848,0.386,-0.505,9.928
0.17373289,0.348,-0.505,9.928
0.1776812,0.425,-0.543,9.928
0.18162958,0.425,-0.505,9.928
0.1855784,0.386,-0.467,9.89
0.18952665,0.386,-0.505,9.928
0.19347417,0.425,-0.505,9.928
0.19742249,0.425,-0.505,9.967
0.2013711,0.425,-0.505,9.928
0.20531987,0.386,-0.505,9.928
0.20926818,0.386,-0.505,9.928
0.21321587,0.386,-0.467,10.005
0.21716388,0.386,-0.505,9.89
0.22111173,0.386,-0.505,9.89
0.22505996,0.425,-0.505,9.89
0.22900796,0.386,-0.505,9.967
0.23295617,0.425,-0.505,9.928
0.2369041,0.386,-0.543,9.928
0.2408524,0.425,-0.505,9.928
0.2448007,0.386,-0.505,9.928
0.24874909,0.348,-0.505,9.928
0.2526974,0.386,-0.467,9.928
0.25664583,0.425,-0.467,9.928
0.26059428,0.386,-0.505,9.928
0.2645426,0.425,-0.505,9.928
0.2684909,0.386,-0.505,9.852
0.27243876,0.386,-0.505,9.928
0.27638698,0.386,-0.505,9.928
0.2803352,0.425,-0.505,9.928
0.28428376,0.386,-0.505,9.89
