TIME,X,Y,Z
0.0,0.386,-0.428,9.316
0.00394933,0.386,-0.505,9.967
0.007898561,0.386,-0.505,9.928
0.0118471,0.386,-0.505,9.928
0.015796093,0.386,-0.467,9.89
0.019744556,0.386,-0.505,9.967
0.023693556,0.386,-0.505,9.967
0.027642027,0.386,-0.505,9.928
0.03159141,0.386,-0.467,9.89
0.03554033,0.425,-0.467,9.89
0.039489213,0.386,-0.467,9.89
0.04343852,0.425,-0.505,9.967
0.04738752,0.425,-0.505,9.928
0.05133636,0.386,-0.467,9.928
0.055285208,0.386,-0.467,9.928
0.05923413,0.386,-0.543,9.89
0.06318255,0.386,-0.467,9.928
0.06713046,0.386,-0.467,9.967
0.07107908,0.386,-0.505,9.967
0.07502757,0.386,-0.505,9.928
0.078976266,0.425,-0.505,9.89
0.08292465,0.425,-0.505,9.89
0.086873725,0.425,-0.505,9.928
0.090822265,0.386,-0.505,9.967
0.09477088,0.386,-0.505,9.928
0.098719336,0.348,-0.505,9.967
0.10266757,0.386,-0.505,9.89
0.10661595,0.386,-0.467,9.928
0.11056451,0.386,-0.467,9.928
0.114512816,0.425,-0.505,9.89
0.11846112,0.425,-0.543,9.89
0.12240998,0.386,-0.505,9.967
0.12635843,0.425,-0.467,9.89
0.1303069,0.425,-0.467,9.928
0.13425544,0.386,-0.505,9.928
0.13820383,0.425,-0.505,9.89
0.14215213,0.425,-0.467,9.928
0.14610028,0.386,-0.505,9.967
0.15004875,0.386,-0.505,9.89
0.1539979,0.386,-0.505,9.89
0.15794645,0.425,-0.505,9.928
0.16189492,0.386,-0.505,9.928
0.1658439,0.386,-0.505,9.928
0.16979232,0.386,-0.505,9.928
0.17374153,0.425,-0.505,9.928
0.1776903,0.386,-0.467,9.89
0.1816392,0.386,-0.505,9.928
0.18558834,0.386,-0.505,9.928
0.18953729,0.386,-0.505,9.928
0.19348593,0.386,-0.505,9.89
0.19743486,0.386,-0.505,9.967
0.2013841,0.463,-0.505,9.89
0.2053326,0.386,-0.428,9.967
0.20928122,0.425,-0.505,9.89
0.21323021,0.386,-0.467,9.89
0.21717969,0.386,-0.505,9.928
0.22112876,0.386,-0.505,9.89
0.22507754,0.386,-0.505,9.928
0.22902629,0.425,-0.505,9.928
0.23297529,0.386,-0.467,9.967
0.23692407,0.386,-0.505,9.928
0.24087301,0.386,-0.505,9.967
0.24482192,0.425,-0.543,9.928
0.24877085,0.348,-0.505,9.967
0.25271967,0.425,-0.505,9.928
0.25666854,0.386,-0.505,9.89
0.2606176,0.386,-0.505,9.928
0.26456615,0.386,-0.467,9.89
0.26851508,0.386,-0.467,9.928
0.2724644,0.386,-0.505,9.928
0.276413,0.386,-0.505,9.928
0.28036207,0.386,-0.505,9.928
