TIME,X,Y,Z
0.0,0.425,-0.505,9.277
0.003949231,0.425,-0.505,10.005
0.007898544,0.386,-0.505,9.967
0.011847236,0.425,-0.505,9.928
0.015795851,0.386,-0.505,9.928
0.0197447,0.386,-0.505,9.967
0.023693087,0.386,-0.505,9.967
0.027641317,0.425,-0.467,9.967
0.0315904,0.386,-0.505,9.928
0.03553932,0.425,-0.505,9.928
0.039488938,0.386,-0.467,9.928
0.043437872,0.386,-0.467,9.967
0.04738672,0.425,-0.505,9.928
0.05133587,0.386,-0.505,9.928
0.055285573,0.386,-0.505,9.89
0.05923457,0.386,-0.505,9.89
0.06318365,0.425,-0.505,9.967
0.06713282,0.386,-0.505,9.89
0.071082056,0.386,-0.505,9.928
0.07503075,0.386,-0.505,9.967
0.07897908,0.386,-0.505,9.928
0.082927614,0.386,-0.467,9.928
0.08687654,0.386,-0.505,9.89
0.09082548,0.386,-0.467,9.928
0.09477371,0.386,-0.505,9.928
0.09872209,0.386,-0.505,9.89
0.10267057,0.348,-0.505,9.967
0.10661888,0.386,-0.505,9.928
0.11056696,0.386,-0.467,9.89
0.11451491,0.425,-0.505,9.928
0.11846307,0.386,-0.505,9.89
0.12241146,0.386,-0.505,9.89
0.12635909,0.386,-0.505,9.928
0.1303067,0.386,-0.505,9.928
0.13425471,0.386,-0.505,9.928
0.13820258,0.386,-0.467,9.928
0.1421502,0.425,-0.505,9.928
0.14609857,0.425,-0.467,9.928
0.15004687,0.386,-0.467,9.928
0.15399486,0.386,-0.505,9.89
0.15794325,0.425,-0.505,9.89
0.16189127,0.386,-0.467,9.928
0.16583934,0.386,-0.505,10.005
0.16978726,0.386,-0.505,9.928
0.17373537,0.425,-0.505,9.928
0.17768335,0.425,-0.505,9.928
0.18163167,0.386,-0.467,9.928
0.18557997,0.386,-0.505,9.928
0.18952781,0.425,-0.505,9.928
0.1934769,0.386,-0.543,9.89
0.19742621,0.386,-0.505,9.967
0.20137474,0.425,-0.505,9.928
0.20532243,0.425,-0.505,9.928
0.20927082,0.425,-0.505,9.928
0.21321912,0.386,-0.505,9.928
0.21716696,0.348,-0.467,9.928
0.22111514,0.386,-0.505,9.928
0.2250636,0.386,-0.505,9.967
0.22901182,0.386,-0.505,9.928
0.23296013,0.386,-0.467,9.928
0.23690845,0.386,-0.505,9.89
0.24085775,0.386,-0.505,9.967
0.2448066,0.386,-0.467,9.928
0.24875538,0.425,-0.505,9.89
0.2527043,0.386,-0.505,9.928
0.2566529,0.386,-0.467,9.967
0.26060128,0.386,-0.467,9.928
0.26454967,0.425,-0.543,9.89
0.26849842,0.425,-0.505,9.89
0.2724475,0.386,-0.505,9.928
0.2763962,0.386,-0.505,9.928
0.28034458,0.386,-0.505,9.928
