TIME,X,Y,Z
0.0,0.386,-0.543,9.737
0.003947693,0.386,-0.467,9.89
0.007895785,0.386,-0.505,9.928
0.011843708,0.425,-0.467,9.89
0.015791478,0.425,-0.505,9.928
0.019739192,0.386,-0.505,9.928
0.023686884,0.425,-0.467,9.928
0.027634347,0.386,-0.505,9.928
0.031582292,0.386,-0.467,9.89
0.03553029,0.425,-0.467,9.928
0.03947914,0.386,-0.467,9.89
0.043427,0.425,-0.505,9.928
0.04737446,0.386,-0.505,9.89
0.051322076,0.386,-0.467,9.89
0.055269632,0.425,-0.505,9.928
0.05921779,0.386,-0.505,9.928
0.0631661,0.386,-0.505,9.928
0.067113966,0.425,-0.505,9.928
0.07106212,0.386,-0.505,9.928
0.07501043,0.386,-0.505,9.928
0.078958824,0.425,-0.467,9.89
0.08290736,0.425,-0.467,9.928
0.08685521,0.348,-0.505,9.967
0.09080351,0.386,-0.505,9.89
0.09475121,0.386,-0.505,9.928
0.098699056,0.425,-0.467,9.928
0.102646895,0.386,-0.505,9.928
0.10659551,0.425,-0.505,9.928
0.110544585,0.425,-0.505,9.852
0.1144931,0.425,-0.505,9.928
0.1184418,0.386,-0.505,9.928
0.12239065,0.386,-0.505,9.967
0.12633912,0.348,-0.543,9.967
0.13028742,0.386,-0.467,9.967
0.1342355,0.425,-0.505,9.967
0.13818361,0.386,-0.505,9.928
0.14213155,0.425,-0.505,9.89
0.14607978,0.425,-0.467,9.928
0.15002786,0.425,-0.467,9.89
0.15397616,0.386,-0.505,9.89
0.15792416,0.386,-0.467,9.967
0.16187179,0.386,-0.505,9.928
0.16581948,0.386,-0.505,9.928
0.16976734,0.425,-0.467,9.928
0.1737152,0.386,-0.467,9.928
0.17766304,0.386,-0.467,9.928
0.18161112,0.425,-0.505,9.928
0.18555968,0.386,-0.505,9.928
0.18950738,0.386,-0.505,9.967
0.193455,0.386,-0.467,9.967
0.197403,0.425,-0.505,9.928
0.20135091,0.386,-0.505,9.928
0.20529892,0.386,-0.505,9.89
0.20924698,0.386,-0.467,9.928
0.21319476,0.386,-0.505,9.928
0.21714284,0.386,-0.505,9.967
0.2210912,0.425,-0.505,9.928
0.22503912,0.425,-0.505,9.928
0.22898743,0.425,-0.505,9.928
0.2329355,0.386,-0.467,9.928
0.23688373,0.386,-0.467,9.967
0.24083151,0.386,-0.505,9.852
0.24477935,0.425,-0.505,9.967
0.24872743,0.386,-0.505,9.928
0.25267574,0.386,-0.505,9.89
0.2566244,0.386,-0.505,9.89
0.26057255,0.386,-0.467,9.89
0.26452062,0.425,-0.467,9.89
0.2684687,0.386,-0.467,9.967
0.27241585,0.425,-0.505,9.928
0.2763636,0.386,-0.505,9.928
0.280311,0.425,-0.467,9.928
0.2842589,0.386,-0.505,9.967
