TIME,X,Y,Z
0.0,0.386,-0.505,9.89
0.003948615,0.386,-0.467,9.928
0.00789761,0.386,-0.467,9.928
0.011846687,0.425,-0.467,9.928
0.015795995,0.386,-0.505,9.89
0.019745529,0.386,-0.505,9.928
0.023695067,0.425,-0.505,9.967
0.02764368,0.386,-0.505,9.89
0.03159191,0.386,-0.505,9.89
0.035541143,0.425,-0.467,9.928
0.039490297,0.425,-0.505,9.928
0.043438993,0.425,-0.505,9.967
0.04738776,0.386,-0.467,9.928
0.051336225,0.463,-0.505,9.89
0.05528477,0.386,-0.505,9.967
0.059233844,0.386,-0.467,9.89
0.06318253,0.425,-0.467,9.89
0.067131095,0.386,-0.505,9.928
0.071080245,0.425,-0.467,9.928
0.0750291,0.425,-0.505,9.928
0.07897887,0.425,-0.505,9.928
0.08292763,0.386,-0.505,9.928
0.086876325,0.386,-0.505,9.967
0.09082511,0.386,-0.505,9.928
0.09477349,0.386,-0.505,9.928
0.09872173,0.386,-0.505,9.928
0.10267044,0.386,-0.505,9.967
0.10661882,0.425,-0.467,9.928
0.11056759,0.425,-0.467,9.89
0.11451622,0.386,-0.467,9.928
0.118464224,0.348,-0.505,9.967
0.12241269,0.386,-0.467,9.89
0.12636177,0.386,-0.505,9.928
0.13030992,0.386,-0.467,9.928
0.13425854,0.425,-0.505,9.928
0.13820767,0.425,-0.505,9.928
0.14215577,0.386,-0.505,9.928
0.14610398,0.386,-0.505,9.89
0.15005237,0.425,-0.505,9.928
0.15400045,0.386,-0.505,9.89
0.15794806,0.386,-0.505,9.928
0.16189554,0.386,-0.467,9.928
0.16584346,0.386,-0.467,9.89
0.16979176,0.425,-0.467,9.928
0.17374033,0.425,-0.467,9.928
0.17768893,0.425,-0.467,9.928
0.18163739,0.386,-0.505,9.928
0.1855861,0.386,-0.505,9.928
0.18953525,0.386,-0.543,9.928
0.19348456,0.386,-0.505,9.928
0.19743356,0.425,-0.505,9.928
0.20138241,0.386,-0.467,9.928
0.20533134,0.386,-0.543,9.928
0.20927979,0.425,-0.543,9.928
0.21322848,0.386,-0.467,9.928
0.21717694,0.386,-0.505,9.928
0.22112566,0.425,-0.505,9.928
0.22507396,0.386,-0.467,9.89
0.22902243,0.386,-0.467,9.928
0.23297083,0.386,-0.505,9.89
0.23691891,0.425,-0.505,9.928
0.2408676,0.348,-0.505,9.928
0.24481651,0.386,-0.505,9.928
0.24876513,0.425,-0.467,9.89
0.25271404,0.425,-0.505,9.89
0.25666258,0.386,-0.467,9.89
0.26061115,0.386,-0.505,9.928
0.26456013,0.425,-0.543,9.928
0.26850823,0.386,-0.505,9.928
0.27245682,0.386,-0.505,9.852
0.2764056,0.348,-0.505,9.928
0.28035507,0.425,-0.467,9.928
0.28430462,0.386,-0.467,9.89
