TIME,X,Y,Z
0.0,0.386,-0.467,9.737
0.00394677,0.386,-0.467,9.89
0.007894018,0.386,-0.467,9.928
0.011841018,0.386,-0.467,9.928
0.015788171,0.386,-0.467,9.89
0.019734943,0.425,-0.505,9.928
0.023682022,0.425,-0.505,9.928
0.027629022,0.425,-0.505,9.928
0.031575948,0.386,-0.505,9.928
0.035522487,0.425,-0.467,9.967
0.039469104,0.386,-0.505,9.928
0.04341603,0.425,-0.467,9.967
0.047362722,0.386,-0.505,9.89
0.051310875,0.425,-0.505,9.928
0.055258345,0.386,-0.505,9.89
0.05920573,0.386,-0.505,9.89
0.063153036,0.425,-0.467,9.928
0.06710074,0.386,-0.505,9.967
0.07104835,0.386,-0.467,9.928
0.074996665,0.425,-0.467,9.852
0.07894499,0.425,-0.543,9.928
0.082892224,0.386,-0.467,9.928
0.08683984,0.425,-0.505,9.928
0.09078808,0.386,-0.505,9.928
0.09473623,0.386,-0.505,9.852
0.098684154,0.425,-0.505,9.928
0.10263187,0.425,-0.505,9.928
0.10657986,0.425,-0.505,9.89
0.11052747,0.425,-0.467,9.928
0.11447558,0.425,-0.505,9.928
0.118422575,0.386,-0.505,9.928
0.12236988,0.425,-0.505,9.928
0.12631696,0.386,-0.505,9.928
0.13026443,0.425,-0.467,9.89
0.13421205,0.386,-0.505,9.928
0.13815928,0.386,-0.505,9.928
0.14210626,0.348,-0.467,9.89
0.1460532,0.425,-0.505,9.928
0.15000021,0.386,-0.467,9.928
0.15394774,0.425,-0.467,9.928
0.15789536,0.386,-0.467,9.928
0.16184275,0.425,-0.467,9.89
0.16579036,0.386,-0.467,9.928
0.1697379,0.425,-0.467,9.928
0.17368577,0.386,-0.467,9.967
0.17763339,0.386,-0.505,9.89
0.18158115,0.425,-0.467,9.928
0.18552941,0.386,-0.505,9.928
0.18947664,0.386,-0.505,9.928
0.19342418,0.386,-0.505,9.89
0.19737175,0.386,-0.505,9.928
0.20131904,0.386,-0.505,9.89
0.20526636,0.386,-0.467,9.928
0.20921415,0.386,-0.505,9.928
0.21316154,0.348,-0.505,9.928
0.21710868,0.386,-0.467,9.89
0.22105607,0.386,-0.505,9.89
0.22500408,0.386,-0.467,9.89
0.2289523,0.386,-0.505,9.928
0.23290016,0.425,-0.467,9.89
0.23684809,0.386,-0.467,9.928
0.24079601,0.386,-0.505,9.89
0.24474367,0.425,-0.467,9.928
0.2486916,0.386,-0.505,9.928
0.25263944,0.386,-0.505,9.928
0.2565874,0.386,-0.505,9.967
0.26053545,0.425,-0.467,9.89
0.26448312,0.386,-0.505,9.967
0.26843113,0.386,-0.505,9.928
0.27237913,0.386,-0.505,9.928
0.27632698,0.425,-0.467,9.928
0.280275,0.386,-0.467,9.928
0.28422248,0.386,-0.467,9.928
