TIME,X,Y,Z
0.0,0.386,-0.467,9.737
0.003948153,0.425,-0.505,9.89
0.007896479,0.386,-0.467,9.928
0.01184471,0.425,-0.467,9.928
0.015792863,0.386,-0.505,9.89
0.019741172,0.425,-0.505,9.89
0.023689097,0.386,-0.467,9.89
0.02763694,0.386,-0.505,9.928
0.031585246,0.386,-0.505,9.89
0.035532866,0.386,-0.467,9.928
0.039481096,0.425,-0.467,9.928
0.043429103,0.425,-0.467,9.928
0.047377255,0.425,-0.467,9.89
0.05132564,0.386,-0.428,9.89
0.055273894,0.425,-0.467,9.89
0.05922228,0.425,-0.505,9.967
0.06317097,0.386,-0.467,9.89
0.06711914,0.348,-0.505,9.928
0.07106714,0.386,-0.505,9.928
0.075014755,0.386,-0.505,9.928
0.07896301,0.425,-0.467,9.928
0.08291131,0.386,-0.505,9.928
0.08685939,0.425,-0.467,9.928
0.090807565,0.425,-0.467,9.928
0.094755255,0.386,-0.467,9.928
0.09870341,0.386,-0.467,9.928
0.10265157,0.425,-0.505,9.928
0.10659958,0.425,-0.467,9.928
0.11054788,0.386,-0.467,9.928
0.11449665,0.386,-0.505,9.89
0.1184448,0.386,-0.505,9.89
0.122393414,0.386,-0.505,9.928
0.12634213,0.386,-0.467,9.89
0.13029005,0.425,-0.505,9.928
0.1342379,0.386,-0.505,9.89
0.13818672,0.386,-0.505,9.928
0.14213519,0.425,-0.467,9.89
0.14608419,0.425,-0.505,9.89
0.15003307,0.386,-0.505,9.928
0.15398185,0.425,-0.505,9.928
0.15793076,0.425,-0.505,9.928
0.16187938,0.386,-0.505,9.928
0.16582745,0.386,-0.505,9.928
0.16977584,0.386,-0.467,9.967
0.17372385,0.425,-0.505,9.89
0.177672,0.425,-0.467,9.928
0.18162046,0.386,-0.505,9.89
0.18556872,0.386,-0.505,9.89
0.18951672,0.425,-0.505,9.967
0.19346495,0.386,-0.467,9.967
0.19741327,0.348,-0.505,9.928
0.20136134,0.348,-0.505,9.89
0.20530942,0.425,-0.467,9.89
0.20925766,0.386,-0.505,9.89
0.21320581,0.386,-0.505,9.89
0.21715428,0.425,-0.467,9.928
0.22110236,0.386,-0.467,9.928
0.22505051,0.386,-0.505,9.89
0.22899866,0.425,-0.505,9.89
0.23294644,0.386,-0.467,9.89
0.23689467,0.386,-0.505,9.967
0.24084352,0.425,-0.505,9.928
0.24479204,0.348,-0.467,9.928
0.24874082,0.425,-0.505,9.928
0.25268936,0.425,-0.543,9.928
0.2566382,0.386,-0.505,9.967
0.26058632,0.386,-0.505,9.928
0.26453388,0.425,-0.467,9.967
0.26848188,0.425,-0.467,9.89
0.2724294,0.425,-0.505,9.967
0.27637687,0.386,-0.467,9.967
0.2803247,0.386,-0.505,10.005
