TIME,X,Y,Z
0.0,0.386,-0.428,9.737
0.003948077,0.386,-0.467,9.89
0.007896624,0.386,-0.505,9.967
0.01184524,0.386,-0.505,9.928
0.015793778,0.425,-0.467,9.928
0.019741997,0.386,-0.505,9.928
0.023689613,0.386,-0.505,9.967
0.027637998,0.386,-0.467,9.967
0.031586602,0.425,-0.505,9.89
0.03553568,0.425,-0.505,9.967
0.03948437,0.425,-0.467,9.928
0.043432683,0.386,-0.505,9.928
0.04738084,0.386,-0.467,9.89
0.051328916,0.386,-0.505,9.928
0.055277,0.425,-0.505,9.928
0.05922531,0.425,-0.467,9.928
0.063173614,0.425,-0.505,9.928
0.06712163,0.348,-0.505,9.928
0.07106993,0.425,-0.505,9.928
0.07501779,0.386,-0.505,9.967
0.07896664,0.386,-0.467,9.89
0.082915254,0.386,-0.505,9.928
0.086864255,0.425,-0.467,9.967
0.0908128,0.386,-0.505,9.928
0.0947608,0.425,-0.467,9.89
0.09870857,0.425,-0.467,9.928
0.10265689,0.386,-0.505,9.89
0.10660582,0.386,-0.505,9.89
0.11055421,0.386,-0.505,9.928
0.11450243,0.386,-0.505,9.928
0.118450746,0.386,-0.467,9.967
0.122398816,0.386,-0.467,9.928
0.12634689,0.425,-0.505,9.928
0.13029519,0.386,-0.505,9.928
0.13424365,0.425,-0.467,9.928
0.13819227,0.386,-0.467,9.928
0.14214036,0.386,-0.505,9.928
0.1460892,0.386,-0.467,9.89
0.15003827,0.386,-0.505,9.967
0.15398635,0.386,-0.505,9.928
0.15793474,0.425,-0.505,9.89
0.16188326,0.386,-0.505,9.89
0.16583142,0.386,-0.467,9.89
0.1697795,0.386,-0.467,9.928
0.17372732,0.425,-0.467,9.967
0.1776757,0.386,-0.467,9.967
0.18162422,0.386,-0.467,9.928
0.18557264,0.425,-0.467,9.967
0.18952103,0.425,-0.505,9.89
0.19346894,0.386,-0.467,9.89
0.19741702,0.425,-0.467,9.928
0.2013651,0.425,-0.467,9.89
0.2053131,0.425,-0.467,9.89
0.20926087,0.386,-0.467,9.89
0.21320815,0.386,-0.505,9.928
0.2171564,0.386,-0.505,9.928
0.22110465,0.386,-0.505,9.89
0.2250528,0.425,-0.505,9.928
0.22900134,0.386,-0.505,9.928
0.23295018,0.425,-0.505,9.89
0.23689872,0.425,-0.505,9.928
0.24084719,0.386,-0.505,9.89
0.24479565,0.386,-0.505,9.928
0.24874464,0.386,-0.467,9.928
0.25269318,0.386,-0.505,9.928
0.2566408,0.386,-0.505,9.928
0.26058865,0.386,-0.505,9.928
0.2645362,0.425,-0.467,9.928
0.26848447,0.386,-0.505,9.928
0.27243242,0.348,-0.505,9.928
0.27638018,0.386,-0.467,9.928
0.28032842,0.386,-0.505,9.928
0.2842765,0.386,-0.505,9.89
