TIME,X,Y,Z
0.0,0.386,-0.467,9.737
0.00394822,0.463,-0.505,9.928
0.007896528,0.386,-0.505,9.928
0.011845066,0.386,-0.505,9.928
0.015793841,0.386,-0.505,9.928
0.019741995,0.386,-0.505,9.89
0.02369061,0.386,-0.467,9.967
0.027638778,0.386,-0.505,9.967
0.031587087,0.425,-0.505,9.928
0.035535622,0.386,-0.505,9.928
0.0394841,0.425,-0.467,9.928
0.043432176,0.425,-0.505,9.928
0.04738087,0.386,-0.505,9.89
0.05132919,0.425,-0.467,9.967
0.05527781,0.386,-0.505,9.928
0.05922658,0.425,-0.467,9.928
0.06317543,0.425,-0.467,9.928
0.067123435,0.386,-0.505,9.967
0.07107213,0.425,-0.505,9.967
0.075020075,0.386,-0.505,9.928
0.07896846,0.386,-0.505,9.928
0.08291661,0.386,-0.505,9.89
0.086864986,0.348,-0.505,9.89
0.09081352,0.425,-0.505,9.89
0.0947616,0.386,-0.505,9.928
0.09870975,0.386,-0.543,9.967
0.10265828,0.386,-0.467,9.967
0.106607206,0.386,-0.505,9.928
0.11055619,0.425,-0.505,9.928
0.11450527,0.425,-0.467,9.928
0.118453726,0.425,-0.467,9.89
0.12240242,0.425,-0.505,9.928
0.1263512,0.425,-0.505,9.928
0.13030066,0.425,-0.505,9.928
0.13424975,0.386,-0.467,9.928
0.13819814,0.425,-0.467,9.928
0.14214714,0.386,-0.505,9.89
0.14609653,0.425,-0.505,9.89
0.15004584,0.386,-0.467,9.928
0.15399545,0.386,-0.505,9.928
0.15794492,0.386,-0.467,9.928
0.1618937,0.386,-0.467,9.928
0.16584231,0.386,-0.505,9.967
0.16979131,0.425,-0.505,9.928
0.17374015,0.425,-0.505,9.928
0.17768885,0.425,-0.505,9.928
0.18163806,0.386,-0.505,9.89
0.18558776,0.425,-0.467,9.89
0.18953699,0.386,-0.467,9.89
0.19348653,0.386,-0.467,9.928
0.19743577,0.386,-0.467,9.928
0.20138492,0.386,-0.467,9.928
0.20533429,0.425,-0.505,9.928
0.2092829,0.386,-0.467,9.928
0.21323214,0.348,-0.505,9.928
0.21718115,0.386,-0.505,9.928
0.22112976,0.386,-0.467,9.928
0.22507861,0.425,-0.505,9.89
0.22902733,0.386,-0.505,9.89
0.23297586,0.386,-0.505,9.928
0.23692524,0.425,-0.505,9.928
0.24087456,0.425,-0.467,9.89
0.24482386,0.386,-0.505,9.89
0.24877286,0.425,-0.505,9.89
0.25272083,0.386,-0.505,9.89
0.25666946,0.425,-0.467,9.928
0.2606176,0.386,-0.467,9.928
0.26456583,0.425,-0.467,9.928
0.26851445,0.386,-0.467,9.928
0.2724626,0.425,-0.505,9.928
0.27641168,0.425,-0.505,9.89
0.28036037,0.348,-0.505,9.967
