TIME,X,Y,Z
0.0,0.425,-0.505,9.89
0.003949308,0.425,-0.505,9.928
0.007898245,0.386,-0.505,9.928
0.011847399,0.386,-0.505,9.967
0.015795784,0.425,-0.505,9.928
0.019744707,0.386,-0.505,9.89
0.02369386,0.386,-0.467,9.89
0.02764263,0.425,-0.467,9.928
0.031591468,0.386,-0.505,9.928
0.03553962,0.386,-0.505,9.928
0.03948808,0.386,-0.467,9.928
0.043436553,0.386,-0.467,9.89
0.0473854,0.425,-0.505,9.928
0.05133486,0.386,-0.467,9.928
0.05528387,0.425,-0.467,9.967
0.05923295,0.463,-0.467,9.89
0.0631821,0.425,-0.505,9.928
0.06713073,0.386,-0.505,9.89
0.07107911,0.386,-0.505,9.928
0.07502758,0.425,-0.505,9.928
0.0789762,0.386,-0.505,9.928
0.08292497,0.386,-0.467,9.928
0.086873665,0.386,-0.505,9.967
0.0908226,0.386,-0.505,9.967
0.094771296,0.386,-0.505,9.89
0.09871975,0.425,-0.467,9.89
0.10266899,0.425,-0.505,9.928
0.10661768,0.386,-0.505,9.89
0.11056622,0.386,-0.467,9.928
0.11451537,0.386,-0.505,9.967
0.118464366,0.386,-0.505,9.928
0.12241306,0.386,-0.505,9.89
0.12636189,0.386,-0.505,9.89
0.13031143,0.386,-0.505,9.928
0.13426127,0.425,-0.467,9.89
0.13821067,0.425,-0.505,9.928
0.1421596,0.386,-0.505,9.928
0.14610884,0.425,-0.505,9.928
0.1500577,0.386,-0.505,9.967
0.1540063,0.425,-0.505,9.928
0.15795523,0.386,-0.505,9.89
0.16190432,0.386,-0.505,9.928
0.16585363,0.386,-0.467,9.89
0.16980262,0.386,-0.505,9.967
0.17375164,0.425,-0.505,9.928
0.17770079,0.386,-0.467,9.89
0.18165001,0.386,-0.467,9.928
0.1855991,0.386,-0.505,9.928
0.18954872,0.425,-0.467,9.89
0.1934984,0.386,-0.505,9.928
0.19744803,0.386,-0.505,9.928
0.20139742,0.386,-0.467,9.89
0.20534688,0.425,-0.505,9.928
0.20929655,0.425,-0.505,9.89
0.2132457,0.386,-0.467,9.928
0.21719524,0.386,-0.467,9.967
0.22114457,0.425,-0.505,9.928
0.22509411,0.425,-0.467,9.928
0.22904257,0.386,-0.505,9.967
0.2329917,0.386,-0.505,9.928
0.23694085,0.386,-0.505,9.928
0.24089038,0.425,-0.505,9.967
0.24483906,0.425,-0.505,9.89
0.24878782,0.386,-0.505,9.928
0.25273743,0.386,-0.505,9.928
0.256687,0.386,-0.467,9.928
0.2606363,0.425,-0.543,9.928
0.26458582,0.386,-0.505,9.928
0.26853567,0.425,-0.505,9.89
0.2724856,0.386,-0.505,9.928
0.27643514,0.425,-0.505,9.928
0.2803844,0.386,-0.467,9.928
0.284333,0.386,-0.505,9.928
