TIME,X,Y,Z
0.0,0.425,-0.467,9.737
0.003948452,0.425,-0.467,9.928
0.007896606,0.386,-0.505,9.928
0.011844683,0.386,-0.505,9.928
0.015793452,0.425,-0.505,9.967
0.01974199,0.386,-0.505,9.89
0.023691067,0.386,-0.467,9.928
0.027639592,0.386,-0.543,9.928
0.0315889,0.386,-0.467,9.928
0.035537593,0.386,-0.467,9.928
0.03948667,0.386,-0.467,9.89
0.043435052,0.386,-0.505,9.928
0.047383282,0.386,-0.543,9.89
0.05133193,0.348,-0.505,9.928
0.055280853,0.386,-0.467,9.967
0.05922939,0.425,-0.467,9.928
0.06317831,0.386,-0.505,9.928
0.06712701,0.425,-0.505,9.928
0.07107523,0.425,-0.467,9.928
0.07502362,0.425,-0.467,9.928
0.07897193,0.425,-0.467,9.89
0.0829207,0.386,-0.505,9.928
0.08686911,0.386,-0.505,9.928
0.09081796,0.425,-0.467,9.928
0.09476711,0.425,-0.505,9.928
0.09871628,0.425,-0.543,9.89
0.10266605,0.425,-0.467,9.852
0.10661528,0.425,-0.505,9.928
0.11056358,0.386,-0.467,9.89
0.114512354,0.386,-0.505,9.928
0.11846165,0.386,-0.505,9.928
0.12241056,0.425,-0.505,9.928
0.1263584,0.386,-0.505,9.928
0.13030633,0.386,-0.543,9.89
0.13425435,0.386,-0.505,9.89
0.13820235,0.386,-0.505,9.928
0.14215036,0.425,-0.467,9.928
0.14609873,0.386,-0.467,9.89
0.1500469,0.425,-0.505,9.928
0.15399528,0.386,-0.505,9.89
0.15794435,0.386,-0.467,9.928
0.16189289,0.425,-0.467,9.89
0.1658412,0.386,-0.505,9.89
0.16978975,0.386,-0.505,9.89
0.17373821,0.425,-0.505,9.928
0.1776869,0.425,-0.467,9.928
0.18163592,0.386,-0.505,9.928
0.1855846,0.348,-0.505,9.928
0.18953268,0.386,-0.505,9.89
0.19348109,0.425,-0.467,9.89
0.19743046,0.386,-0.505,9.89
0.20137994,0.425,-0.467,9.928
0.20532937,0.386,-0.505,9.89
0.20927884,0.386,-0.467,9.928
0.2132273,0.425,-0.505,9.967
0.21717551,0.386,-0.467,9.89
0.2211236,0.425,-0.505,9.928
0.22507215,0.386,-0.505,9.928
0.2290207,0.386,-0.505,9.928
0.23296909,0.425,-0.505,9.928
0.236917,0.425,-0.543,9.928
0.24086459,0.425,-0.505,9.89
0.24481305,0.386,-0.505,9.928
0.2487616,0.386,-0.505,9.928
0.25271028,0.425,-0.505,9.928
0.25665876,0.386,-0.505,9.928
0.26060697,0.386,-0.505,9.928
0.26455554,0.386,-0.543,9.928
0.2685036,0.386,-0.505,9.89
0.27245247,0.386,-0.505,9.928
0.27640116,0.386,-0.505,9.928
0.28034964,0.425,-0.505,9.89
0.28429753,0.425,-0.505,9.967
