TIME,X,Y,Z
0.0,0.386,-0.467,9.967
0.003948461,0.425,-0.543,9.89
0.007897395,0.386,-0.505,9.928
0.011846164,0.386,-0.467,9.928
0.015794395,0.386,-0.467,9.928
0.01974348,0.386,-0.505,9.928
0.023692328,0.386,-0.467,9.928
0.027641712,0.386,-0.505,9.928
0.03159079,0.386,-0.505,9.928
0.035540015,0.386,-0.467,9.928
0.039489787,0.386,-0.505,9.967
0.043439016,0.425,-0.467,9.89
0.04738771,0.386,-0.505,9.928
0.05133594,0.386,-0.505,9.967
0.05528419,0.425,-0.467,9.928
0.059232496,0.386,-0.505,9.89
0.06318165,0.386,-0.467,9.928
0.067130335,0.386,-0.505,9.967
0.07107865,0.425,-0.467,9.928
0.07502757,0.425,-0.505,9.967
0.07897606,0.386,-0.467,9.928
0.08292444,0.386,-0.505,9.89
0.086873055,0.386,-0.505,9.89
0.090821825,0.386,-0.505,9.928
0.09477083,0.425,-0.467,9.928
0.098719895,0.386,-0.505,9.928
0.10266884,0.386,-0.505,9.928
0.10661884,0.386,-0.505,9.928
0.11056792,0.425,-0.505,9.928
0.11451637,0.386,-0.505,9.928
0.1184646,0.425,-0.467,9.928
0.12241291,0.386,-0.505,9.89
0.12636106,0.425,-0.467,9.928
0.13030915,0.386,-0.505,9.89
0.13425806,0.425,-0.505,9.89
0.13820736,0.386,-0.467,9.89
0.14215551,0.386,-0.505,9.928
0.14610475,0.386,-0.505,9.928
0.15005338,0.425,-0.543,9.89
0.15400268,0.386,-0.505,9.928
0.1579513,0.425,-0.505,9.967
0.16189961,0.386,-0.467,9.928
0.16584806,0.386,-0.467,9.928
0.16979676,0.348,-0.467,9.89
0.17374624,0.386,-0.467,9.967
0.17769508,0.386,-0.505,9.967
0.181644,0.386,-0.505,9.928
0.18559255,0.425,-0.467,9.928
0.18954147,0.425,-0.505,9.967
0.19349055,0.386,-0.467,9.928
0.19743933,0.425,-0.505,9.967
0.20138833,0.348,-0.505,9.89
0.2053371,0.425,-0.505,9.928
0.20928569,0.386,-0.505,9.89
0.21323425,0.425,-0.467,9.928
0.21718293,0.425,-0.505,9.89
0.22113086,0.425,-0.467,9.928
0.22508001,0.425,-0.505,9.928
0.22902933,0.425,-0.505,9.928
0.23297918,0.386,-0.505,9.928
0.23692912,0.425,-0.467,9.928
0.24087796,0.386,-0.505,9.967
0.2448268,0.386,-0.505,9.967
0.24877603,0.425,-0.467,9.928
0.2527248,0.386,-0.505,9.928
0.25667375,0.386,-0.467,9.89
0.2606222,0.386,-0.467,9.967
0.26457083,0.425,-0.505,9.89
0.26851952,0.425,-0.505,9.928
0.27246815,0.386,-0.467,9.928
0.276417,0.425,-0.467,9.928
0.2803663,0.386,-0.467,9.928
0.28431502,0.386,-0.505,9.928
