TIME,X,Y,Z
0.0,0.348,-0.428,9.316
0.00394823,0.425,-0.467,9.967
0.007896368,0.386,-0.543,9.928
0.011844599,0.425,-0.505,9.928
0.015792754,0.386,-0.505,9.967
0.019740677,0.386,-0.543,9.967
0.023688907,0.386,-0.467,9.967
0.027636675,0.425,-0.467,9.967
0.031584837,0.348,-0.467,9.928
0.035532836,0.386,-0.505,9.928
0.039481144,0.386,-0.543,9.928
0.043429837,0.425,-0.505,9.89
0.047378603,0.386,-0.505,9.89
0.051326375,0.425,-0.467,9.928
0.055274375,0.425,-0.467,9.928
0.05922261,0.386,-0.505,9.928
0.06317099,0.425,-0.505,9.967
0.06711916,0.348,-0.505,9.967
0.071067624,0.425,-0.505,9.928
0.07501646,0.386,-0.505,9.928
0.07896515,0.386,-0.467,9.928
0.08291377,0.386,-0.505,9.928
0.08686292,0.386,-0.543,9.928
0.09081247,0.386,-0.505,9.89
0.09476107,0.386,-0.505,9.928
0.09870969,0.386,-0.505,9.89
0.102657855,0.386,-0.467,9.89
0.10660594,0.386,-0.467,9.967
0.11055455,0.425,-0.467,9.928
0.11450249,0.348,-0.505,9.928
0.11845042,0.386,-0.505,9.89
0.12239818,0.386,-0.505,9.89
0.12634704,0.386,-0.505,9.967
0.13029559,0.425,-0.505,9.928
0.13424397,0.386,-0.505,9.89
0.13819215,0.425,-0.467,9.89
0.14214015,0.425,-0.467,9.967
0.14608829,0.425,-0.467,9.928
0.15003629,0.386,-0.505,9.928
0.15398474,0.386,-0.505,9.928
0.1579332,0.425,-0.467,9.928
0.16188192,0.386,-0.505,9.967
0.16583052,0.425,-0.505,9.928
0.16977945,0.425,-0.505,9.928
0.17372747,0.386,-0.505,9.89
0.1776753,0.386,-0.505,9.928
0.18162362,0.425,-0.505,9.967
0.18557154,0.386,-0.505,9.89
0.1895197,0.386,-0.505,9.89
0.19346778,0.386,-0.505,9.89
0.19741662,0.386,-0.467,9.928
0.20136477,0.348,-0.505,9.967
0.20531246,0.425,-0.505,9.928
0.2092604,0.386,-0.505,9.89
0.21320865,0.386,-0.467,9.928
0.21715695,0.425,-0.505,9.89
0.22110502,0.386,-0.505,9.967
0.22505395,0.386,-0.505,9.928
0.22900257,0.386,-0.467,9.928
0.23295078,0.386,-0.467,9.928
0.23689878,0.348,-0.505,9.928
0.24084693,0.425,-0.505,9.928
0.24479519,0.425,-0.505,9.928
0.24874333,0.386,-0.505,9.928
0.25269157,0.425,-0.505,9.89
0.25663948,0.386,-0.467,9.89
0.26058772,0.386,-0.505,9.928
0.26453578,0.386,-0.505,9.928
0.2684837,0.425,-0.505,9.928
0.27243164,0.386,-0.505,9.928
0.27638027,0.386,-0.467,9.967
0.28032842,0.386,-0.467,9.928
