TIME,X,Y,Z
0.0,0.386,-0.428,9.928
0.003948,0.386,-0.505,9.928
0.007895606,0.386,-0.467,9.89
0.01184376,0.386,-0.467,9.89
0.01579176,0.386,-0.505,9.967
0.019739155,0.425,-0.467,9.89
0.023686616,0.386,-0.505,9.928
0.027634384,0.386,-0.505,9.928
0.03158254,0.386,-0.467,9.89
0.035530232,0.386,-0.505,9.928
0.039477926,0.425,-0.505,9.89
0.043425765,0.386,-0.467,9.928
0.047373302,0.386,-0.428,9.967
0.05132107,0.386,-0.505,9.89
0.055269297,0.386,-0.505,9.928
0.059217993,0.348,-0.505,9.967
0.06316661,0.386,-0.467,9.928
0.067114234,0.386,-0.467,9.928
0.071061686,0.386,-0.467,9.967
0.07500977,0.386,-0.467,9.928
0.07895762,0.425,-0.467,9.928
0.08290493,0.425,-0.467,9.928
0.08685239,0.386,-0.467,9.928
0.090800375,0.386,-0.428,9.928
0.09474784,0.425,-0.467,9.89
0.098696224,0.386,-0.505,9.928
0.10264383,0.425,-0.467,9.89
0.106591135,0.425,-0.467,9.89
0.11053791,0.386,-0.467,9.928
0.11448545,0.386,-0.467,9.967
0.11843268,0.386,-0.505,9.967
0.12237953,0.386,-0.467,9.967
0.12632668,0.425,-0.505,9.928
0.13027383,0.425,-0.467,9.928
0.13422084,0.425,-0.505,9.928
0.13816854,0.386,-0.467,9.89
0.1421157,0.425,-0.467,9.928
0.14606269,0.386,-0.467,9.928
0.15000993,0.386,-0.505,9.89
0.15395755,0.386,-0.467,9.928
0.15790501,0.425,-0.467,9.928
0.16185194,0.425,-0.467,9.967
0.16579908,0.386,-0.467,9.967
0.16974542,0.425,-0.467,9.928
0.1736925,0.386,-0.467,9.89
0.17763987,0.386,-0.505,9.928
0.18158719,0.386,-0.505,9.89
0.18553483,0.425,-0.467,9.928
0.18948229,0.386,-0.467,9.928
0.19342974,0.386,-0.467,9.928
0.19737715,0.386,-0.467,9.89
0.20132378,0.425,-0.467,9.928
0.20527047,0.386,-0.467,9.928
0.20921707,0.386,-0.505,9.928
0.2131643,0.386,-0.505,9.928
0.21711132,0.386,-0.505,9.928
0.22105794,0.386,-0.467,9.928
0.22500432,0.425,-0.467,9.928
0.22895071,0.386,-0.467,9.928
0.23289725,0.386,-0.467,9.89
0.23684426,0.463,-0.467,9.928
0.24079125,0.386,-0.467,9.967
0.24473844,0.386,-0.467,9.928
0.24868575,0.386,-0.467,9.928
0.25263283,0.386,-0.505,9.928
0.2565803,0.425,-0.505,9.928
0.26052713,0.386,-0.467,9.928
0.26447403,0.386,-0.467,9.967
0.2684212,0.386,-0.505,9.967
0.27236813,0.425,-0.505,9.89
0.2763153,0.386,-0.467,9.89
0.28026268,0.386,-0.467,9.928
