TIME,X,Y,Z
0.0,0.118,-0.428,10.082
0.015877834,0.118,-0.428,9.967
0.03175658,0.118,-0.428,9.967
0.047634836,0.118,-0.428,9.967
0.063511856,0.118,-0.428,9.967
0.079390615,0.118,-0.428,9.967
0.09526984,0.118,-0.428,9.967
0.11114716,0.118,-0.428,9.967
0.12702692,0.118,-0.428,9.967
0.14290528,0.118,-0.428,9.967
0.15878312,0.118,-0.428,9.967
0.17466076,0.118,-0.428,9.967
0.19053714,0.118,-0.428,9.967
0.20641384,0.118,-0.428,9.967
0.22228968,0.118,-0.428,9.967
0.238168,0.118,-0.428,9.967
0.25404662,0.118,-0.428,9.967
0.2699238,0.157,-0.428,9.967
0.2858009,0.118,-0.428,9.967
0.3016767,0.118,-0.428,9.967
0.31755278,0.118,-0.428,9.967
0.33343098,0.118,-0.428,9.967
0.3493092,0.118,-0.428,9.967
0.36518577,0.118,-0.428,9.967
0.3810619,0.118,-0.428,9.967
0.39693826,0.118,-0.428,9.967
0.4128138,0.118,-0.428,9.967
0.42868933,0.118,-0.428,9.967
0.44456518,0.118,-0.428,9.928
0.46044168,0.118,-0.467,9.967
0.47631657,0.118,-0.428,10.005
0.49219456,0.118,-0.428,10.005
0.5080711,0.118,-0.428,9.89
0.52394634,0.118,-0.428,10.005
0.5398229,0.118,-0.428,9.967
0.5556991,0.118,-0.428,9.967
0.5715744,0.118,-0.428,9.967
0.58744806,0.118,-0.428,9.928
0.6033249,0.118,-0.428,10.005
0.61920017,0.118,-0.428,9.967
0.63507575,0.118,-0.428,9.967
0.6509518,0.08,-0.428,9.967
0.6668281,0.118,-0.428,9.967
0.6827039,0.118,-0.428,9.967
0.69858116,0.118,-0.428,9.967
0.7144578,0.118,-0.428,9.967
0.7303363,0.118,-0.428,9.967
0.7462141,0.118,-0.428,9.967
0.7620938,0.118,-0.428,9.967
0.77797127,0.118,-0.428,9.967
0.7938483,0.157,-0.428,9.967
