TIME,X,Y,Z
0.0,0.08,-0.505,10.043
0.01589153,0.08,-0.505,10.005
0.031781454,0.042,-0.467,9.967
0.047675353,0.042,-0.505,9.967
0.06356873,0.08,-0.505,9.967
0.07945912,0.042,-0.505,9.967
0.095350355,0.042,-0.505,9.967
0.11124096,0.042,-0.505,9.967
0.12713441,0.08,-0.505,9.967
0.14302655,0.042,-0.505,9.928
0.15891607,0.042,-0.505,9.967
0.17480415,0.08,-0.505,9.967
0.19069532,0.08,-0.505,9.967
0.20658478,0.042,-0.505,9.967
0.22247604,0.042,-0.505,9.967
0.23836806,0.08,-0.505,9.967
0.25425807,0.08,-0.505,9.967
0.27014917,0.08,-0.467,9.967
0.28604043,0.042,-0.467,9.967
0.30192998,0.042,-0.505,9.967
0.31782138,0.042,-0.505,9.967
0.33371207,0.042,-0.505,9.967
0.34960267,0.042,-0.467,9.967
0.3654945,0.08,-0.505,9.967
0.38138533,0.042,-0.467,9.967
0.39727807,0.042,-0.505,9.967
0.41317132,0.042,-0.505,9.967
0.42906445,0.08,-0.505,9.967
0.44495565,0.042,-0.505,10.005
0.46084806,0.08,-0.467,9.928
0.47673944,0.042,-0.505,10.005
0.49263158,0.042,-0.505,9.967
0.50852406,0.08,-0.505,9.967
0.52441406,0.08,-0.505,9.967
0.5403052,0.042,-0.467,10.005
0.5561976,0.042,-0.505,10.005
0.5720887,0.08,-0.505,9.967
0.5879818,0.08,-0.467,10.005
0.6038717,0.08,-0.505,9.967
0.6197633,0.042,-0.505,9.967
0.6356524,0.08,-0.467,9.967
0.65154415,0.08,-0.505,10.005
0.66743296,0.08,-0.505,9.967
0.6833242,0.08,-0.467,9.967
0.69921535,0.08,-0.505,9.967
0.7151049,0.042,-0.505,9.967
0.73099524,0.08,-0.505,9.967
0.7468859,0.08,-0.505,9.967
0.76277626,0.08,-0.505,9.967
0.77866685,0.08,-0.505,9.967
0.7945575,0.042,-0.505,9.967
0.81044734,0.042,-0.505,9.967
0.82633775,0.042,-0.505,9.967
0.8422273,0.042,-0.467,9.967
0.8581169,0.042,-0.505,9.967
0.8740065,0.042,-0.505,9.967
0.88989586,0.042,-0.467,9.967
0.9057848,0.042,-0.505,9.967
0.921675,0.042,-0.505,9.967
0.9375645,0.08,-0.505,9.967
0.95345217,0.08,-0.505,9.967
