TIME,X,Y,Z
0.0,-0.034,-0.697,9.967
0.003977615,0.003,-0.735,9.967
0.007955305,0.003,-0.735,9.967
0.011933305,-0.034,-0.773,9.967
0.015910381,-0.034,-0.697,9.967
0.019887602,0.003,-0.735,9.928
0.023864524,0.003,-0.735,10.005
0.027841756,0.003,-0.697,10.043
0.031819455,-0.034,-0.697,10.005
0.035797223,0.003,-0.735,9.967
0.039774608,0.003,-0.697,9.967
0.04375177,0.042,-0.697,9.967
0.047728844,0.003,-0.735,9.967
0.051706538,0.042,-0.697,9.967
0.055684153,0.003,-0.697,10.005
0.059661686,0.003,-0.697,10.005
0.06363954,0.042,-0.697,10.005
0.06761723,-0.034,-0.697,10.043
0.071594685,-0.034,-0.658,9.967
0.07557185,0.003,-0.735,10.005
0.07954934,0.003,-0.697,9.967
0.08352688,0.003,-0.697,10.005
0.087503955,0.003,-0.697,9.928
0.091481216,0.003,-0.697,9.967
0.09545806,0.003,-0.697,9.928
0.0994356,0.003,-0.697,9.967
0.10341314,0.003,-0.735,9.967
0.10739084,0.003,-0.735,9.967
0.11136868,0.042,-0.697,10.005
0.11534608,0.003,-0.697,9.967
0.11932354,-0.034,-0.697,10.005
0.12330115,0.003,-0.735,9.967
0.12727888,0.003,-0.697,10.005
0.13125634,0.003,-0.658,10.005
0.13523412,0.042,-0.697,10.005
0.13921127,0.003,-0.697,10.005
