TIME,X,Y,Z
0.003978461,0.003,-0.735,9.967
0.007956826,0.003,-0.773,9.967
0.011935057,-0.034,-0.773,10.005
0.015912749,0.003,-0.773,9.967
0.019890828,0.003,-0.773,10.005
0.023868984,0.003,-0.773,10.005
0.027846828,0.003,-0.735,9.89
0.03182436,0.003,-0.735,9.967
0.03580259,0.003,-0.773,10.043
0.03978059,0.003,-0.773,9.967
0.04375852,0.003,-0.735,9.967
0.04773606,0.003,-0.735,9.967
0.05171406,-0.034,-0.735,9.967
0.05569137,0.003,-0.735,9.967
0.05966914,-0.034,-0.773,10.005
0.0636466,0.003,-0.773,10.005
0.067623995,0.003,-0.735,9.967
0.07160229,0.003,-0.773,10.005
0.07558037,0.003,-0.735,9.967
0.079558305,0.042,-0.773,9.967
0.083536156,0.003,-0.735,9.967
0.0875143,0.003,-0.773,9.967
0.09149248,0.042,-0.735,9.967
0.095469944,0.003,-0.773,10.005
0.0994474,0.003,-0.735,10.005
0.10342533,0.003,-0.735,9.967
0.10740371,0.003,-0.735,10.005
0.11138171,0.003,-0.697,9.928
0.11535979,0.003,-0.735,10.005
0.119338095,0.003,-0.735,10.005
0.123316325,0.003,-0.735,9.967
0.12729454,0.003,-0.773,9.967
0.131273,0.003,-0.773,9.928
0.13525148,0.003,-0.773,10.005
0.1392297,0.003,-0.773,9.928
0.143207,0.003,-0.773,10.005
0.14718468,0.003,-0.735,9.967
0.151162,0.003,-0.735,9.967
0.15513977,-0.034,-0.773,10.005
0.15911753,0.003,-0.773,9.967
0.16309555,-0.034,-0.735,9.967
0.16707318,0.003,-0.735,9.967
0.17105101,-0.034,-0.735,9.967
0.17502886,-0.034,-0.735,10.005
0.17900717,0.003,-0.735,9.967
0.1829854,0.003,-0.773,10.043
0.18696356,0.003,-0.773,9.967
0.19094163,0.003,-0.735,10.005
0.19491917,-0.034,-0.735,10.005
0.19889659,0.003,-0.735,10.005
0.20287459,0.003,-0.735,10.005
0.20685273,0.003,-0.773,9.967
0.21083097,0.003,-0.735,9.928
0.21480913,0.003,-0.735,9.967
0.21878745,0.003,-0.735,9.967
0.22276513,0.042,-0.735,10.005
0.22674352,0.003,-0.697,10.005
0.2307216,0.003,-0.735,10.005
0.2346994,0.003,-0.773,9.967
0.23867716,0.042,-0.735,9.967
0.24265584,0.003,-0.735,9.928
0.24663416,-0.034,-0.735,9.928
0.2506117,0.003,-0.735,9.967
0.25458953,-0.034,-0.735,10.005
0.2585679,0.003,-0.773,9.967
0.26254606,0.003,-0.773,10.005
0.26652452,0.003,-0.735,9.967
0.27050287,0.003,-0.773,10.005
0.2744815,0.003,-0.773,10.005
0.27845976,0.003,-0.735,9.967
0.28243697,0.003,-0.773,9.967
0.2864149,0.003,-0.773,9.967
0.29039273,0.003,-0.735,9.967
0.2943705,0.003,-0.773,9.928
0.29834864,-0.034,-0.773,10.043
0.30232626,-0.034,-0.735,9.967
0.30630484,0.003,-0.773,9.967
0.31028342,0.003,-0.773,9.967
0.3142615,0.003,-0.773,9.967
