TIME,X,Y,Z
0.17897497,0.003,-0.697,9.928
0.18295199,0.003,-0.658,10.005
0.18692866,-0.034,-0.658,10.005
0.19090559,0.003,-0.697,9.967
0.19488259,0.003,-0.658,9.967
0.19885981,0.003,-0.697,10.005
0.20283674,0.042,-0.697,9.967
0.20681359,0.003,-0.697,10.005
0.21079105,0.003,-0.735,9.967
0.2147679,-0.034,-0.697,9.967
0.21874467,0.003,-0.697,9.967
0.22272174,-0.034,-0.735,9.967
0.22669898,0.003,-0.735,9.928
0.23067574,0.003,-0.735,10.005
0.23465264,-0.034,-0.697,10.005
0.23862927,0.003,-0.697,9.928
0.24260612,0.003,-0.697,9.967
0.2465825,0.003,-0.697,9.967
0.25055918,0.003,-0.697,10.005
0.25453612,0.042,-0.735,10.005
0.2585144,0.003,-0.697,9.967
0.26249227,0.042,-0.697,10.043
0.26646954,0.003,-0.697,9.967
0.2704461,-0.034,-0.697,9.967
0.2744229,0.003,-0.697,9.967
0.27839968,0.003,-0.658,9.967
0.28237623,0.003,-0.697,9.967
0.28635344,0.003,-0.697,9.967
0.29033107,0.003,-0.735,9.967
0.29430795,0.003,-0.697,10.005
0.2982846,0.003,-0.697,9.928
0.30226117,0.003,-0.735,9.967
0.30623752,0.042,-0.697,10.005
0.31021416,0.003,-0.735,10.043
0.31419143,0.003,-0.697,10.043
0.31816787,0.003,-0.735,9.967
0.32214448,0.003,-0.697,10.043
0.32612085,0.003,-0.697,10.043
0.33009773,0.003,-0.658,10.005
0.3340747,0.003,-0.697,10.005
0.33805236,0.003,-0.697,10.005
0.3420296,0.042,-0.658,10.005
0.34600642,0.042,-0.697,10.005
0.34998292,0.042,-0.697,10.005
0.35395983,0.003,-0.697,9.967
0.35793716,0.003,-0.697,9.928
0.3619143,0.003,-0.697,9.928
0.36589152,0.003,-0.735,10.005
0.36986822,0.003,-0.735,9.967
0.37384474,0.003,-0.735,9.967
0.3778216,0.003,-0.735,10.005
0.38179907,0.003,-0.697,10.005
0.38577655,0.003,-0.697,9.967
0.38975376,-0.034,-0.697,10.005
0.3937307,0.003,-0.697,9.967
0.39770755,0.003,-0.697,10.005
0.401685,0.003,-0.697,10.005
0.4056617,0.003,-0.697,9.967
0.40963918,-0.034,-0.697,10.005
0.41361654,-0.034,-0.697,10.005
0.41759402,0.003,-0.735,9.928
0.42157117,-0.034,-0.697,9.967
0.42554826,0.003,-0.697,10.005
0.4295248,0.042,-0.697,9.967
0.43350157,0.003,-0.735,9.967
0.4374784,0.003,-0.697,10.005
0.4414548,0.003,-0.697,9.928
0.4454314,-0.034,-0.697,9.967
0.44940832,0.003,-0.697,9.967
0.45338523,0.003,-0.697,9.928
0.45736185,0.003,-0.735,9.967
0.461338,0.003,-0.735,10.005
0.46531463,0.003,-0.697,9.928
0.4692914,0.003,-0.735,9.967
