TIME,X,Y,Z
0.0,0.118,-0.428,10.12
0.015865918,0.118,-0.428,9.928
0.03173385,0.118,-0.428,9.928
0.04760275,0.08,-0.428,9.967
0.06347143,0.08,-0.39,9.928
0.07933811,0.118,-0.428,9.967
0.095205426,0.118,-0.428,9.967
0.111073785,0.118,-0.428,9.967
0.12694193,0.118,-0.428,9.928
0.14280978,0.08,-0.428,9.967
0.158679,0.118,-0.428,9.967
0.17454769,0.118,-0.428,9.928
0.19041403,0.118,-0.428,9.967
0.20628117,0.118,-0.428,9.967
0.22214872,0.118,-0.428,9.967
0.23801653,0.118,-0.428,9.967
0.25388244,0.118,-0.428,9.967
0.26975107,0.118,-0.428,9.967
0.28561935,0.118,-0.428,9.967
0.3014869,0.118,-0.39,9.967
0.31735307,0.118,-0.428,9.967
0.33321914,0.118,-0.428,9.928
0.34908676,0.08,-0.428,9.967
0.36495328,0.118,-0.428,9.928
0.38082087,0.118,-0.428,9.928
0.39668787,0.118,-0.428,9.928
0.4125545,0.118,-0.428,10.043
0.42842066,0.118,-0.39,9.928
0.4442876,0.118,-0.428,9.928
0.46015343,0.118,-0.428,9.967
0.47602022,0.118,-0.428,9.967
0.49188936,0.08,-0.428,9.928
0.50775844,0.118,-0.428,9.967
0.5236278,0.118,-0.428,9.967
0.5394973,0.118,-0.428,9.967
0.5553649,0.08,-0.428,9.928
0.57123256,0.118,-0.428,9.967
0.5870998,0.118,-0.428,9.967
0.602967,0.118,-0.428,9.967
0.618834,0.118,-0.428,9.967
0.634702,0.118,-0.428,9.967
0.6505672,0.118,-0.428,9.967
0.66643447,0.118,-0.428,9.928
0.6823015,0.118,-0.428,9.967
0.6981677,0.118,-0.428,9.967
0.71403474,0.118,-0.428,9.928
0.72989976,0.118,-0.428,9.967
0.74576795,0.118,-0.428,9.967
0.7616338,0.118,-0.428,9.928
0.77750045,0.118,-0.428,9.928
0.7933665,0.118,-0.428,9.967
0.80923444,0.118,-0.428,9.967
0.8251023,0.118,-0.428,9.967
0.84096867,0.08,-0.428,9.967
0.85683435,0.118,-0.428,9.928
0.87269914,0.118,-0.428,9.928
0.8885653,0.118,-0.428,9.967
0.9044321,0.118,-0.428,9.967
0.9202971,0.118,-0.428,9.967
0.9361618,0.118,-0.428,9.928
0.9520278,0.118,-0.428,9.967
0.9678924,0.118,-0.428,9.967
0.9837586,0.118,-0.428,9.967
0.9996248,0.118,-0.428,9.928
1.0154897,0.08,-0.428,9.967
1.0313555,0.118,-0.428,9.967
1.0472224,0.118,-0.428,9.928
1.0630882,0.118,-0.428,9.967
1.0789547,0.118,-0.428,9.928
1.09482,0.118,-0.428,9.928
1.1106864,0.118,-0.428,9.967
1.1265522,0.118,-0.428,9.967
1.1424214,0.118,-0.428,9.967
1.1582888,0.118,-0.428,9.967
1.1741554,0.118,-0.428,9.967
