TIME,X,Y,Z
0.0,0.042,-0.543,10.082
0.015878828,-0.034,-0.467,9.967
0.031759202,-0.034,-0.467,9.967
0.047638353,0.003,-0.505,9.967
0.06351721,0.042,-0.505,10.005
0.07939929,0.003,-0.467,9.967
0.0952793,0.003,-0.467,9.967
0.11115908,0.003,-0.467,9.967
0.12703678,0.042,-0.505,9.967
0.1429178,0.003,-0.505,9.967
0.15879874,0.003,-0.505,9.967
0.17467889,0.042,-0.467,9.967
0.1905625,0.042,-0.505,9.967
0.20644374,0.003,-0.505,9.967
0.22232473,-0.034,-0.505,9.967
0.23820876,0.003,-0.505,9.967
0.25408807,0.042,-0.505,9.967
0.26996896,0.042,-0.467,10.005
0.28584966,-0.034,-0.467,9.967
0.30172995,0.003,-0.505,9.967
0.31761143,0.08,-0.505,9.967
0.333493,0.042,-0.505,9.967
0.3493746,0.003,-0.505,9.967
0.36525628,0.003,-0.505,9.967
0.38113767,0.042,-0.505,9.967
0.39702058,0.042,-0.505,10.005
0.4129025,0.003,-0.505,10.005
0.42878416,0.003,-0.467,9.967
0.44466576,0.003,-0.467,9.967
0.460549,0.003,-0.467,10.005
0.47643036,0.003,-0.467,9.967
0.49231404,0.003,-0.505,9.967
0.50819486,0.003,-0.505,9.967
0.52407634,0.042,-0.505,10.005
0.53995574,0.042,-0.543,10.005
0.5558386,0.003,-0.505,10.005
0.57171947,0.003,-0.505,9.967
0.5876003,0.003,-0.467,9.967
0.60348254,0.003,-0.467,9.967
0.6193645,0.003,-0.467,9.967
0.635244,0.003,-0.467,10.005
0.651127,0.042,-0.467,9.967
0.66700864,0.003,-0.505,9.967
0.6828903,0.003,-0.505,9.967
0.69877064,0.003,-0.505,10.005
0.71465033,0.003,-0.505,9.967
0.7305305,0.003,-0.543,9.967
0.7464087,0.003,-0.505,9.967
0.7622899,0.003,-0.505,9.967
0.7781699,0.003,-0.467,9.967
0.7940504,0.003,-0.467,9.967
0.8099304,0.003,-0.467,9.967
0.8258111,0.003,-0.505,9.967
0.8416935,0.003,-0.505,9.967
0.85757357,0.003,-0.505,9.967
0.87345403,0.003,-0.505,9.967
0.88933516,0.003,-0.505,9.967
0.9052159,0.042,-0.467,9.967
0.9210964,0.003,-0.505,10.005
0.93697613,0.003,-0.467,9.967
0.9528575,0.003,-0.467,9.967
0.9687391,0.003,-0.505,9.967
0.9846201,0.003,-0.505,9.967
1.000501,0.003,-0.505,9.967
1.0163813,0.003,-0.505,9.967
1.0322611,0.003,-0.505,9.89
1.048141,-0.034,-0.505,10.005
1.0640216,0.003,-0.505,10.005
1.0799024,0.003,-0.505,9.967
1.0957829,0.042,-0.467,9.967
1.1116642,0.003,-0.505,9.967
