TIME,X,Y,Z
0.0,0.003,-0.505,10.005
0.015873915,0.003,-0.467,9.967
0.031750593,0.003,-0.467,9.967
0.04762591,0.003,-0.467,9.967
0.063503586,0.003,-0.467,9.967
0.079380274,0.003,-0.505,10.005
0.09525466,0.003,-0.467,9.967
0.111129954,0.003,-0.467,9.967
0.12700637,0.042,-0.505,9.967
0.14288296,0.003,-0.467,9.967
0.15875964,0.003,-0.467,9.967
0.17463633,0.003,-0.467,9.967
0.19051142,0.003,-0.467,9.967
0.20638612,0.003,-0.505,9.967
0.22226264,0.003,-0.467,9.967
0.23813759,0.003,-0.505,9.967
0.2540142,0.003,-0.467,9.967
0.2698879,0.003,-0.467,9.967
0.28576353,0.003,-0.467,9.967
0.3016385,0.003,-0.467,9.967
0.31751353,0.003,-0.467,9.967
0.33338863,0.003,-0.467,9.967
0.34926388,0.003,-0.467,9.967
0.36513865,0.003,-0.467,9.967
0.38101372,0.003,-0.467,9.967
0.3968894,0.003,-0.467,9.928
0.4127651,0.003,-0.467,10.005
0.4286409,0.003,-0.467,9.967
0.4445171,0.003,-0.467,9.967
0.46039328,0.003,-0.505,9.967
0.47626808,0.003,-0.467,9.967
0.49214354,0.003,-0.467,9.967
0.5080204,0.003,-0.467,10.005
0.52389723,0.003,-0.467,9.967
0.53977346,0.003,-0.505,9.967
0.5556518,0.003,-0.505,9.967
0.57152915,0.003,-0.467,9.967
0.58740693,0.042,-0.467,9.967
0.6032836,0.042,-0.467,9.967
0.61916107,0.042,-0.505,9.967
0.63503695,0.003,-0.467,9.967
0.65091413,0.003,-0.467,10.005
0.6667903,0.003,-0.467,9.967
0.6826661,0.003,-0.467,10.005
0.69854254,0.003,-0.467,10.005
0.7144179,0.003,-0.505,9.967
0.73029345,0.003,-0.467,9.967
0.746171,0.003,-0.467,9.967
0.7620485,0.003,-0.467,9.967
0.77792567,0.003,-0.467,9.967
0.7938063,0.003,-0.467,9.967
0.8096855,0.003,-0.467,9.967
0.82556456,0.003,-0.467,9.967
0.8414439,0.003,-0.467,10.005
0.85732275,0.003,-0.467,10.005
0.8732014,0.003,-0.467,9.967
0.88908,0.003,-0.505,9.967
0.90495783,0.003,-0.467,9.967
0.92083764,0.003,-0.467,9.967
0.936717,0.003,-0.505,9.967
0.95259446,0.003,-0.467,9.967
0.9684739,0.003,-0.467,9.967
0.9843526,0.003,-0.467,9.967
1.00023,0.003,-0.467,9.967
1.0161052,0.003,-0.467,9.967
1.0319831,0.003,-0.467,9.967
1.047861,0.003,-0.467,9.967
1.063739,0.003,-0.467,9.967
1.0796155,0.003,-0.467,9.967
1.095493,0.003,-0.467,9.967
1.1113697,0.003,-0.467,9.967
