TIME,X,Y,Z
0.0,0.003,-0.467,9.852
0.015883073,0.003,-0.505,10.043
0.031765275,0.003,-0.505,9.967
0.047646664,0.003,-0.467,9.967
0.06352705,0.003,-0.505,9.967
0.07940582,0.003,-0.467,9.967
0.095285304,0.003,-0.467,9.967
0.11116416,0.003,-0.467,9.967
0.12704434,0.003,-0.505,9.967
0.14292525,0.003,-0.467,9.967
0.15880671,0.042,-0.467,9.967
0.17468756,0.042,-0.505,10.005
0.19056973,0.003,-0.467,10.005
0.20644967,0.003,-0.505,9.967
0.22233067,0.003,-0.505,9.967
0.2382124,0.003,-0.467,9.967
0.25409457,0.003,-0.467,9.967
0.26997635,0.003,-0.505,9.967
0.28585705,0.003,-0.505,9.967
0.30173913,0.003,-0.505,9.967
0.31761998,0.003,-0.505,9.967
0.33350012,0.003,-0.467,9.967
0.34937882,0.003,-0.467,9.967
0.3652588,0.003,-0.467,9.967
0.38113683,0.042,-0.505,9.967
0.3970171,0.003,-0.505,10.005
0.41289708,0.003,-0.467,9.967
0.42877793,0.003,-0.505,10.005
0.44465825,0.003,-0.467,9.928
0.4605405,0.003,-0.467,10.005
0.4764233,0.042,-0.467,10.005
0.49230522,0.042,-0.505,9.928
0.5081862,0.003,-0.505,10.043
0.52406806,0.003,-0.505,9.967
0.53994864,0.003,-0.467,9.967
0.5558313,0.003,-0.505,9.967
0.57171506,0.003,-0.505,9.967
0.5875975,0.003,-0.467,10.005
0.60347974,0.003,-0.467,9.967
0.6193633,0.003,-0.505,9.967
0.6352472,0.003,-0.505,9.967
0.65113115,0.003,-0.505,9.967
0.6670142,0.003,-0.467,10.005
0.6828978,0.003,-0.467,9.967
0.6987816,0.003,-0.505,10.005
0.7146667,0.003,-0.467,9.967
0.7305508,0.003,-0.467,9.967
0.74643564,0.003,-0.467,9.967
0.7623188,0.003,-0.505,9.967
0.7782027,0.003,-0.505,9.967
0.7940857,0.003,-0.505,9.967
0.80996746,0.003,-0.467,9.967
0.8258509,0.003,-0.505,9.967
0.8417349,0.003,-0.505,9.967
0.85761887,0.003,-0.505,9.967
0.87350255,0.003,-0.505,9.967
0.8893859,0.003,-0.467,9.967
