TIME,X,Y,Z
0.0,0.118,-0.428,9.89
0.015854921,0.118,-0.428,10.005
0.031707905,0.118,-0.428,9.967
0.047562137,0.08,-0.428,9.967
0.0634182,0.08,-0.428,9.967
0.07927265,0.118,-0.428,9.967
0.095128186,0.118,-0.428,9.967
0.11098333,0.118,-0.428,9.967
0.1268394,0.118,-0.428,9.967
0.14269416,0.118,-0.428,9.967
0.15854931,0.118,-0.428,9.967
0.1744066,0.118,-0.428,9.967
0.19026138,0.118,-0.428,10.005
0.20611791,0.118,-0.39,9.967
0.22197406,0.118,-0.428,9.928
0.23782961,0.118,-0.428,9.967
0.25368607,0.118,-0.428,9.967
0.2695405,0.118,-0.428,9.967
0.28539363,0.118,-0.428,9.967
0.30124864,0.118,-0.428,9.967
0.31710145,0.118,-0.428,9.967
0.33295417,0.118,-0.428,9.967
0.34880868,0.118,-0.428,9.967
0.36466157,0.118,-0.428,9.967
0.38051513,0.118,-0.428,9.967
0.39636698,0.157,-0.428,9.967
0.4122203,0.118,-0.428,9.967
0.42807475,0.118,-0.428,9.967
0.44392636,0.118,-0.39,9.967
0.45977694,0.118,-0.428,9.967
0.4756286,0.118,-0.428,9.967
0.4914816,0.118,-0.428,9.967
0.5073356,0.118,-0.428,9.967
0.5231882,0.118,-0.428,9.967
0.5390415,0.118,-0.39,9.967
0.5548954,0.118,-0.428,9.967
0.5707463,0.118,-0.428,9.967
0.58659613,0.118,-0.428,9.967
0.6024469,0.118,-0.467,9.967
0.61829996,0.118,-0.428,9.928
0.6341514,0.118,-0.428,9.967
0.650002,0.118,-0.428,9.967
0.66585463,0.118,-0.428,9.967
0.68170583,0.118,-0.428,9.967
0.6975581,0.118,-0.428,9.967
0.7134091,0.118,-0.428,9.967
0.7292612,0.118,-0.428,9.967
0.74511206,0.118,-0.428,9.967
0.7609648,0.118,-0.428,9.967
0.7768171,0.118,-0.428,9.967
0.79266727,0.118,-0.428,9.967
0.8085186,0.118,-0.428,9.967
0.82437176,0.118,-0.428,9.967
0.84022325,0.118,-0.428,9.967
0.8560761,0.118,-0.428,9.928
0.8719289,0.157,-0.428,9.967
0.8877805,0.118,-0.39,9.967
0.9036336,0.118,-0.428,9.967
0.91948724,0.118,-0.428,9.967
0.93534166,0.118,-0.428,9.967
0.9511939,0.118,-0.428,9.967
0.967047,0.118,-0.39,9.967
0.9828999,0.118,-0.428,9.967
0.9987533,0.118,-0.428,9.967
1.0146056,0.118,-0.428,9.967
1.0304581,0.118,-0.428,9.967
1.0463098,0.118,-0.428,9.967
1.0621623,0.118,-0.428,9.967
1.0780143,0.118,-0.428,9.967
1.0938686,0.118,-0.428,9.967
1.1097223,0.118,-0.428,9.928
1.1255771,0.118,-0.428,10.005
1.1414312,0.118,-0.467,9.967
