TIME,X,Y,Z
0.0,0.08,-0.467,9.814
0.015882146,0.08,-0.505,10.043
0.031764057,0.08,-0.505,9.967
0.04764428,0.08,-0.467,9.967
0.06352768,0.08,-0.467,9.967
0.07941121,0.118,-0.467,9.967
0.09529367,0.08,-0.467,9.967
0.111175366,0.08,-0.467,9.967
0.12705876,0.08,-0.467,9.967
0.14294168,0.08,-0.467,9.928
0.15882576,0.08,-0.467,9.967
0.17471036,0.08,-0.505,9.967
0.19059376,0.08,-0.467,9.967
0.20647693,0.08,-0.467,9.967
0.2223589,0.08,-0.467,9.967
0.23824036,0.08,-0.467,9.967
0.25412363,0.08,-0.467,9.967
0.27000585,0.08,-0.467,9.967
0.2858862,0.08,-0.505,9.967
0.30176735,0.08,-0.467,9.967
0.3176507,0.08,-0.467,10.005
0.3335338,0.08,-0.467,9.967
0.34941795,0.08,-0.505,9.967
0.36530095,0.08,-0.467,10.005
0.38118497,0.08,-0.505,9.967
0.3970684,0.08,-0.505,9.928
0.41295218,0.08,-0.505,10.005
0.42883557,0.08,-0.505,9.967
0.44471735,0.08,-0.505,9.967
0.4605998,0.08,-0.467,10.005
0.47648197,0.08,-0.505,9.967
0.49236292,0.08,-0.505,9.928
0.5082458,0.042,-0.467,9.967
0.5241305,0.08,-0.467,9.967
0.54001373,0.08,-0.505,10.005
0.55589825,0.08,-0.505,9.967
0.5717845,0.08,-0.505,9.967
0.58766985,0.08,-0.467,9.967
0.6035534,0.08,-0.505,9.967
0.6194385,0.08,-0.505,9.967
0.6353231,0.08,-0.467,9.967
0.6512069,0.08,-0.467,9.967
0.66708916,0.08,-0.505,9.967
0.68297386,0.08,-0.467,9.967
0.69885844,0.08,-0.505,9.967
0.71474344,0.08,-0.467,9.967
0.7306257,0.08,-0.505,9.967
0.7465097,0.08,-0.467,9.967
0.7623909,0.08,-0.467,9.967
0.77827483,0.08,-0.467,9.967
0.79415774,0.08,-0.467,9.967
0.81004184,0.08,-0.467,9.967
0.82592446,0.08,-0.467,9.967
0.84180754,0.08,-0.467,9.928
0.8576913,0.08,-0.467,9.967
0.87357444,0.08,-0.505,9.967
0.8894589,0.08,-0.467,9.967
0.90534204,0.08,-0.467,9.967
0.9212249,0.08,-0.505,9.928
