TIME,X,Y,Z
0.0,0.08,-0.467,9.967
0.01588681,0.042,-0.467,9.967
0.031773347,0.08,-0.505,9.967
0.04765826,0.118,-0.467,10.005
0.06354425,0.118,-0.467,9.967
0.07942978,0.08,-0.467,9.967
0.095315784,0.042,-0.505,9.967
0.11120224,0.042,-0.505,9.967
0.12708963,0.08,-0.467,9.967
0.1429777,0.118,-0.467,9.967
0.15886582,0.08,-0.505,9.967
0.17475429,0.08,-0.467,9.967
0.19064023,0.08,-0.467,9.967
0.20652659,0.08,-0.467,9.967
0.22241296,0.08,-0.505,9.967
0.23829825,0.08,-0.505,9.967
0.25418434,0.08,-0.467,10.005
0.2700714,0.08,-0.467,9.967
0.28595808,0.08,-0.467,9.967
0.30184323,0.08,-0.467,9.967
0.3177291,0.042,-0.467,9.967
0.33361602,0.08,-0.467,9.967
0.34950474,0.08,-0.467,9.928
0.36539078,0.08,-0.505,9.967
0.38127995,0.08,-0.467,10.005
0.39716727,0.08,-0.467,9.928
0.41305375,0.08,-0.467,10.005
0.42894113,0.08,-0.505,9.967
0.4448273,0.08,-0.467,10.005
0.46071294,0.08,-0.467,9.928
0.47659957,0.08,-0.505,9.967
0.49248666,0.08,-0.505,10.005
0.5083719,0.08,-0.505,9.967
0.52425915,0.08,-0.467,9.928
0.54014605,0.08,-0.467,9.967
0.5560327,0.08,-0.505,9.967
0.571919,0.08,-0.505,9.967
0.58780307,0.08,-0.505,9.967
0.60368925,0.08,-0.467,9.967
0.6195756,0.08,-0.467,9.967
0.63546145,0.042,-0.467,9.967
0.6513468,0.08,-0.467,9.967
0.6672309,0.08,-0.467,9.967
0.68311644,0.08,-0.467,9.967
0.69900423,0.08,-0.505,9.967
0.71489096,0.08,-0.467,9.967
0.7307792,0.08,-0.467,9.928
0.7466661,0.08,-0.505,9.967
0.7625518,0.08,-0.505,9.967
0.77843857,0.08,-0.467,9.967
0.7943256,0.08,-0.467,9.967
0.81021285,0.08,-0.505,9.928
0.8260985,0.08,-0.467,9.967
0.84198433,0.08,-0.467,9.967
0.8578712,0.08,-0.467,9.967
0.87375826,0.08,-0.505,9.967
0.8896464,0.08,-0.505,9.967
0.9055324,0.08,-0.467,9.967
