TIME,X,Y,Z
0.0,0.08,-0.467,9.775
0.01588616,0.08,-0.505,10.043
0.031770803,0.08,-0.467,9.967
0.047656942,0.118,-0.467,9.967
0.0635434,0.08,-0.467,9.967
0.07943018,0.08,-0.467,9.967
0.09531565,0.08,-0.467,9.967
0.111201085,0.08,-0.467,9.967
0.12708664,0.042,-0.505,9.967
0.14297043,0.08,-0.467,10.005
0.15885766,0.08,-0.467,10.005
0.17474514,0.08,-0.467,9.967
0.19063084,0.08,-0.467,9.928
0.2065176,0.042,-0.467,9.967
0.22240616,0.08,-0.505,9.967
0.2382951,0.08,-0.467,9.967
0.25418183,0.08,-0.505,9.967
0.27006906,0.08,-0.467,9.967
0.2859563,0.08,-0.467,9.967
0.30184436,0.08,-0.505,9.967
0.31773016,0.08,-0.505,9.967
0.33361563,0.08,-0.467,9.967
0.34950185,0.08,-0.467,9.967
0.365388,0.08,-0.467,10.005
0.38127112,0.08,-0.467,10.005
0.3971569,0.08,-0.505,9.928
0.41304204,0.08,-0.467,10.005
0.42892623,0.08,-0.505,9.928
0.44480944,0.08,-0.467,10.005
0.46069452,0.08,-0.505,9.928
0.4765802,0.08,-0.505,9.967
0.4924634,0.08,-0.505,10.005
0.50834835,0.08,-0.467,9.967
0.5242335,0.08,-0.467,9.967
0.54011905,0.08,-0.505,9.967
0.5560051,0.08,-0.467,9.967
0.5718904,0.08,-0.467,9.928
0.5877742,0.08,-0.467,9.967
0.60365987,0.08,-0.505,9.967
0.6195479,0.08,-0.467,9.967
0.6354333,0.08,-0.467,9.928
0.65131825,0.08,-0.467,9.967
0.66720396,0.08,-0.505,9.967
0.6830906,0.08,-0.467,9.967
0.69897646,0.08,-0.505,9.967
0.71486187,0.08,-0.467,10.005
0.73074836,0.08,-0.467,9.967
0.7466338,0.08,-0.505,9.967
0.7625211,0.08,-0.467,9.967
0.7784089,0.08,-0.467,9.967
0.7942976,0.08,-0.467,9.967
0.8101839,0.08,-0.467,9.967
0.8260712,0.08,-0.467,9.967
0.8419581,0.08,-0.505,9.967
0.85784245,0.08,-0.467,9.967
0.8737266,0.08,-0.505,9.967
0.88961124,0.08,-0.505,9.967
0.9054962,0.08,-0.467,9.967
