TIME,X,Y,Z
0.0,0.08,-0.467,10.12
0.015878068,0.08,-0.467,9.967
0.031755,0.08,-0.467,9.967
0.04763246,0.08,-0.505,9.967
0.06351062,0.08,-0.467,9.967
0.07939024,0.08,-0.467,9.967
0.09526985,0.08,-0.467,9.967
0.11114931,0.08,-0.467,9.967
0.12702839,0.08,-0.467,9.967
0.14290525,0.08,-0.467,9.967
0.15878114,0.08,-0.467,9.928
0.17465858,0.08,-0.467,9.967
0.19053641,0.08,-0.505,9.967
0.20641287,0.118,-0.467,10.005
0.22228998,0.08,-0.467,9.967
0.23816669,0.08,-0.467,9.967
0.25404307,0.118,-0.467,9.967
0.26992,0.118,-0.467,9.967
0.28579858,0.08,-0.505,9.967
0.30167624,0.08,-0.467,9.967
0.3175547,0.08,-0.467,9.967
0.333433,0.08,-0.467,10.005
0.34931082,0.08,-0.505,10.005
0.36518967,0.08,-0.505,9.967
0.38106713,0.08,-0.467,9.967
0.3969432,0.08,-0.467,9.967
0.41282058,0.08,-0.467,9.928
0.4286986,0.118,-0.467,9.967
0.44457716,0.08,-0.467,9.967
0.46045542,0.08,-0.505,9.967
0.4763339,0.08,-0.467,10.005
0.4922122,0.118,-0.505,10.005
0.50809187,0.042,-0.467,9.967
0.52397025,0.08,-0.505,10.005
0.539852,0.08,-0.505,9.967
0.55573124,0.118,-0.505,9.967
0.57161146,0.08,-0.505,9.967
0.5874907,0.08,-0.505,9.967
0.6033667,0.08,-0.505,9.967
0.6192449,0.08,-0.467,9.967
0.63512033,0.08,-0.467,9.967
0.650997,0.08,-0.467,9.967
0.66687316,0.08,-0.467,10.005
0.6827525,0.118,-0.467,9.967
0.6986302,0.08,-0.467,9.928
0.71450984,0.08,-0.467,9.967
0.73038834,0.08,-0.505,9.967
0.74626845,0.08,-0.505,9.967
0.76214784,0.08,-0.467,9.967
0.77802646,0.08,-0.505,9.967
0.793905,0.08,-0.467,9.967
0.8097853,0.08,-0.467,9.967
0.8256659,0.08,-0.467,9.967
0.84154475,0.08,-0.467,9.967
0.8574248,0.08,-0.467,9.967
0.87330526,0.118,-0.467,9.967
0.88918406,0.08,-0.505,9.967
0.9050632,0.08,-0.467,9.967
0.9209418,0.08,-0.467,9.967
0.9368235,0.08,-0.505,9.967
0.95270354,0.08,-0.467,9.967
0.96858513,0.08,-0.467,9.967
0.9844639,0.08,-0.505,9.967
1.0003448,0.08,-0.505,9.967
1.0162272,0.08,-0.467,9.967
1.0321075,0.08,-0.467,9.967
1.0479877,0.08,-0.505,9.967
1.0638658,0.08,-0.505,9.967
1.0797441,0.08,-0.467,9.967
1.095623,0.118,-0.505,9.967
1.111503,0.08,-0.467,9.928
1.1273826,0.08,-0.467,10.005
