TIME,X,Y,Z
0.0,0.118,-0.428,9.967
0.015855594,0.118,-0.428,9.967
0.031710185,0.118,-0.428,9.967
0.047565427,0.118,-0.428,9.967
0.06342128,0.118,-0.428,9.928
0.07927612,0.118,-0.428,9.967
0.09513305,0.118,-0.428,9.928
0.11098906,0.118,-0.428,9.967
0.12684512,0.118,-0.428,9.967
0.14270131,0.118,-0.39,9.967
0.15855858,0.118,-0.428,9.967
0.17441465,0.118,-0.428,9.967
0.19026987,0.118,-0.428,9.967
0.20612489,0.118,-0.428,9.967
0.22198196,0.118,-0.428,9.967
0.23783895,0.118,-0.428,9.967
0.25369465,0.118,-0.428,9.967
0.26955083,0.118,-0.467,9.967
0.28540814,0.118,-0.428,9.967
0.30126268,0.118,-0.428,9.967
0.31711975,0.08,-0.428,9.928
0.33297673,0.118,-0.428,9.967
0.34883362,0.118,-0.428,9.967
0.3646914,0.118,-0.428,9.967
0.38054973,0.118,-0.39,9.928
0.39640623,0.118,-0.428,9.967
0.41226083,0.08,-0.428,9.967
0.4281166,0.118,-0.428,9.967
0.44397193,0.118,-0.428,9.967
0.45982975,0.118,-0.428,9.967
0.47568676,0.08,-0.428,9.967
0.49154404,0.118,-0.428,9.928
0.5073993,0.118,-0.428,9.967
0.52325505,0.118,-0.428,9.967
0.53911155,0.118,-0.428,9.928
0.5549666,0.118,-0.467,9.928
0.5708218,0.118,-0.467,9.89
0.5866781,0.118,-0.428,9.928
0.6025347,0.118,-0.428,9.967
0.61839104,0.118,-0.428,9.967
0.6342474,0.118,-0.428,9.967
0.6501045,0.118,-0.428,10.005
0.6659613,0.118,-0.428,9.967
0.681818,0.118,-0.428,9.967
0.69767463,0.118,-0.428,9.967
0.7135299,0.118,-0.428,9.967
0.72938526,0.118,-0.428,9.967
0.7452413,0.118,-0.428,9.967
0.7610946,0.118,-0.428,9.967
0.77694815,0.118,-0.428,9.967
0.79280216,0.118,-0.428,9.967
0.80865735,0.118,-0.428,9.967
0.82451355,0.118,-0.428,9.967
0.8403683,0.118,-0.428,9.967
0.8562223,0.118,-0.428,9.967
0.8720782,0.118,-0.428,9.967
0.88793343,0.118,-0.39,9.928
0.9037891,0.118,-0.428,9.967
0.9196442,0.118,-0.428,9.967
0.93550044,0.118,-0.428,9.928
0.9513563,0.118,-0.428,9.967
0.96721,0.118,-0.428,9.967
0.98306614,0.118,-0.428,9.967
0.9989189,0.118,-0.428,9.967
1.014772,0.118,-0.428,9.967
1.0306256,0.118,-0.428,9.967
1.04648,0.118,-0.428,9.967
