TIME,X,Y,Z
0.0,0.118,-0.467,9.928
0.015866991,0.118,-0.467,10.005
0.03173406,0.118,-0.467,9.967
0.047600187,0.08,-0.467,9.967
0.063466944,0.118,-0.467,9.967
0.079332955,0.118,-0.467,9.967
0.09519989,0.118,-0.467,9.967
0.111067586,0.08,-0.467,9.967
0.12693481,0.118,-0.467,9.967
0.14280082,0.118,-0.428,9.967
0.15866604,0.118,-0.467,9.967
0.17453098,0.118,-0.467,9.967
0.19039659,0.08,-0.467,9.928
0.20626074,0.118,-0.467,9.967
0.22212581,0.118,-0.428,9.967
0.23799321,0.118,-0.467,9.967
0.25385872,0.08,-0.467,9.928
0.2697255,0.118,-0.428,9.967
0.2855932,0.08,-0.467,9.967
0.30145893,0.118,-0.428,9.967
0.31732386,0.118,-0.467,9.928
0.33319247,0.118,-0.467,9.967
0.3490607,0.118,-0.467,9.967
0.36492655,0.08,-0.467,9.967
0.38079327,0.118,-0.467,9.928
0.39665836,0.08,-0.467,9.967
0.41252238,0.118,-0.467,9.967
0.42839,0.118,-0.467,9.967
0.44425607,0.08,-0.467,9.967
0.4601196,0.118,-0.467,9.967
0.47598514,0.118,-0.467,9.967
0.49185246,0.08,-0.467,9.967
0.5077202,0.118,-0.467,10.005
0.5235877,0.118,-0.467,9.928
0.53945607,0.118,-0.467,10.005
0.5553219,0.118,-0.467,10.005
0.5711856,0.118,-0.467,9.967
0.58705235,0.118,-0.428,9.967
0.6029194,0.118,-0.428,9.967
0.61878484,0.118,-0.467,9.967
0.63464993,0.118,-0.467,10.005
0.6505151,0.118,-0.467,9.928
0.6663785,0.08,-0.467,10.005
0.68224156,0.118,-0.467,10.005
0.6981051,0.118,-0.467,10.005
0.7139682,0.118,-0.467,9.967
0.7298314,0.08,-0.428,9.967
0.74569696,0.08,-0.467,9.928
0.7615624,0.118,-0.428,9.967
0.77742666,0.118,-0.467,9.967
0.7932939,0.118,-0.467,9.967
0.80916023,0.08,-0.467,10.005
0.82502776,0.118,-0.467,9.967
0.84089315,0.08,-0.467,9.967
0.8567593,0.08,-0.467,9.967
0.87262356,0.118,-0.467,9.967
0.88848776,0.08,-0.467,9.967
0.9043527,0.118,-0.428,9.967
0.92021745,0.08,-0.467,10.005
0.9360844,0.118,-0.467,9.967
0.9519489,0.118,-0.467,9.967
0.9678133,0.08,-0.428,9.967
0.9836773,0.118,-0.467,9.967
0.99954164,0.08,-0.467,9.967
1.0154057,0.118,-0.428,9.967
1.0312718,0.118,-0.467,9.928
1.0471376,0.118,-0.467,9.967
1.0630038,0.08,-0.467,9.967
