TIME,X,Y,Z
0.0,0.118,-0.428,10.12
0.015856382,0.118,-0.428,9.967
0.031712927,0.118,-0.428,9.967
0.04756971,0.08,-0.428,9.967
0.06342765,0.08,-0.428,9.967
0.07928581,0.118,-0.428,9.967
0.09514397,0.118,-0.428,10.005
0.11100267,0.118,-0.467,9.967
0.12686236,0.118,-0.428,9.967
0.14272167,0.118,-0.428,9.967
0.15857929,0.118,-0.428,9.967
0.17443669,0.118,-0.428,9.967
0.19029409,0.118,-0.428,9.967
0.20615406,0.08,-0.428,9.928
0.22201267,0.08,-0.428,9.967
0.23786975,0.08,-0.428,9.967
0.25372747,0.08,-0.428,9.967
0.26958427,0.118,-0.428,9.967
0.28544205,0.118,-0.428,9.928
0.30129966,0.08,-0.428,9.967
0.3171575,0.118,-0.428,9.967
0.33301526,0.118,-0.428,9.967
0.34887367,0.08,-0.428,9.967
0.36473233,0.118,-0.467,9.967
0.38059095,0.118,-0.428,9.967
0.39645013,0.118,-0.428,9.967
0.41230953,0.118,-0.428,9.967
0.42816743,0.118,-0.428,9.967
0.4440281,0.118,-0.428,9.967
0.45988655,0.08,-0.428,9.967
0.4757443,0.118,-0.428,9.967
0.4916027,0.118,-0.428,9.967
0.50746256,0.118,-0.428,9.928
0.5233221,0.118,-0.428,9.89
0.53918076,0.118,-0.428,9.967
0.5550416,0.118,-0.428,9.967
0.57090193,0.118,-0.428,10.005
0.5867597,0.118,-0.428,9.967
0.6026186,0.118,-0.467,9.928
0.6184769,0.118,-0.428,9.967
0.634335,0.118,-0.467,9.967
0.6501948,0.08,-0.428,9.89
0.6660551,0.08,-0.428,9.967
0.68191385,0.118,-0.428,9.967
0.6977718,0.118,-0.428,9.967
0.71362954,0.118,-0.428,9.967
0.72948676,0.118,-0.428,9.928
0.745345,0.118,-0.428,9.928
0.76120394,0.08,-0.428,9.967
0.77706355,0.118,-0.428,9.967
0.79292095,0.08,-0.428,10.005
0.80877864,0.118,-0.428,9.967
0.82463706,0.118,-0.428,9.967
0.840499,0.118,-0.428,9.967
0.85635763,0.08,-0.428,9.928
0.8722166,0.08,-0.428,9.967
0.88807595,0.118,-0.428,9.967
0.90393436,0.118,-0.428,9.967
0.9197938,0.118,-0.428,9.967
0.93565327,0.118,-0.428,9.928
0.95151454,0.118,-0.428,9.967
0.96737444,0.08,-0.428,9.928
0.98323596,0.118,-0.428,9.928
0.9990965,0.118,-0.428,10.005
1.0149595,0.118,-0.428,9.967
1.0308208,0.118,-0.428,9.928
1.0466821,0.118,-0.428,9.967
