TIME,X,Y,Z
0.0,0.501,-0.314,9.928
0.015806621,0.501,-0.314,9.928
0.031610776,0.463,-0.314,9.928
0.047413945,0.463,-0.275,9.928
0.06321733,0.501,-0.275,9.928
0.07902272,0.501,-0.314,9.928
0.094827615,0.501,-0.314,9.928
0.11063192,0.501,-0.314,9.928
0.12643887,0.463,-0.275,9.928
0.14224586,0.501,-0.275,9.928
0.15805061,0.501,-0.314,9.928
0.17385584,0.463,-0.314,9.928
0.18966107,0.501,-0.275,9.928
0.20546976,0.501,-0.275,9.928
0.22127753,0.501,-0.275,9.928
0.23708385,0.463,-0.275,9.928
0.2528928,0.463,-0.314,9.928
0.26869935,0.501,-0.314,9.928
0.2845058,0.501,-0.275,9.928
0.30031404,0.501,-0.314,9.928
0.31612214,0.501,-0.314,9.928
0.33192813,0.463,-0.314,9.928
0.34773454,0.463,-0.314,9.928
0.36354247,0.501,-0.314,9.928
0.37934893,0.501,-0.314,9.89
0.39515695,0.501,-0.275,9.928
0.4109636,0.501,-0.314,9.928
0.42677206,0.463,-0.314,9.928
0.44257733,0.463,-0.314,9.928
0.45838296,0.501,-0.275,9.928
0.474188,0.501,-0.275,9.928
0.48999324,0.501,-0.314,9.928
0.5057987,0.463,-0.314,9.928
0.5216067,0.463,-0.314,9.928
0.5374123,0.501,-0.275,9.928
0.5532201,0.501,-0.275,9.928
0.5690297,0.463,-0.314,9.928
0.5848395,0.501,-0.314,9.928
0.60064846,0.501,-0.275,9.928
0.616457,0.501,-0.314,9.928
0.6322632,0.501,-0.275,9.928
0.64806783,0.501,-0.314,9.928
0.66387236,0.463,-0.314,9.928
0.67967576,0.501,-0.275,9.928
0.69548255,0.501,-0.314,9.928
0.7112887,0.463,-0.314,9.928
0.7270955,0.501,-0.275,9.89
0.7429015,0.501,-0.314,9.89
0.7587073,0.463,-0.314,9.928
0.7745137,0.463,-0.314,9.928
0.79032123,0.501,-0.275,9.89
0.80612737,0.501,-0.275,9.928
0.8219331,0.463,-0.275,9.967
0.8377379,0.463,-0.314,9.89
0.85354394,0.463,-0.275,9.814
0.86934876,0.501,-0.314,10.005
0.88515425,0.54,-0.314,10.082
0.90096205,0.501,-0.314,9.967
0.9167686,0.463,-0.314,9.852
0.9325758,0.463,-0.314,9.89
