TIME,X,Y,Z
0.0,0.425,-0.314,9.928
0.015808847,0.463,-0.314,9.928
0.03161615,0.463,-0.314,9.928
0.047422387,0.463,-0.314,9.928
0.063228235,0.463,-0.275,9.928
0.07903216,0.463,-0.314,9.928
0.09483679,0.463,-0.314,9.928
0.11064187,0.463,-0.314,9.928
0.12644924,0.463,-0.314,9.928
0.1422564,0.425,-0.275,9.928
0.15806329,0.463,-0.275,9.928
0.17387074,0.463,-0.275,9.967
0.1896779,0.425,-0.275,9.928
0.20548266,0.463,-0.314,9.89
0.22128843,0.463,-0.314,9.89
0.23709437,0.463,-0.314,9.928
0.2529001,0.463,-0.314,9.928
0.26870838,0.463,-0.314,9.928
0.28451324,0.463,-0.314,9.928
0.30031994,0.463,-0.314,9.89
0.3161252,0.463,-0.275,9.89
0.33193043,0.463,-0.314,9.89
0.34773466,0.425,-0.314,9.928
0.3635391,0.463,-0.314,9.928
0.3793438,0.463,-0.275,9.928
0.39514983,0.463,-0.314,9.928
0.41095454,0.463,-0.314,9.928
0.42675877,0.463,-0.314,9.928
0.44256222,0.463,-0.275,9.89
0.4583665,0.463,-0.314,9.928
0.47417092,0.463,-0.314,9.928
0.48997712,0.463,-0.275,9.928
0.5057824,0.463,-0.314,9.928
0.5215864,0.425,-0.314,9.928
0.53739154,0.463,-0.314,9.928
0.55319524,0.463,-0.314,9.928
0.5690002,0.463,-0.275,9.928
0.58480585,0.463,-0.275,9.928
0.60061115,0.463,-0.314,9.928
0.61641705,0.463,-0.314,9.89
0.63222206,0.463,-0.314,9.928
0.64802617,0.463,-0.314,9.928
0.6638311,0.463,-0.314,9.928
0.6796352,0.463,-0.314,9.928
0.6954405,0.463,-0.275,9.928
0.7112456,0.463,-0.275,9.928
0.72704846,0.463,-0.314,9.928
0.742853,0.463,-0.314,9.89
0.75865835,0.463,-0.275,9.928
0.7744624,0.463,-0.314,9.89
0.79026824,0.463,-0.275,9.928
0.80607164,0.463,-0.275,9.928
0.8218762,0.463,-0.314,9.928
0.83768183,0.463,-0.275,9.928
0.853487,0.463,-0.275,9.928
0.86929125,0.463,-0.314,9.928
0.88509566,0.463,-0.314,9.89
0.90090024,0.463,-0.314,9.89
0.9167052,0.463,-0.275,9.89
0.93251026,0.425,-0.314,9.814
0.9483153,0.501,-0.314,10.12
0.9641196,0.501,-0.275,10.005
0.97992325,0.463,-0.275,9.928
