TIME,X,Y,Z
0.0,1.037,-2.42,9.814
0.01584555,1.037,-2.42,9.699
0.03169184,1.037,-2.42,9.775
0.04753845,1.037,-2.42,9.737
0.063383915,1.037,-2.42,9.737
0.079231314,1.037,-2.42,9.737
0.09507878,1.037,-2.42,9.737
0.11092664,1.037,-2.42,9.737
0.12677172,1.037,-2.42,9.737
0.14261521,1.037,-2.42,9.775
0.15846068,1.037,-2.42,9.737
0.1743072,1.037,-2.42,9.699
0.19015306,1.037,-2.42,9.737
0.20599805,1.037,-2.42,9.737
0.2218426,1.037,-2.42,9.737
0.23768616,1.037,-2.42,9.737
0.25353226,1.037,-2.42,9.737
0.2693778,0.999,-2.42,9.737
0.28522173,0.999,-2.42,9.737
0.3010683,1.037,-2.42,9.737
0.3169156,1.037,-2.42,9.737
0.3327622,1.037,-2.42,9.737
0.34860724,1.037,-2.382,9.699
0.36445454,1.037,-2.42,9.737
0.38030133,1.037,-2.42,9.737
0.39614856,1.037,-2.42,9.737
0.41199532,1.037,-2.42,9.737
0.4278442,1.037,-2.382,9.737
0.4436917,1.037,-2.42,9.737
0.45953834,1.037,-2.42,9.699
0.4753854,1.037,-2.42,9.737
0.49123597,0.999,-2.42,9.737
0.5070836,1.037,-2.42,9.737
0.5229305,1.037,-2.382,9.699
0.5387778,1.037,-2.42,9.737
0.55462587,1.037,-2.42,9.775
0.5704715,1.037,-2.42,9.737
0.586319,1.037,-2.42,9.737
0.6021671,1.037,-2.42,9.737
0.6180125,1.037,-2.42,9.737
0.63386154,1.037,-2.42,9.737
0.6497093,1.037,-2.42,9.699
0.6655551,1.037,-2.42,9.737
0.68139875,1.037,-2.42,9.737
0.6972436,1.037,-2.42,9.737
0.713087,1.037,-2.42,9.699
0.7289322,0.999,-2.42,9.737
0.74477595,1.037,-2.42,9.737
0.76062113,1.037,-2.42,9.737
0.77646536,1.037,-2.42,9.737
0.79230905,1.037,-2.382,9.737
0.8081552,1.037,-2.42,9.737
0.82400227,1.037,-2.42,9.737
0.8398496,1.037,-2.42,9.737
0.8556988,1.037,-2.42,9.737
0.8715455,1.037,-2.42,9.737
0.88739276,1.037,-2.42,9.699
0.9032402,1.037,-2.42,9.775
0.9190848,1.037,-2.42,9.737
0.93493074,1.037,-2.42,9.737
0.950777,1.037,-2.42,9.737
0.9666235,1.037,-2.42,9.737
0.9824673,1.037,-2.42,9.737
