TIME,X,Y,Z
0.0,1.037,-2.42,9.66
0.015845606,1.037,-2.42,9.814
0.031691756,1.037,-2.42,9.699
0.047537297,1.037,-2.42,9.775
0.063383065,1.037,-2.42,9.699
0.079229295,1.037,-2.42,9.775
0.09507492,1.037,-2.42,9.737
0.110921465,1.037,-2.42,9.699
0.12676585,1.037,-2.382,9.737
0.14261055,1.037,-2.42,9.737
0.15845655,1.037,-2.382,9.737
0.1743034,1.037,-2.42,9.737
0.19014955,1.037,-2.42,9.737
0.20599517,1.037,-2.42,9.737
0.2218397,1.037,-2.42,9.775
0.23768371,1.037,-2.382,9.737
0.25352842,1.037,-2.42,9.737
0.26937345,1.037,-2.42,9.699
0.28521836,1.037,-2.42,9.737
0.3010637,1.037,-2.42,9.699
0.31690866,1.037,-2.382,9.737
0.33275545,1.037,-2.42,9.737
0.3486012,1.037,-2.382,9.814
0.36444497,1.037,-2.42,9.66
0.3802895,1.037,-2.42,9.737
0.39613503,0.999,-2.42,9.775
0.41198194,1.037,-2.42,9.814
0.42782673,1.037,-2.42,9.699
0.44367298,1.037,-2.42,9.775
0.45951784,1.037,-2.42,9.699
0.47536272,1.037,-2.42,9.699
0.49120584,1.037,-2.42,9.775
0.507052,1.037,-2.42,9.699
0.5228962,1.037,-2.42,9.775
0.53874075,1.037,-2.42,9.699
0.55458623,1.037,-2.382,9.737
0.57043064,1.037,-2.42,9.737
0.58627415,1.037,-2.42,9.737
0.60211873,1.037,-2.42,9.737
0.6179628,1.037,-2.42,9.737
0.6338074,1.037,-2.382,9.737
0.64965373,1.037,-2.42,9.699
0.6654988,0.999,-2.42,9.737
0.68134344,0.999,-2.382,9.737
0.69718814,1.037,-2.382,9.737
0.71303105,1.037,-2.42,9.737
0.72887444,1.037,-2.42,9.699
0.74471974,1.037,-2.42,9.737
0.76056385,1.037,-2.42,9.737
0.7764085,1.037,-2.42,9.737
0.7922542,0.999,-2.42,9.545
0.80810034,0.999,-2.42,9.852
0.82394826,1.076,-2.382,9.967
