TIME,X,Y,Z
0.0,0.463,-0.314,10.12
0.01579278,0.463,-0.314,9.89
0.031585474,0.425,-0.314,9.928
0.04737877,0.425,-0.314,9.928
0.0631711,0.425,-0.314,9.928
0.078963265,0.463,-0.314,9.89
0.09475611,0.425,-0.314,9.928
0.110548526,0.463,-0.314,9.928
0.12634045,0.425,-0.314,9.89
0.1421323,0.425,-0.314,9.89
0.15792337,0.463,-0.314,9.928
0.17371614,0.463,-0.314,9.89
0.18951069,0.463,-0.314,9.928
0.20530374,0.463,-0.314,9.928
0.22109766,0.425,-0.314,9.89
0.23689184,0.425,-0.314,9.89
0.25268564,0.463,-0.314,9.928
0.2684784,0.425,-0.314,9.89
0.28427255,0.463,-0.314,9.928
0.3000658,0.425,-0.314,9.928
0.31585714,0.463,-0.314,9.928
0.33165085,0.463,-0.314,9.928
0.34744456,0.425,-0.314,9.89
0.3632392,0.463,-0.314,9.89
0.37903467,0.463,-0.314,9.928
0.39483044,0.463,-0.314,9.928
0.4106249,0.463,-0.314,9.928
0.4264179,0.463,-0.314,9.928
0.44221094,0.463,-0.314,9.928
0.45800474,0.463,-0.314,9.89
0.47379944,0.463,-0.314,9.89
0.48959327,0.463,-0.314,9.928
0.5053871,0.463,-0.314,9.967
0.52118164,0.425,-0.314,9.89
0.5369752,0.463,-0.314,9.928
0.55276865,0.463,-0.314,9.928
0.5685628,0.425,-0.314,9.89
0.5843559,0.463,-0.314,9.928
0.600148,0.425,-0.314,9.89
0.6159416,0.463,-0.314,9.928
0.63173413,0.463,-0.314,9.928
0.64752704,0.463,-0.314,9.928
0.6633212,0.463,-0.314,9.928
0.6791137,0.425,-0.314,9.928
0.6949054,0.425,-0.314,9.928
0.7106999,0.425,-0.314,9.89
0.7264947,0.463,-0.314,9.928
0.7422871,0.463,-0.314,9.928
0.7580806,0.463,-0.314,9.89
0.7738742,0.386,-0.314,9.699
0.78966695,0.463,-0.352,10.082
0.805463,0.463,-0.314,10.043
0.8212555,0.501,-0.314,9.928
0.83704644,0.501,-0.314,9.89
