TIME,X,Y,Z
0.0,0.501,-0.275,9.775
0.015807612,0.501,-0.314,9.967
0.031614844,0.501,-0.314,9.928
0.047421787,0.501,-0.314,9.928
0.063230634,0.501,-0.314,9.928
0.07903901,0.501,-0.314,9.928
0.09484856,0.501,-0.314,9.89
0.11065466,0.501,-0.275,9.967
0.12646058,0.501,-0.275,9.928
0.14226744,0.501,-0.314,9.928
0.15807419,0.501,-0.275,9.928
0.17388128,0.501,-0.314,9.928
0.18968797,0.501,-0.275,9.928
0.20549558,0.501,-0.314,9.928
0.22130148,0.501,-0.314,9.928
0.23711056,0.501,-0.314,9.928
0.25291818,0.501,-0.314,9.928
0.2687249,0.501,-0.314,9.928
0.284533,0.501,-0.275,9.928
0.30034012,0.501,-0.314,9.928
0.31614658,0.54,-0.314,9.928
0.33195406,0.501,-0.314,9.928
0.34776282,0.501,-0.314,9.928
0.36357328,0.501,-0.314,9.928
0.37938374,0.501,-0.314,9.928
0.3951942,0.501,-0.314,9.928
0.41100228,0.501,-0.275,9.928
0.42681158,0.501,-0.314,9.928
0.44261932,0.501,-0.275,9.928
0.45842585,0.501,-0.314,9.928
0.4742354,0.501,-0.314,9.928
0.4900457,0.501,-0.314,9.928
0.5058541,0.501,-0.314,9.928
0.52166295,0.501,-0.314,9.928
0.53747225,0.501,-0.314,9.928
0.55328214,0.501,-0.314,9.928
0.56909096,0.54,-0.314,9.928
0.58490026,0.501,-0.314,9.928
0.6007097,0.501,-0.275,9.89
0.6165181,0.501,-0.275,9.928
0.6323254,0.501,-0.275,9.928
0.6481345,0.501,-0.314,9.928
0.6639455,0.501,-0.314,9.928
0.67975444,0.501,-0.314,9.928
0.6955651,0.501,-0.275,9.928
0.71137583,0.501,-0.314,9.928
0.7271859,0.501,-0.314,9.928
0.74299604,0.501,-0.314,9.928
0.75880617,0.501,-0.314,9.928
0.7746155,0.501,-0.275,9.928
0.79042584,0.501,-0.314,9.928
0.8062347,0.501,-0.275,9.928
0.8220452,0.501,-0.314,9.928
0.8378552,0.54,-0.275,9.89
0.85366476,0.501,-0.275,9.852
0.8694745,0.54,-0.314,10.005
0.88528436,0.54,-0.314,9.967
0.9010953,0.501,-0.275,9.89
0.9169068,0.501,-0.314,9.928
0.9327166,0.501,-0.314,9.967
0.94852704,0.54,-0.314,9.967
0.96433705,0.54,-0.314,9.928
