TIME,X,Y,Z
0.0,1.037,-2.42,9.814
0.015847674,1.037,-2.42,9.737
0.031694677,1.037,-2.42,9.699
0.047542054,1.037,-2.42,9.737
0.06338867,1.037,-2.42,9.699
0.079235725,1.037,-2.42,9.737
0.09508304,1.037,-2.42,9.737
0.11093272,0.999,-2.42,9.737
0.12678123,1.037,-2.42,9.737
0.14263014,1.037,-2.42,9.737
0.15847653,1.037,-2.42,9.699
0.17432368,1.037,-2.42,9.737
0.19016981,1.037,-2.42,9.737
0.20601563,1.037,-2.42,9.737
0.2218632,1.037,-2.42,9.737
0.23770936,1.037,-2.42,9.737
0.2535569,1.037,-2.42,9.737
0.26940227,1.037,-2.382,9.737
0.28524983,1.037,-2.42,9.737
0.30109766,1.037,-2.42,9.737
0.31694567,1.037,-2.382,9.699
0.33279297,1.037,-2.42,9.737
0.3486403,1.037,-2.382,9.737
0.36448774,1.037,-2.382,9.737
0.38033578,1.037,-2.42,9.699
0.39618307,1.037,-2.382,9.737
0.4120307,1.037,-2.42,9.775
0.42787993,1.037,-2.42,9.737
0.44372705,1.037,-2.42,9.699
0.45957592,1.037,-2.42,9.737
0.4754241,1.037,-2.42,9.737
0.49127105,1.037,-2.42,9.699
0.50711745,1.037,-2.42,9.699
0.5229652,1.037,-2.42,9.737
0.5388122,1.037,-2.42,9.699
0.5546567,1.037,-2.42,9.737
0.5705017,1.037,-2.42,9.737
0.58634764,0.999,-2.42,9.737
0.6021941,1.037,-2.42,9.737
0.61804056,1.037,-2.42,9.737
0.6338882,1.037,-2.42,9.737
0.6497342,1.037,-2.42,9.775
0.66557926,1.037,-2.42,9.737
0.6814253,1.037,-2.42,9.737
0.6972714,1.037,-2.42,9.737
0.7131165,1.037,-2.42,9.737
0.72896266,1.037,-2.42,9.737
0.7448063,1.037,-2.42,9.699
0.76065177,1.037,-2.42,9.737
0.7764964,1.037,-2.42,9.737
0.7923416,1.037,-2.42,9.737
0.80818695,1.037,-2.42,9.737
0.8240318,1.037,-2.42,9.737
0.8398758,1.037,-2.42,9.737
0.85572004,1.037,-2.42,9.737
0.8715634,1.037,-2.42,9.737
0.8874083,0.999,-2.42,9.737
0.903255,1.037,-2.42,9.737
0.91910195,0.999,-2.42,9.737
0.93494976,1.037,-2.382,9.699
0.9507963,1.037,-2.42,9.545
0.9666442,1.037,-2.42,10.043
