TIME,X,Y,Z
0.0,0.501,-0.314,9.967
0.015808394,0.463,-0.314,9.89
0.031617627,0.463,-0.275,9.928
0.047427718,0.501,-0.314,9.928
0.0632375,0.501,-0.314,9.928
0.0790472,0.501,-0.314,9.928
0.094857454,0.501,-0.314,9.928
0.11066838,0.463,-0.314,9.928
0.12647699,0.501,-0.314,9.928
0.14228676,0.501,-0.314,9.89
0.15809761,0.501,-0.275,9.928
0.17390715,0.501,-0.314,9.928
0.18971577,0.463,-0.314,9.928
0.20552604,0.463,-0.314,9.928
0.22133487,0.463,-0.314,9.928
0.23714519,0.501,-0.314,9.89
0.25295556,0.463,-0.314,9.928
0.26876393,0.501,-0.314,9.928
0.28457555,0.463,-0.314,9.89
0.30038607,0.463,-0.314,9.928
0.31619552,0.501,-0.314,9.928
0.33200505,0.501,-0.314,9.928
0.34781474,0.463,-0.314,9.928
0.36362496,0.463,-0.314,9.928
0.37943313,0.463,-0.314,9.928
0.3952403,0.463,-0.314,9.928
0.41104832,0.501,-0.314,9.928
0.42685777,0.501,-0.314,9.928
0.44266835,0.501,-0.314,9.928
0.45847717,0.501,-0.314,9.928
0.47428697,0.463,-0.314,9.928
0.4900982,0.463,-0.314,9.928
0.50590986,0.463,-0.275,9.928
0.5217197,0.463,-0.314,9.928
0.53752923,0.501,-0.314,9.928
0.55333906,0.501,-0.314,9.928
0.5691496,0.501,-0.275,9.928
0.584958,0.501,-0.314,9.928
0.6007677,0.463,-0.314,9.928
0.6165772,0.463,-0.314,9.89
0.63238627,0.463,-0.275,9.737
0.64819527,0.501,-0.314,10.082
0.6640068,0.501,-0.314,10.043
