TIME,X,Y,Z
0.0,0.463,-0.314,9.967
0.015812064,0.463,-0.314,9.928
0.03162338,0.463,-0.314,9.928
0.047436748,0.463,-0.314,9.928
0.06324991,0.463,-0.314,9.928
0.07906153,0.463,-0.314,9.928
0.094874464,0.463,-0.314,9.928
0.11068761,0.463,-0.314,9.928
0.12649983,0.463,-0.314,9.928
0.14231345,0.463,-0.314,9.89
0.1581269,0.463,-0.314,9.928
0.1739403,0.463,-0.314,9.967
0.1897543,0.463,-0.314,9.967
0.20556645,0.463,-0.314,9.928
0.22138055,0.463,-0.314,9.928
0.23719458,0.463,-0.314,9.928
0.25300765,0.463,-0.275,9.928
0.26882237,0.463,-0.314,9.89
0.28463745,0.463,-0.314,9.928
0.30045006,0.463,-0.314,9.928
0.31626418,0.463,-0.314,9.928
0.33207688,0.463,-0.314,9.928
0.34789032,0.463,-0.314,9.928
0.3637023,0.501,-0.314,9.928
0.3795126,0.463,-0.275,9.928
0.39532456,0.463,-0.314,9.928
0.41113737,0.463,-0.314,9.928
0.42695016,0.463,-0.314,9.928
0.44276217,0.463,-0.275,9.928
0.45857424,0.463,-0.314,9.89
0.47438633,0.501,-0.314,9.928
0.49019673,0.463,-0.314,9.928
0.50600743,0.463,-0.314,9.928
0.5218181,0.463,-0.314,9.928
0.5376287,0.463,-0.314,9.928
0.5534389,0.463,-0.275,9.928
0.56924987,0.463,-0.314,9.928
0.58506083,0.463,-0.314,9.89
0.60087246,0.463,-0.314,9.928
0.61668223,0.463,-0.314,9.928
0.6324931,0.463,-0.275,9.928
0.6483056,0.463,-0.314,9.928
0.66411775,0.463,-0.314,9.928
0.679929,0.463,-0.275,9.967
0.69574046,0.463,-0.314,9.928
0.71155345,0.463,-0.314,9.928
0.72736454,0.463,-0.314,9.928
0.7431767,0.463,-0.275,9.928
0.7589895,0.463,-0.314,9.928
0.77480173,0.463,-0.314,9.928
0.79061717,0.463,-0.314,9.928
0.8064316,0.501,-0.275,9.928
0.8222451,0.463,-0.314,9.928
0.83805853,0.463,-0.314,9.928
0.85387045,0.463,-0.314,9.928
0.8696829,0.463,-0.275,9.928
0.8854948,0.463,-0.314,9.928
0.90130687,0.463,-0.314,9.928
0.91711956,0.463,-0.314,9.89
0.9329313,0.463,-0.314,9.928
0.94874287,0.463,-0.314,9.814
