TIME,X,Y,Z
0.0,0.425,-0.352,9.928
0.01579916,0.425,-0.314,9.928
0.031598695,0.386,-0.314,9.928
0.047397293,0.386,-0.314,9.928
0.06319682,0.425,-0.314,9.928
0.0789959,0.386,-0.314,9.928
0.09479582,0.386,-0.314,9.928
0.11059921,0.425,-0.314,9.928
0.12639967,0.386,-0.314,9.89
0.14220074,0.386,-0.314,9.928
0.15800118,0.425,-0.314,9.928
0.17380135,0.425,-0.314,9.928
0.1896018,0.425,-0.314,9.928
0.20540363,0.386,-0.314,9.928
0.2212048,0.425,-0.314,9.928
0.23700403,0.386,-0.314,9.928
0.25280315,0.386,-0.314,9.928
0.2686032,0.463,-0.352,9.928
0.28440237,0.425,-0.314,9.928
0.3002005,0.386,-0.314,9.928
0.3160001,0.386,-0.314,9.928
0.33179986,0.386,-0.314,9.928
0.34760016,0.425,-0.352,9.89
0.36340103,0.386,-0.314,9.928
0.3792008,0.386,-0.314,9.89
0.39500162,0.386,-0.314,9.89
0.41080347,0.425,-0.314,9.928
0.42660472,0.425,-0.314,10.005
0.44240668,0.386,-0.352,9.852
0.45820704,0.425,-0.314,9.928
0.4740067,0.386,-0.352,9.928
0.48980698,0.425,-0.314,9.967
0.5056092,0.386,-0.314,9.928
0.5214106,0.386,-0.314,9.89
0.5372099,0.425,-0.314,9.928
0.55301064,0.425,-0.314,9.928
0.56881285,0.425,-0.314,9.928
0.5846126,0.386,-0.314,9.928
0.60041165,0.425,-0.314,9.928
0.6162122,0.425,-0.314,9.928
0.6320116,0.425,-0.314,9.928
0.6478109,0.386,-0.314,9.928
0.6636105,0.386,-0.352,9.89
0.6794108,0.386,-0.352,9.928
0.6952115,0.425,-0.314,9.928
0.7110124,0.425,-0.314,9.928
0.7268144,0.386,-0.314,9.737
0.74261653,0.425,-0.314,10.043
0.75842065,0.425,-0.314,10.043
0.7742223,0.425,-0.314,9.928
0.7900249,0.425,-0.314,9.89
0.8058257,0.425,-0.314,9.89
0.82162553,0.386,-0.314,9.89
0.8374258,0.425,-0.314,9.928
0.85322565,0.425,-0.314,9.928
