TIME,X,Y,Z
0.0,0.425,-0.314,10.043
0.01579191,0.386,-0.275,9.928
0.031582594,0.386,-0.314,9.89
0.047374427,0.386,-0.314,9.89
0.06316673,0.425,-0.314,9.928
0.07895942,0.386,-0.314,9.928
0.09475264,0.386,-0.314,9.928
0.11054463,0.386,-0.314,9.928
0.12633671,0.386,-0.314,9.89
0.14212887,0.425,-0.314,9.928
0.15792292,0.386,-0.314,9.928
0.17371762,0.425,-0.314,9.89
0.1895098,0.425,-0.314,9.967
0.20530464,0.425,-0.314,9.928
0.22109932,0.425,-0.314,9.89
0.23689401,0.386,-0.314,9.928
0.25268704,0.425,-0.314,9.928
0.2684812,0.386,-0.314,9.928
0.284273,0.386,-0.275,9.928
0.30006498,0.386,-0.314,9.89
0.3158567,0.386,-0.314,9.928
0.33164746,0.425,-0.314,9.928
0.34744006,0.386,-0.314,9.89
0.3632349,0.425,-0.314,9.928
0.37902582,0.386,-0.314,9.89
0.39481705,0.425,-0.314,9.928
0.41060692,0.386,-0.314,9.89
0.4263993,0.425,-0.314,9.928
0.4421902,0.386,-0.314,9.928
0.45798305,0.425,-0.314,9.928
0.47377613,0.425,-0.314,9.89
0.4895688,0.425,-0.314,9.928
0.5053602,0.425,-0.314,9.967
0.5211528,0.386,-0.314,9.89
0.5369462,0.386,-0.314,9.928
0.55273753,0.425,-0.314,9.928
0.5685302,0.425,-0.314,9.928
0.58432233,0.425,-0.314,9.928
0.60011595,0.386,-0.314,9.928
0.61591065,0.386,-0.314,9.89
0.631705,0.386,-0.314,9.928
0.6474983,0.386,-0.314,9.928
0.66329163,0.386,-0.314,9.928
0.67908454,0.386,-0.314,9.814
0.69487864,0.425,-0.314,10.005
0.7106733,0.425,-0.314,10.12
0.7264664,0.425,-0.314,9.928
0.74226105,0.425,-0.314,9.814
0.75805384,0.386,-0.314,9.928
0.773847,0.386,-0.314,9.928
0.78964084,0.425,-0.314,9.89
0.80543417,0.425,-0.275,9.928
0.8212271,0.386,-0.314,9.89
0.83702064,0.386,-0.314,9.89
