TIME,X,Y,Z
0.0,0.425,-0.352,10.043
0.015796298,0.425,-0.352,9.928
0.03159559,0.425,-0.314,9.928
0.04739528,0.425,-0.314,9.89
0.0631946,0.425,-0.352,9.928
0.07899453,0.386,-0.314,9.928
0.09479523,0.425,-0.314,9.89
0.11059529,0.425,-0.314,9.928
0.12639636,0.425,-0.314,9.928
0.14219552,0.425,-0.352,9.89
0.1579942,0.425,-0.352,9.928
0.17379227,0.425,-0.314,9.928
0.18958941,0.425,-0.352,9.928
0.20538804,0.425,-0.352,9.928
0.22118679,0.386,-0.314,9.928
0.23698494,0.425,-0.352,9.928
0.25278494,0.425,-0.314,9.928
0.2685831,0.386,-0.314,9.928
0.2843822,0.386,-0.352,9.928
0.30017963,0.386,-0.314,9.928
0.31597802,0.386,-0.314,9.928
0.33177686,0.425,-0.352,9.928
0.34757477,0.425,-0.352,9.89
0.36337495,0.425,-0.352,9.928
0.37917542,0.386,-0.314,9.89
0.394974,0.425,-0.314,9.967
0.41077426,0.386,-0.314,9.89
0.42657322,0.425,-0.352,9.928
0.44237098,0.425,-0.352,9.928
0.45816836,0.425,-0.314,9.928
0.47396865,0.425,-0.314,9.928
0.4897694,0.425,-0.314,9.89
0.50556755,0.386,-0.314,9.928
0.5213663,0.386,-0.352,9.928
0.53716755,0.425,-0.352,9.928
0.55296624,0.425,-0.352,9.928
0.56876427,0.386,-0.352,9.928
0.5845635,0.386,-0.314,9.928
0.6003638,0.425,-0.314,9.928
0.616164,0.425,-0.314,9.89
0.63196164,0.425,-0.314,9.89
0.64776146,0.386,-0.352,9.928
0.66355866,0.386,-0.352,9.928
0.67935675,0.425,-0.314,9.928
0.69515544,0.386,-0.314,9.928
0.7109549,0.425,-0.314,9.928
0.7267551,0.425,-0.314,9.928
0.7425558,0.425,-0.352,9.928
0.75835246,0.386,-0.314,9.928
0.77415025,0.425,-0.314,9.928
0.7899492,0.425,-0.314,9.928
0.8057466,0.425,-0.314,9.928
0.82154655,0.386,-0.352,9.967
0.8373436,0.386,-0.314,9.928
0.8531425,0.425,-0.352,9.89
0.86894065,0.425,-0.352,9.89
0.88473797,0.386,-0.314,9.852
0.90053815,0.386,-0.352,9.89
0.9163383,0.425,-0.352,10.12
0.93213606,0.425,-0.314,10.005
0.9479341,0.425,-0.314,9.89
0.9637323,0.386,-0.314,9.89
0.97952837,0.386,-0.352,9.928
0.99532473,0.425,-0.352,9.928
1.0111212,0.425,-0.314,9.928
1.0269182,0.386,-0.352,9.928
1.0427145,0.425,-0.314,9.928
