TIME,X,Y,Z
0.0,0.425,-0.314,9.852
0.015783219,0.425,-0.314,9.928
0.031568907,0.386,-0.275,9.89
0.04735431,0.425,-0.314,9.89
0.06314093,0.425,-0.314,9.928
0.07892632,0.425,-0.275,9.89
0.09471131,0.425,-0.314,9.928
0.11049487,0.425,-0.275,9.928
0.12627727,0.425,-0.314,9.89
0.14206086,0.425,-0.314,9.89
0.1578445,0.425,-0.275,9.89
0.17362873,0.425,-0.314,9.928
0.18941127,0.386,-0.275,9.928
0.20519596,0.386,-0.275,9.89
0.22097896,0.425,-0.314,9.928
0.23676467,0.425,-0.314,9.928
0.25254914,0.386,-0.275,9.928
0.26833212,0.425,-0.275,9.89
0.28411388,0.386,-0.275,9.928
0.29989615,0.425,-0.275,9.928
0.3156807,0.425,-0.314,9.89
0.33146524,0.386,-0.275,9.928
0.34725225,0.425,-0.314,9.89
0.36303896,0.425,-0.275,9.928
0.37882456,0.425,-0.314,9.928
0.39460933,0.425,-0.275,9.928
0.41039318,0.425,-0.275,9.89
0.42617658,0.425,-0.314,9.928
0.44195998,0.386,-0.275,9.928
0.45774248,0.386,-0.314,9.928
0.47352573,0.425,-0.275,9.928
0.48930857,0.386,-0.275,9.89
0.505092,0.425,-0.275,9.928
0.5208746,0.425,-0.314,9.89
0.5366599,0.425,-0.314,9.928
0.5524458,0.386,-0.314,9.89
0.56823134,0.425,-0.314,9.928
0.5840154,0.386,-0.314,9.89
0.599801,0.425,-0.275,9.89
0.6155875,0.425,-0.275,9.928
0.63137156,0.425,-0.314,9.928
0.6471558,0.425,-0.275,9.89
0.6629418,0.425,-0.314,9.89
0.67872816,0.386,-0.275,9.89
0.69451684,0.386,-0.314,9.814
