TIME,X,Y,Z
0.0,0.08,-0.428,9.967
0.0158749,0.118,-0.428,9.967
0.031748816,0.08,-0.428,9.967
0.04762256,0.08,-0.428,9.967
0.063497625,0.08,-0.428,9.967
0.07937233,0.118,-0.428,9.967
0.09524501,0.08,-0.428,9.967
0.111118086,0.08,-0.428,9.967
0.12699065,0.08,-0.428,9.967
0.14286333,0.08,-0.428,9.967
0.158736,0.08,-0.428,9.967
0.17460905,0.08,-0.428,9.967
0.1904829,0.08,-0.428,9.928
0.20635483,0.08,-0.428,9.928
0.22222905,0.118,-0.428,9.967
0.23810378,0.08,-0.428,9.967
0.25397685,0.08,-0.428,9.967
0.26985103,0.08,-0.428,9.967
0.28572652,0.08,-0.428,9.967
0.30160093,0.08,-0.428,9.967
0.3174757,0.08,-0.428,9.967
0.33335045,0.08,-0.428,9.967
0.34922272,0.08,-0.428,9.967
0.36509532,0.08,-0.39,9.967
0.38096848,0.118,-0.428,10.005
0.39684266,0.08,-0.39,9.928
0.41271913,0.08,-0.428,9.928
0.428594,0.118,-0.467,9.967
0.4444693,0.118,-0.39,10.043
0.46034336,0.08,-0.428,9.89
0.47621825,0.118,-0.428,10.005
0.49209383,0.08,-0.428,9.967
0.50796956,0.08,-0.428,9.89
0.5238429,0.08,-0.39,10.005
0.539717,0.08,-0.428,9.928
0.55559015,0.118,-0.39,10.005
0.57146376,0.08,-0.428,9.967
0.5873383,0.08,-0.428,9.928
0.60321295,0.118,-0.428,10.005
0.6190879,0.08,-0.428,9.967
0.6349625,0.08,-0.428,9.967
0.65083545,0.08,-0.428,10.005
0.6667073,0.08,-0.428,9.928
0.682583,0.08,-0.467,10.005
0.6984588,0.08,-0.428,9.967
0.71433204,0.08,-0.428,9.928
0.7302046,0.08,-0.428,9.967
0.7460762,0.08,-0.428,9.967
0.7619483,0.08,-0.428,9.967
0.77782106,0.08,-0.428,9.967
0.7936946,0.08,-0.39,9.967
0.80956894,0.118,-0.428,9.967
0.8254419,0.08,-0.428,10.005
0.841317,0.08,-0.428,9.967
0.8571901,0.08,-0.428,9.967
0.87306434,0.08,-0.428,9.967
0.88893974,0.08,-0.428,9.967
0.9048132,0.08,-0.428,9.967
0.9206871,0.08,-0.428,9.967
0.9365616,0.118,-0.428,9.928
