TIME,X,Y,Z
0.0,0.386,-0.237,9.967
0.015826752,0.386,-0.275,9.928
0.031650584,0.386,-0.237,9.928
0.04747351,0.386,-0.275,9.89
0.06329788,0.386,-0.275,9.928
0.079121664,0.386,-0.237,9.928
0.09494581,0.386,-0.237,9.928
0.11077222,0.386,-0.275,9.928
0.12659883,0.386,-0.275,9.928
0.14242233,0.386,-0.275,9.928
0.15824603,0.386,-0.275,9.967
0.17407118,0.386,-0.275,9.928
0.18989952,0.386,-0.275,9.89
0.2057259,0.386,-0.275,9.928
0.2215505,0.425,-0.275,9.928
0.23737405,0.386,-0.237,9.928
0.25319767,0.348,-0.275,9.89
0.26902202,0.386,-0.275,9.967
0.28484634,0.386,-0.237,9.928
0.30067143,0.386,-0.275,9.928
0.31649595,0.386,-0.275,9.928
0.33232057,0.386,-0.275,9.967
0.3481454,0.386,-0.237,9.928
0.3639716,0.425,-0.275,9.967
0.37979907,0.386,-0.275,9.89
0.39562747,0.386,-0.275,9.852
0.41145554,0.386,-0.237,9.928
0.42728212,0.386,-0.275,9.928
0.44310847,0.386,-0.275,9.928
0.45893422,0.386,-0.237,9.852
0.474757,0.386,-0.275,9.928
0.49058,0.348,-0.275,9.852
0.50640494,0.386,-0.275,9.967
0.52222943,0.386,-0.237,9.967
0.53805214,0.425,-0.237,9.852
0.5538752,0.348,-0.275,9.852
0.5696998,0.425,-0.237,9.967
0.5855254,0.348,-0.275,9.928
0.601349,0.386,-0.275,9.967
0.61717343,0.386,-0.275,9.928
0.63299626,0.386,-0.275,9.928
0.6488216,0.386,-0.275,9.928
0.664646,0.386,-0.237,9.928
0.68046975,0.348,-0.237,9.928
0.69629455,0.386,-0.275,9.967
0.7121187,0.386,-0.275,9.928
0.7279417,0.348,-0.275,9.928
0.74376714,0.386,-0.275,9.928
0.759593,0.386,-0.237,9.89
0.77541935,0.386,-0.237,9.928
0.79124266,0.386,-0.237,9.928
0.8070677,0.386,-0.237,9.928
0.8228932,0.386,-0.275,9.928
0.8387189,0.386,-0.275,9.89
0.8545448,0.386,-0.275,9.928
0.8703715,0.386,-0.275,9.814
0.88619894,0.386,-0.275,9.967
0.90202343,0.386,-0.275,9.967
