TIME,X,Y,Z
0.0,0.08,-0.428,9.775
0.003969415,0.08,-0.467,9.928
0.007938799,0.08,-0.467,9.928
0.011908261,0.08,-0.467,9.928
0.015877275,0.08,-0.428,9.967
0.019846044,0.042,-0.428,9.967
0.023815196,0.08,-0.428,9.928
0.027784515,0.08,-0.428,9.967
0.03175336,0.08,-0.428,10.005
0.035723053,0.08,-0.467,10.005
0.039692525,0.118,-0.428,10.005
0.043661907,0.08,-0.428,9.967
0.04763114,0.118,-0.467,9.928
0.05160053,0.08,-0.467,10.005
0.055570222,0.08,-0.467,9.967
0.059539456,0.118,-0.428,9.928
0.06350894,0.08,-0.428,10.005
0.067478254,0.08,-0.428,9.967
0.07144749,0.08,-0.467,9.967
0.07541642,0.08,-0.467,9.967
0.07938512,0.08,-0.428,9.967
0.08335442,0.08,-0.428,9.967
0.08732335,0.08,-0.467,10.005
0.09129212,0.08,-0.428,10.005
0.0952612,0.08,-0.428,9.967
0.09922983,0.08,-0.428,9.967
0.103198595,0.118,-0.467,9.967
0.10716721,0.08,-0.467,9.967
0.11113667,0.118,-0.467,9.967
0.1151062,0.08,-0.467,9.967
0.11907543,0.118,-0.428,9.967
0.1230442,0.118,-0.467,9.967
0.12701266,0.08,-0.467,10.005
0.13098136,0.08,-0.467,9.89
0.13495041,0.08,-0.467,9.967
0.13891989,0.08,-0.467,10.005
0.14288874,0.08,-0.467,10.005
0.14685795,0.08,-0.428,9.928
0.15082687,0.08,-0.39,9.967
0.1547961,0.08,-0.467,9.928
0.158765,0.118,-0.467,9.967
0.16273408,0.118,-0.467,9.967
0.16670287,0.118,-0.39,10.005
0.17067146,0.118,-0.467,9.967
0.17464022,0.08,-0.467,10.005
0.17860954,0.08,-0.467,9.928
0.18257836,0.08,-0.428,9.967
0.18654674,0.042,-0.428,10.043
0.19051528,0.042,-0.467,9.89
0.19448428,0.08,-0.428,10.005
0.19845389,0.08,-0.467,10.005
0.20242344,0.08,-0.505,9.89
0.20639281,0.118,-0.467,9.928
0.21036112,0.08,-0.428,10.043
0.21432951,0.08,-0.428,10.005
0.21829844,0.08,-0.467,9.928
0.22226667,0.08,-0.428,9.967
0.2262349,0.08,-0.428,9.967
0.2302036,0.08,-0.505,9.967
0.23417221,0.08,-0.467,9.967
0.23814051,0.042,-0.428,9.967
0.24210829,0.08,-0.505,9.89
0.24607714,0.08,-0.467,10.005
0.25004613,0.08,-0.428,10.043
0.2540142,0.08,-0.428,9.928
0.25798243,0.08,-0.39,9.967
0.26195136,0.08,-0.428,9.89
0.26591936,0.08,-0.467,9.967
0.26988828,0.003,-0.467,9.392
0.2738579,-0.532,-0.352,3.609
0.27782458,0.731,-0.543,18.124
0.28179318,0.693,-0.543,11.997
0.2857622,0.042,-0.352,8.933
0.2897325,-0.264,-0.467,8.052
0.29369947,0.042,-0.505,9.967
0.2976681,0.271,-0.39,10.426
0.3016366,0.042,-0.467,9.737
0.30560544,0.042,-0.467,9.814
0.3095749,0.157,-0.39,9.584
0.31354347,0.118,-0.467,10.082
0.31751245,0.118,-0.428,10.35
0.32148093,0.08,-0.39,9.622
0.32544932,0.08,-0.428,9.737
0.32941785,0.118,-0.467,10.311
