TIME,X,Y,Z
0.0,0.08,-0.467,10.043
0.01587791,0.08,-0.467,9.967
0.03175461,0.08,-0.467,9.967
0.04763023,0.08,-0.467,9.928
0.063506395,0.042,-0.467,9.967
0.07938301,0.042,-0.467,9.967
0.09526056,0.042,-0.467,9.967
0.11113532,0.08,-0.467,9.967
0.12701038,0.08,-0.467,9.967
0.14288485,0.08,-0.467,9.967
0.15876,0.08,-0.467,9.967
0.17463578,0.08,-0.467,9.967
0.19051115,0.08,-0.467,9.967
0.20638631,0.08,-0.467,9.967
0.22226125,0.042,-0.467,9.967
0.23813555,0.08,-0.467,9.967
0.25401032,0.042,-0.467,9.967
0.26988733,0.042,-0.467,9.967
0.28576362,0.042,-0.467,9.967
0.3016419,0.08,-0.467,9.967
0.3175185,0.08,-0.428,9.967
0.3333938,0.08,-0.467,9.967
0.34926984,0.08,-0.467,9.967
0.3651435,0.08,-0.467,9.967
0.38101983,0.08,-0.467,9.967
0.39689338,0.042,-0.467,9.967
0.41276845,0.08,-0.467,9.967
0.42864197,0.042,-0.467,9.967
0.44451508,0.042,-0.467,9.967
0.4603919,0.08,-0.428,9.967
0.47626883,0.08,-0.467,10.005
0.49214515,0.042,-0.467,9.928
0.5080223,0.08,-0.467,10.005
0.523897,0.08,-0.467,9.967
0.53977156,0.08,-0.467,9.967
0.55564654,0.08,-0.467,9.89
0.5715207,0.042,-0.467,9.967
0.58739614,0.08,-0.467,9.928
0.60327196,0.08,-0.467,9.928
0.6191478,0.08,-0.467,9.967
0.6350231,0.08,-0.467,9.967
0.6509,0.08,-0.467,9.967
0.66677576,0.08,-0.467,9.967
0.68265086,0.08,-0.428,9.967
0.6985263,0.08,-0.467,9.967
0.71440214,0.08,-0.467,9.967
0.7302766,0.08,-0.467,9.967
0.7461509,0.08,-0.467,10.005
0.7620232,0.08,-0.428,9.967
0.7778975,0.08,-0.467,10.005
0.79377156,0.08,-0.467,9.967
0.809645,0.08,-0.467,9.928
0.8255215,0.08,-0.467,9.967
0.8413958,0.08,-0.467,9.967
0.85727006,0.08,-0.467,9.967
0.8731433,0.08,-0.467,9.967
0.8890178,0.08,-0.467,9.967
0.9048925,0.042,-0.467,9.967
0.92076725,0.08,-0.467,9.967
0.936642,0.08,-0.467,9.967
0.9525167,0.08,-0.467,9.967
0.96839124,0.08,-0.467,9.967
0.9842657,0.08,-0.467,9.967
1.00014,0.08,-0.467,9.967
1.0160158,0.08,-0.467,9.967
1.0318894,0.08,-0.467,10.005
1.0477648,0.08,-0.467,9.967
1.0636413,0.08,-0.467,9.967
1.0795171,0.08,-0.428,9.967
1.0953922,0.08,-0.428,9.967
1.1112661,0.042,-0.467,9.967
1.1271416,0.08,-0.467,9.967
1.1430178,0.08,-0.467,9.967
1.1588923,0.08,-0.467,9.967
1.1747679,0.08,-0.467,9.967
1.1906449,0.08,-0.428,9.967
1.2065207,0.08,-0.467,9.967
1.2223948,0.042,-0.467,9.967
1.2382705,0.042,-0.467,9.967
1.2541451,0.042,-0.467,9.967
1.27002,0.042,-0.467,9.967
