TIME,X,Y,Z
0.0,0.118,-0.467,10.12
0.015862763,0.118,-0.428,9.967
0.031725377,0.118,-0.467,9.928
0.047589093,0.118,-0.467,9.928
0.06345321,0.118,-0.428,9.967
0.07931644,0.118,-0.428,9.967
0.09518168,0.118,-0.467,9.967
0.11104483,0.118,-0.467,9.967
0.1269085,0.118,-0.467,9.967
0.14277409,0.118,-0.428,9.967
0.15864016,0.08,-0.428,9.967
0.17450586,0.118,-0.428,9.967
0.19037038,0.118,-0.467,9.967
0.20623592,0.118,-0.428,9.967
0.22210053,0.118,-0.467,9.967
0.23796657,0.118,-0.467,9.967
0.2538302,0.118,-0.467,9.967
0.26969475,0.118,-0.467,9.967
0.28556085,0.08,-0.467,9.967
0.30142516,0.08,-0.428,9.967
0.31729078,0.118,-0.428,10.005
0.33315462,0.118,-0.467,9.967
0.34901798,0.118,-0.467,9.967
0.3648828,0.118,-0.428,9.967
0.38074702,0.08,-0.428,9.967
0.39661023,0.118,-0.467,9.928
0.41247532,0.118,-0.467,9.928
0.42834136,0.08,-0.467,10.005
0.44420633,0.118,-0.467,9.967
0.46006995,0.08,-0.467,9.928
0.47593412,0.08,-0.467,9.967
0.49179965,0.08,-0.467,9.967
0.5076635,0.118,-0.467,9.967
0.5235273,0.118,-0.467,9.967
0.5393923,0.118,-0.428,9.967
0.5552579,0.118,-0.428,10.005
0.5711215,0.118,-0.467,9.967
0.58698624,0.118,-0.467,9.967
0.6028499,0.118,-0.467,9.967
0.61871445,0.118,-0.428,9.967
0.6345793,0.118,-0.467,9.967
0.6504451,0.118,-0.467,9.967
0.6663103,0.08,-0.467,9.967
0.6821768,0.118,-0.467,9.967
0.6980402,0.118,-0.428,9.967
0.713905,0.118,-0.428,9.967
0.72977114,0.08,-0.428,9.967
0.74563515,0.118,-0.428,9.967
0.7614997,0.118,-0.428,9.967
0.7773629,0.118,-0.428,9.967
0.79322803,0.118,-0.467,9.928
0.80909365,0.118,-0.428,9.967
0.8249576,0.118,-0.467,9.967
0.8408222,0.118,-0.467,9.967
0.8566866,0.118,-0.428,9.967
0.8725505,0.118,-0.467,9.967
0.88841444,0.118,-0.428,9.967
0.9042782,0.118,-0.428,9.967
0.9201422,0.08,-0.428,9.967
0.9360058,0.118,-0.428,9.967
0.95186985,0.118,-0.467,10.005
0.9677352,0.08,-0.467,9.928
0.9836023,0.118,-0.467,10.043
