TIME,X,Y,Z
0.0,0.08,-0.428,10.005
0.015878543,0.08,-0.428,9.967
0.03175785,0.08,-0.467,9.967
0.04763657,0.08,-0.467,9.967
0.06351572,0.042,-0.467,9.967
0.07939373,0.042,-0.467,9.967
0.09527126,0.08,-0.467,9.967
0.11115057,0.08,-0.467,9.967
0.12702933,0.08,-0.467,9.967
0.14290771,0.042,-0.428,9.967
0.15878579,0.08,-0.467,10.005
0.1746654,0.08,-0.428,9.967
0.19054662,0.08,-0.467,9.967
0.20642753,0.042,-0.467,9.967
0.22230785,0.08,-0.467,9.967
0.2381868,0.08,-0.428,9.967
0.2540655,0.08,-0.467,9.928
0.26994506,0.08,-0.467,9.967
0.28582335,0.08,-0.467,9.967
0.3017032,0.042,-0.467,10.005
0.31758574,0.042,-0.467,9.967
0.33346578,0.042,-0.467,9.967
0.34934518,0.08,-0.428,9.928
0.36522487,0.08,-0.467,9.967
0.38110527,0.08,-0.467,9.967
0.39698714,0.042,-0.467,9.967
0.41286805,0.042,-0.467,9.967
0.42875051,0.08,-0.467,9.928
0.44463068,0.08,-0.428,9.967
0.46051252,0.08,-0.467,9.967
0.4763935,0.08,-0.467,10.005
0.49227464,0.042,-0.467,9.967
0.50815743,0.08,-0.467,9.967
0.52404076,0.08,-0.467,9.967
0.5399217,0.08,-0.467,9.967
0.5558035,0.08,-0.467,9.967
0.5716845,0.08,-0.467,9.967
0.58756423,0.08,-0.467,10.005
0.6034447,0.08,-0.467,9.967
0.61932594,0.08,-0.467,10.005
0.6352049,0.08,-0.467,9.967
0.65108657,0.08,-0.467,10.005
0.66696894,0.08,-0.467,9.967
0.6828502,0.08,-0.428,9.967
0.69873214,0.08,-0.467,10.005
0.71461564,0.08,-0.505,9.928
0.73049754,0.08,-0.467,10.005
0.74637777,0.08,-0.467,9.967
0.7622581,0.08,-0.467,10.005
0.77813876,0.08,-0.467,9.967
0.7940195,0.08,-0.467,9.967
0.80990136,0.08,-0.467,9.967
0.82578313,0.08,-0.467,9.967
0.841665,0.08,-0.467,9.967
0.8575469,0.042,-0.467,9.967
0.8734282,0.042,-0.467,9.928
0.88930917,0.042,-0.467,9.967
0.90519124,0.042,-0.467,9.967
0.92107296,0.08,-0.467,9.967
0.9369545,0.08,-0.428,9.967
0.952835,0.08,-0.467,9.928
0.96871656,0.08,-0.467,9.967
0.98459756,0.08,-0.467,9.967
1.0004767,0.08,-0.467,9.967
1.0163573,0.08,-0.467,10.005
1.0322398,0.08,-0.428,9.967
1.0481201,0.08,-0.467,9.967
