TIME,X,Y,Z
0.0,0.042,-0.39,9.737
0.015837928,0.042,-0.39,10.005
0.031675313,0.042,-0.39,9.928
0.04751239,0.042,-0.39,9.928
0.06334848,0.042,-0.39,9.928
0.07918589,0.042,-0.39,9.967
0.09502177,0.042,-0.39,9.928
0.11085838,0.042,-0.39,9.928
0.1266929,0.08,-0.352,9.928
0.14253014,0.08,-0.39,9.967
0.158368,0.042,-0.39,9.928
0.17420469,0.042,-0.39,9.928
0.19003886,0.042,-0.39,9.928
0.2058753,0.08,-0.352,9.928
0.2217117,0.08,-0.39,9.967
0.23754855,0.042,-0.39,9.928
0.25338462,0.042,-0.39,9.928
0.26922208,0.042,-0.39,9.928
0.28506032,0.042,-0.39,9.967
0.30089656,0.042,-0.39,9.928
0.31673306,0.042,-0.39,9.928
0.3325703,0.042,-0.39,9.928
0.34840637,0.042,-0.39,9.928
0.36424363,0.08,-0.352,9.928
0.38008147,0.08,-0.39,9.928
0.39591956,0.042,-0.39,9.928
0.4117558,0.042,-0.39,9.928
0.42759252,0.042,-0.39,9.928
0.44342843,0.042,-0.39,9.928
0.45926404,0.042,-0.39,9.928
0.47510016,0.042,-0.39,9.928
0.4909374,0.08,-0.39,9.928
0.5067748,0.042,-0.39,9.928
0.52261144,0.042,-0.39,9.928
0.53844726,0.042,-0.39,9.928
0.55428296,0.042,-0.39,9.928
0.5701204,0.042,-0.39,9.967
0.58595437,0.042,-0.39,9.89
0.6017892,0.042,-0.39,9.967
0.6176259,0.042,-0.39,9.967
0.6334626,0.042,-0.39,9.928
0.6492972,0.042,-0.39,9.967
0.6651311,0.042,-0.39,9.967
0.6809656,0.08,-0.39,9.928
0.69680244,0.042,-0.39,9.967
0.7126399,0.042,-0.39,9.928
0.7284765,0.042,-0.39,9.928
0.7443128,0.042,-0.39,9.967
0.76014787,0.042,-0.39,9.928
0.77598333,0.042,-0.39,9.928
0.7918209,0.042,-0.39,9.928
0.8076573,0.08,-0.352,9.928
0.82349294,0.08,-0.39,9.928
0.83932716,0.042,-0.39,9.928
0.85516244,0.042,-0.39,9.928
0.8709984,0.08,-0.39,9.928
0.8868364,0.042,-0.39,9.928
0.9026733,0.08,-0.39,9.928
0.91851014,0.042,-0.39,9.928
0.93434614,0.08,-0.39,9.928
0.95018286,0.042,-0.39,9.928
0.9660203,0.08,-0.39,9.928
0.9818556,0.042,-0.39,9.928
0.9976921,0.042,-0.39,9.928
1.0135281,0.042,-0.39,9.967
1.0293635,0.042,-0.39,9.967
1.0451986,0.08,-0.39,9.89
1.0610332,0.042,-0.39,9.967
