TIME,X,Y,Z
0.0,0.003,-0.467,10.043
0.0158759,0.003,-0.467,9.967
0.031752825,0.042,-0.467,9.967
0.047630064,0.042,-0.505,10.005
0.06350837,0.003,-0.505,9.967
0.079385355,0.003,-0.467,9.967
0.09526282,0.003,-0.467,10.005
0.11114003,0.042,-0.467,9.967
0.127017,0.042,-0.467,9.967
0.14289545,0.003,-0.505,9.967
0.15877213,0.003,-0.467,10.005
0.17464904,0.003,-0.467,9.967
0.1905282,0.003,-0.467,9.967
0.20640741,0.003,-0.467,9.967
0.22228476,0.003,-0.467,9.967
0.2381633,0.003,-0.467,9.967
0.25404072,0.042,-0.467,9.967
0.26991928,0.042,-0.467,9.967
0.28579536,0.042,-0.467,9.967
0.30167264,0.003,-0.467,9.967
0.3175492,0.042,-0.467,9.967
0.33342734,0.003,-0.467,9.967
0.34930542,0.003,-0.467,9.967
0.36518112,0.003,-0.467,9.967
0.38105622,0.042,-0.505,9.928
0.3969313,0.042,-0.467,9.967
0.41280696,0.042,-0.467,10.005
0.42868364,0.003,-0.467,9.928
0.44456002,0.003,-0.467,9.967
0.46043605,0.003,-0.467,9.967
0.47631273,0.042,-0.505,10.005
0.49218947,0.042,-0.505,9.967
0.5080686,0.042,-0.467,9.928
0.5239466,0.042,-0.505,10.005
0.53982276,0.003,-0.467,9.967
0.5556998,0.042,-0.467,9.967
0.57157665,0.042,-0.467,9.967
0.5874541,0.003,-0.467,9.967
0.60333043,0.003,-0.467,9.967
0.61920685,0.003,-0.467,9.967
0.6350818,0.003,-0.467,10.005
0.6509566,0.003,-0.467,9.967
0.6668336,0.003,-0.505,9.967
0.6827081,0.003,-0.467,9.967
0.6985812,0.003,-0.505,9.967
0.71445435,0.042,-0.467,9.967
0.7303313,0.042,-0.467,9.967
0.74620706,0.042,-0.467,9.928
0.76208216,0.003,-0.467,10.005
0.77795804,0.003,-0.467,9.967
0.7938345,0.003,-0.467,9.967
0.80971116,0.042,-0.467,9.928
0.82558763,0.042,-0.467,9.967
0.8414618,0.003,-0.505,9.967
0.85733616,0.042,-0.467,9.967
0.8732113,0.003,-0.467,9.967
0.8890861,0.003,-0.467,9.967
0.9049614,0.003,-0.505,9.967
0.92083585,0.003,-0.505,9.967
