TIME,X,Y,Z
0.0,0.042,-0.428,10.082
0.015878748,0.042,-0.428,9.967
0.031757895,0.003,-0.428,9.967
0.047638807,0.003,-0.428,9.967
0.0635162,0.003,-0.428,9.967
0.07939604,0.003,-0.428,9.967
0.09527535,0.042,-0.428,9.967
0.11115303,0.042,-0.428,9.928
0.12703243,0.042,-0.428,9.967
0.14291318,0.042,-0.428,9.967
0.15879394,0.042,-0.428,9.967
0.17467502,0.042,-0.428,9.967
0.19055408,0.003,-0.428,9.967
0.20643346,0.042,-0.428,9.967
0.22231175,0.042,-0.428,9.967
0.23819126,0.042,-0.428,9.967
0.25406975,0.042,-0.428,9.967
0.26994732,0.003,-0.428,9.967
0.28582647,0.042,-0.428,9.967
0.3017068,0.042,-0.428,9.967
0.3175872,0.042,-0.428,10.005
0.3334666,0.042,-0.428,9.967
0.34934688,0.042,-0.428,9.967
0.36522728,0.003,-0.428,9.967
0.38110644,0.042,-0.428,9.967
0.39698604,0.042,-0.428,9.967
0.41286492,0.042,-0.428,9.967
0.42874542,0.003,-0.428,9.967
0.44462544,0.003,-0.428,9.967
0.46050417,0.042,-0.428,9.967
0.47638476,0.003,-0.428,9.967
0.49226558,0.042,-0.428,9.967
0.50814646,0.042,-0.428,9.967
0.52402836,0.003,-0.467,9.967
0.5399082,0.003,-0.428,9.967
0.5557878,0.042,-0.428,9.967
0.57166684,0.042,-0.428,9.967
0.58754516,0.042,-0.428,9.967
0.6034258,0.042,-0.428,9.967
0.61930645,0.003,-0.428,9.967
0.63518715,0.003,-0.428,9.967
0.651068,0.042,-0.428,9.967
0.66695,0.003,-0.428,10.005
0.6828305,0.003,-0.467,9.967
0.6987094,0.042,-0.428,10.005
0.7145905,0.042,-0.428,9.967
0.7304687,0.042,-0.428,10.005
0.74634683,0.042,-0.428,9.928
0.7622244,0.042,-0.467,9.967
0.7781047,0.042,-0.428,9.967
0.79398495,0.042,-0.428,9.967
0.80986446,0.003,-0.428,9.967
0.8257439,0.003,-0.428,9.967
0.8416242,0.003,-0.428,9.967
0.8575006,0.042,-0.428,9.967
0.8733771,0.042,-0.428,9.967
0.88925445,0.042,-0.428,9.967
0.90513515,0.042,-0.428,10.005
0.9210166,0.042,-0.428,9.967
0.93689716,0.003,-0.428,9.967
0.95277613,0.003,-0.428,9.967
0.9686551,0.042,-0.428,9.967
0.9845342,0.003,-0.428,10.005
1.0004109,0.042,-0.428,9.967
1.0162876,0.042,-0.428,9.967
1.0321634,0.042,-0.428,9.967
1.0480402,0.042,-0.428,9.967
1.0639176,0.003,-0.428,9.967
1.079795,0.003,-0.428,10.005
1.0956712,0.003,-0.428,9.967
1.1115488,0.003,-0.428,10.005
1.1274259,0.042,-0.428,9.967
1.1433034,0.042,-0.428,9.967
1.1591822,0.042,-0.428,10.005
1.1750602,0.042,-0.428,9.967
1.190937,0.003,-0.428,9.967
1.2068157,0.003,-0.428,9.967
1.2226933,0.003,-0.428,9.967
1.2385728,0.042,-0.428,9.967
1.2544516,0.042,-0.428,9.967
1.2703303,0.042,-0.428,9.967
1.2862076,0.042,-0.428,9.967
1.3020847,0.003,-0.428,9.967
1.3179622,0.003,-0.428,9.967
