TIME,X,Y,Z
0.0,0.042,-0.428,10.158
0.015876666,0.003,-0.428,9.967
0.03175219,0.003,-0.428,9.967
0.047629733,0.003,-0.428,9.967
0.06350481,0.003,-0.428,9.967
0.079380326,0.003,-0.428,9.967
0.09525511,0.042,-0.428,9.967
0.11113119,0.042,-0.39,9.967
0.1270065,0.003,-0.428,9.967
0.14288218,0.042,-0.428,9.967
0.15875764,0.042,-0.39,9.967
0.17463449,0.042,-0.428,9.967
0.190511,0.042,-0.428,9.967
0.20638515,0.003,-0.428,9.967
0.22225988,0.003,-0.428,9.967
0.23813574,0.003,-0.428,9.967
0.25401223,0.003,-0.428,10.005
0.2698872,0.003,-0.428,9.967
0.28576273,0.042,-0.428,9.967
0.30163756,0.042,-0.39,9.967
0.3175145,0.042,-0.428,9.967
0.33338967,0.042,-0.428,9.967
0.34926572,0.042,-0.428,9.967
0.36514246,0.042,-0.428,9.967
0.38101888,0.042,-0.428,9.967
0.39689258,0.003,-0.428,9.967
0.41276726,0.003,-0.428,9.967
0.428643,0.003,-0.428,9.967
0.444517,0.003,-0.428,10.005
0.4603933,0.003,-0.428,9.967
0.47627077,0.003,-0.428,10.005
0.49214736,0.003,-0.428,9.928
0.5080224,0.042,-0.428,9.967
0.52389735,0.042,-0.428,10.005
0.5397735,0.003,-0.428,9.967
0.55564827,0.003,-0.428,9.967
0.5715236,0.042,-0.39,9.967
0.5874008,0.003,-0.428,9.967
0.60327643,0.003,-0.428,9.967
0.6191523,0.042,-0.39,9.967
0.6350306,0.003,-0.428,9.967
0.6509071,0.003,-0.428,9.967
0.66678315,0.003,-0.428,9.967
0.6826603,0.003,-0.428,9.967
0.69853723,0.003,-0.428,10.005
0.7144135,0.042,-0.428,9.967
0.73029023,0.042,-0.39,9.967
0.74616736,0.042,-0.39,9.967
0.7620438,0.042,-0.428,9.967
0.77791876,0.003,-0.428,10.005
0.7937949,0.003,-0.428,9.967
0.8096694,0.003,-0.39,10.005
0.8255456,0.003,-0.428,10.005
0.8414204,0.003,-0.428,9.967
0.8572952,0.003,-0.428,10.005
0.87317246,0.042,-0.428,9.967
0.88904864,0.042,-0.428,10.005
0.9049268,0.003,-0.428,10.005
0.92080325,0.003,-0.428,9.967
0.9366799,0.003,-0.428,9.967
