TIME,X,Y,Z
0.0,0.042,-0.428,9.967
0.015877305,0.003,-0.428,9.967
0.031753056,0.003,-0.428,9.967
0.04762753,0.042,-0.428,9.967
0.06350523,0.042,-0.39,9.967
0.079381384,0.042,-0.428,9.967
0.09525762,0.003,-0.428,9.967
0.11113185,0.003,-0.428,9.967
0.12700891,0.042,-0.428,9.967
0.14288506,0.003,-0.428,9.967
0.15876111,0.003,-0.428,9.967
0.17463657,0.003,-0.428,9.967
0.19051103,0.003,-0.428,10.005
0.2063869,0.003,-0.428,9.967
0.22226365,0.003,-0.428,9.967
0.23814157,0.003,-0.428,9.967
0.25401765,0.042,-0.428,9.967
0.26989412,0.042,-0.428,9.967
0.28576893,0.003,-0.428,9.967
0.30164313,0.003,-0.428,9.967
0.31751743,0.003,-0.428,9.967
0.33339208,0.003,-0.428,9.967
0.34926835,0.003,-0.428,9.967
0.3651438,0.003,-0.39,9.967
0.38102028,0.042,-0.428,9.967
0.39689574,0.003,-0.428,9.967
0.4127703,0.042,-0.428,9.967
0.42864427,0.042,-0.428,10.005
0.44451794,0.003,-0.39,9.967
0.46039498,0.042,-0.428,9.928
0.47627097,0.003,-0.39,9.928
0.49214762,0.003,-0.467,9.967
0.5080241,0.003,-0.428,10.005
0.5239011,0.003,-0.39,9.967
0.5397753,0.042,-0.428,9.967
0.55564976,0.003,-0.428,9.967
0.5715247,0.003,-0.428,9.967
0.5874015,0.003,-0.428,10.005
0.6032789,0.003,-0.428,9.967
0.6191556,0.042,-0.428,9.967
0.6350313,0.042,-0.428,9.967
0.6509071,0.042,-0.428,9.967
0.6667814,0.003,-0.428,9.967
0.68265706,0.003,-0.428,9.967
0.6985317,0.003,-0.428,9.967
0.7144064,0.003,-0.428,9.967
0.73028004,0.003,-0.428,9.967
0.74615407,0.042,-0.428,9.967
0.7620258,0.003,-0.428,9.967
0.7779001,0.003,-0.428,9.967
0.79377407,0.042,-0.428,9.967
0.8096501,0.042,-0.428,9.967
0.8255248,0.003,-0.39,9.967
0.8414012,0.042,-0.428,9.967
0.8572753,0.042,-0.428,10.005
0.8731488,0.003,-0.428,9.967
0.8890241,0.003,-0.428,9.967
0.9048984,0.003,-0.428,9.967
0.92077357,0.003,-0.428,9.967
0.93664753,0.003,-0.428,9.967
