TIME,X,Y,Z
0.0,0.042,-0.467,9.967
0.015870355,0.042,-0.467,9.967
0.031741425,0.042,-0.467,9.928
0.047612265,0.042,-0.467,9.967
0.0634835,0.042,-0.467,9.967
0.079355955,0.08,-0.467,9.967
0.095227405,0.042,-0.467,9.967
0.111099236,0.042,-0.467,9.967
0.12697263,0.042,-0.467,9.967
0.14284329,0.042,-0.467,9.967
0.15871333,0.042,-0.467,9.967
0.17458345,0.042,-0.467,9.967
0.1904534,0.08,-0.467,9.967
0.20632268,0.042,-0.428,9.967
0.22219372,0.042,-0.467,9.967
0.23806387,0.042,-0.428,9.967
0.2539322,0.042,-0.467,9.967
0.26980284,0.08,-0.428,9.967
0.2856749,0.042,-0.467,9.967
0.30154422,0.08,-0.428,9.967
0.31741545,0.042,-0.467,9.967
0.3332846,0.042,-0.467,9.928
0.34915328,0.042,-0.467,9.967
0.36502412,0.042,-0.428,9.928
0.38089558,0.08,-0.467,9.967
0.39676467,0.042,-0.467,9.967
0.4126335,0.042,-0.428,9.967
0.42850307,0.08,-0.428,9.967
0.44437304,0.08,-0.428,9.967
0.4602434,0.042,-0.467,9.967
0.47611505,0.042,-0.467,9.967
0.49198714,0.042,-0.428,9.967
0.50785935,0.042,-0.428,9.967
0.5237296,0.042,-0.467,9.967
0.53960156,0.042,-0.467,9.967
0.5554708,0.042,-0.467,9.967
0.5713407,0.042,-0.467,9.967
0.5872122,0.042,-0.467,9.967
0.6030849,0.042,-0.467,9.928
0.61895597,0.042,-0.467,9.967
0.6348277,0.08,-0.467,9.928
0.6506994,0.08,-0.467,9.89
0.6665714,0.08,-0.428,10.005
0.6824438,0.08,-0.467,9.967
0.69831544,0.042,-0.467,9.928
0.714187,0.08,-0.467,9.967
0.7300593,0.042,-0.467,9.967
0.7459311,0.042,-0.467,9.967
0.7618022,0.042,-0.467,9.967
0.7776727,0.042,-0.467,9.928
0.7935451,0.042,-0.467,9.967
0.80941796,0.08,-0.467,9.967
0.8252901,0.042,-0.467,9.928
0.84116095,0.042,-0.467,9.967
0.8570318,0.042,-0.467,9.967
0.87290335,0.042,-0.428,10.005
0.88877255,0.042,-0.467,9.967
0.90464324,0.08,-0.467,9.928
0.9205132,0.042,-0.467,9.967
0.9363844,0.042,-0.467,9.967
0.9522558,0.042,-0.428,9.967
0.9681282,0.042,-0.467,9.967
0.98400086,0.042,-0.467,9.928
0.99987406,0.042,-0.467,9.967
1.0157461,0.042,-0.467,9.928
1.0316167,0.042,-0.467,9.967
1.0474882,0.042,-0.428,9.967
1.0633621,0.042,-0.467,9.967
1.0792351,0.042,-0.467,9.967
1.0951082,0.08,-0.467,9.928
1.1109817,0.042,-0.467,9.967
1.1268545,0.042,-0.467,9.967
1.1427261,0.042,-0.467,9.967
1.1585985,0.042,-0.467,9.967
1.1744717,0.08,-0.467,9.967
1.190344,0.042,-0.467,9.967
1.206217,0.08,-0.467,9.967
1.2220869,0.042,-0.467,9.967
1.2379594,0.042,-0.428,9.967
