TIME,X,Y,Z
0.0,0.08,-0.39,10.082
0.015832618,0.08,-0.39,9.928
0.031665705,0.042,-0.39,9.928
0.047498785,0.08,-0.39,9.928
0.06333264,0.08,-0.39,9.928
0.07916656,0.042,-0.39,9.928
0.094999805,0.042,-0.39,9.928
0.110833645,0.08,-0.39,9.967
0.12666889,0.042,-0.39,9.928
0.14250112,0.08,-0.39,9.928
0.15833302,0.08,-0.39,9.928
0.17416456,0.08,-0.39,9.928
0.18999638,0.08,-0.39,9.928
0.20582916,0.08,-0.39,9.967
0.22166194,0.08,-0.428,9.928
0.2374964,0.042,-0.428,9.928
0.25332925,0.08,-0.428,9.928
0.26916277,0.08,-0.39,9.928
0.28499568,0.042,-0.39,9.928
0.30082905,0.042,-0.39,9.967
0.31666204,0.042,-0.39,9.928
0.33249426,0.08,-0.39,9.928
0.34832802,0.08,-0.39,9.967
0.3641624,0.08,-0.428,9.967
0.379999,0.08,-0.428,9.928
0.39583537,0.08,-0.39,9.928
0.41166937,0.08,-0.39,9.928
0.42750362,0.042,-0.39,9.928
0.4433365,0.08,-0.39,9.928
0.45917132,0.08,-0.39,9.928
0.4750039,0.08,-0.39,9.928
0.49083617,0.08,-0.39,9.89
0.50666785,0.042,-0.39,9.928
0.5224984,0.042,-0.39,9.928
0.5383295,0.08,-0.39,9.928
0.5541611,0.08,-0.39,9.928
0.56999207,0.08,-0.39,9.928
0.58582467,0.08,-0.39,9.967
0.60165834,0.08,-0.428,9.928
0.61749244,0.08,-0.39,9.967
0.63332635,0.08,-0.39,9.89
0.649157,0.08,-0.39,10.005
0.664987,0.08,-0.39,9.967
0.68081844,0.08,-0.39,9.967
0.6966505,0.08,-0.39,9.928
0.7124819,0.08,-0.428,9.928
0.72831637,0.08,-0.39,9.967
0.74414754,0.08,-0.428,9.928
0.75997996,0.08,-0.39,9.967
0.775812,0.08,-0.39,9.928
0.7916451,0.08,-0.428,9.928
0.8074793,0.08,-0.39,9.967
0.8233112,0.08,-0.428,9.928
0.839145,0.08,-0.39,9.928
0.85497826,0.08,-0.428,9.928
0.8708128,0.042,-0.39,9.928
0.88664854,0.042,-0.39,9.928
0.9024827,0.08,-0.39,9.928
0.91831654,0.08,-0.39,9.967
0.9341492,0.08,-0.39,9.967
0.9499822,0.08,-0.39,9.928
0.96581554,0.08,-0.39,9.928
0.9816511,0.08,-0.39,9.928
0.9974846,0.08,-0.39,9.928
1.0133176,0.08,-0.428,9.967
1.0291506,0.08,-0.39,9.928
1.0449843,0.08,-0.39,9.928
1.06082,0.08,-0.39,9.928
1.0766548,0.08,-0.428,9.967
1.0924896,0.08,-0.428,9.967
1.1083225,0.08,-0.39,9.967
1.1241539,0.08,-0.39,9.928
