TIME,X,Y,Z
0.0,0.118,-0.428,10.043
0.01587462,0.08,-0.428,9.967
0.031749386,0.08,-0.428,9.928
0.04762377,0.118,-0.39,9.967
0.06349915,0.08,-0.428,9.967
0.07937479,0.08,-0.428,9.967
0.09524801,0.118,-0.428,9.928
0.11112138,0.118,-0.39,9.967
0.12699485,0.08,-0.39,9.967
0.14286913,0.08,-0.428,9.967
0.15874192,0.042,-0.467,9.967
0.17461738,0.118,-0.39,9.928
0.19049332,0.118,-0.39,9.967
0.20637015,0.08,-0.428,9.967
0.22224432,0.118,-0.39,9.967
0.23811816,0.118,-0.39,9.967
0.25399178,0.08,-0.39,9.967
0.2698664,0.08,-0.428,9.967
0.28574142,0.118,-0.39,9.967
0.30161762,0.118,-0.428,9.967
0.31749353,0.08,-0.428,9.967
0.3333669,0.118,-0.428,10.005
0.34923968,0.08,-0.428,9.967
0.36511385,0.08,-0.428,9.967
0.38098732,0.08,-0.467,9.967
0.3968608,0.118,-0.428,9.967
0.4127373,0.08,-0.39,9.967
0.4286127,0.08,-0.428,9.967
0.44448727,0.08,-0.39,9.967
0.46036333,0.118,-0.39,9.967
0.47624105,0.118,-0.428,9.967
0.49211493,0.08,-0.428,9.928
0.507988,0.08,-0.428,9.967
0.5238609,0.08,-0.428,9.967
0.5397358,0.08,-0.428,9.967
0.5556125,0.08,-0.428,9.967
0.57148826,0.08,-0.428,9.967
0.58736324,0.08,-0.428,10.005
0.6032377,0.118,-0.428,10.005
0.6191123,0.08,-0.428,9.89
0.63498604,0.08,-0.39,9.967
0.6508612,0.08,-0.428,9.967
0.6667359,0.08,-0.428,9.967
0.6826105,0.08,-0.39,9.967
0.69848454,0.118,-0.428,9.967
0.71435916,0.08,-0.428,10.005
0.7302339,0.08,-0.428,9.928
0.74610806,0.08,-0.428,9.967
0.7619815,0.118,-0.428,9.928
0.7778571,0.08,-0.428,9.967
0.79373205,0.118,-0.428,9.967
0.8096078,0.08,-0.428,9.928
0.8254823,0.08,-0.428,9.967
0.8413597,0.08,-0.428,9.967
0.8572347,0.08,-0.428,9.928
0.87311053,0.08,-0.428,9.967
0.88898635,0.08,-0.428,9.967
0.9048598,0.08,-0.428,9.967
0.9207334,0.08,-0.428,9.928
0.9366074,0.08,-0.428,9.967
0.95248103,0.118,-0.39,9.967
0.9683549,0.118,-0.428,9.967
0.9842296,0.08,-0.428,9.967
1.0001013,0.08,-0.428,9.967
1.0159751,0.08,-0.39,9.967
1.03185,0.118,-0.428,9.928
1.0477239,0.08,-0.428,9.928
1.063601,0.08,-0.428,9.967
1.0794747,0.08,-0.428,9.967
1.0953462,0.118,-0.428,9.967
1.1112188,0.08,-0.39,9.967
