TIME,X,Y,Z
0.0,-0.225,-0.467,9.967
0.015856208,-0.225,-0.505,9.928
0.031713985,-0.225,-0.505,9.928
0.047570676,-0.225,-0.467,9.928
0.06342807,-0.225,-0.467,9.928
0.07928461,-0.225,-0.505,9.928
0.09513862,-0.225,-0.467,9.928
0.110995375,-0.187,-0.467,9.928
0.12684967,-0.225,-0.467,9.928
0.14270505,-0.225,-0.467,9.928
0.15856281,-0.225,-0.505,9.928
0.1744165,-0.225,-0.505,9.928
0.19027062,-0.225,-0.505,9.928
0.20612437,-0.225,-0.467,9.928
0.22197835,-0.225,-0.505,9.928
0.23783273,-0.187,-0.467,9.928
0.25368756,-0.225,-0.467,9.928
0.26954147,-0.187,-0.467,9.928
0.285396,-0.225,-0.467,9.928
0.30125195,-0.225,-0.467,9.928
0.31710586,-0.225,-0.467,9.928
0.33296,-0.225,-0.505,9.89
0.3488151,-0.187,-0.467,9.967
0.36466953,-0.225,-0.467,9.928
0.3805247,-0.187,-0.505,9.928
0.39638025,-0.225,-0.467,9.928
0.41223514,-0.225,-0.467,9.928
0.42808938,-0.225,-0.505,9.928
0.44394585,-0.225,-0.467,9.89
0.45980114,-0.225,-0.467,9.928
0.4756576,-0.187,-0.467,9.928
0.49151528,-0.225,-0.467,9.967
0.5073688,-0.225,-0.467,9.928
0.5232256,-0.225,-0.467,9.928
0.53908175,-0.187,-0.467,9.967
0.5549371,-0.225,-0.467,9.928
0.5707932,-0.225,-0.505,9.928
0.58664733,-0.225,-0.505,9.967
0.60250235,-0.225,-0.467,9.89
0.6183557,-0.187,-0.467,9.967
0.6342104,-0.225,-0.467,9.928
0.6500645,-0.187,-0.467,9.967
0.66592145,-0.225,-0.505,9.89
0.6817765,-0.225,-0.467,9.967
0.6976326,-0.225,-0.467,9.928
0.7134881,-0.225,-0.505,9.928
0.72934276,-0.187,-0.467,9.928
0.7451993,-0.187,-0.467,9.928
0.7610569,-0.225,-0.505,9.928
0.77691334,-0.225,-0.467,9.928
0.7927677,-0.225,-0.505,9.928
0.80862236,-0.225,-0.467,9.928
0.82447785,-0.187,-0.467,9.928
0.84033424,-0.225,-0.467,9.928
0.85619164,-0.225,-0.467,9.928
0.8720475,-0.225,-0.505,9.928
0.8879041,-0.225,-0.467,9.928
0.90376216,-0.225,-0.467,9.928
0.9196176,-0.225,-0.467,9.928
0.93547255,-0.225,-0.467,9.928
0.9513284,-0.187,-0.467,9.928
0.9671853,-0.187,-0.467,9.928
0.983041,-0.225,-0.467,9.928
0.99889547,-0.225,-0.467,9.928
1.0147487,-0.225,-0.467,9.928
1.0306035,-0.225,-0.467,9.928
1.0464581,-0.187,-0.467,9.928
1.062313,-0.187,-0.467,9.89
1.078168,-0.225,-0.467,9.928
1.0940238,-0.225,-0.505,9.928
1.1098791,-0.187,-0.467,9.928
1.1257335,-0.225,-0.505,9.928
1.1415895,-0.187,-0.467,9.967
1.1574452,-0.187,-0.467,9.928
1.1733011,-0.225,-0.467,9.928
1.1891539,-0.225,-0.505,9.967
1.20501,-0.225,-0.467,9.928
1.2208651,-0.225,-0.467,9.928
