TIME,X,Y,Z
0.0,-0.225,-0.505,9.967
0.015860174,-0.225,-0.467,9.928
0.031717893,-0.187,-0.467,9.928
0.04757522,-0.225,-0.505,9.928
0.06343498,-0.225,-0.467,9.928
0.07929186,-0.187,-0.467,9.928
0.095150165,-0.225,-0.467,9.928
0.11100755,-0.225,-0.467,9.928
0.12686384,-0.225,-0.505,9.928
0.14271875,-0.225,-0.467,9.928
0.15857475,-0.225,-0.467,9.928
0.17443098,-0.187,-0.505,9.928
0.19028659,-0.225,-0.467,9.928
0.20614253,-0.225,-0.467,9.928
0.22200085,-0.225,-0.467,9.967
0.23785762,-0.187,-0.467,9.928
0.2537151,-0.225,-0.505,9.928
0.26957,-0.225,-0.467,9.928
0.28542528,-0.225,-0.467,9.928
0.30127996,-0.187,-0.467,9.928
0.31713548,-0.225,-0.467,9.928
0.33299106,-0.225,-0.467,9.928
0.3488453,-0.225,-0.467,9.928
0.3646996,-0.225,-0.505,9.928
0.38055566,-0.225,-0.467,9.928
0.39641386,-0.225,-0.467,9.928
0.4122683,-0.187,-0.467,9.928
0.42812273,-0.225,-0.467,9.928
0.4439761,-0.225,-0.467,9.928
0.45983076,-0.225,-0.467,9.928
0.47568575,-0.187,-0.467,9.967
0.49154007,-0.225,-0.467,9.928
0.50739545,-0.225,-0.467,9.928
0.52325106,-0.225,-0.467,9.928
0.5391069,-0.225,-0.467,9.928
0.5549638,-0.225,-0.467,9.928
0.57082045,-0.225,-0.467,9.89
0.58667713,-0.225,-0.505,9.89
0.60253394,-0.187,-0.467,10.005
0.61839074,-0.225,-0.505,9.928
0.6342471,-0.225,-0.505,10.005
0.65010357,-0.225,-0.467,9.967
0.66595995,-0.225,-0.467,9.89
0.68181646,-0.187,-0.467,9.928
0.69767296,-0.225,-0.467,9.928
0.71353054,-0.225,-0.505,9.852
0.7293869,-0.187,-0.505,10.005
0.74524456,-0.225,-0.505,9.852
0.7611007,-0.225,-0.467,10.005
0.77696,-0.225,-0.505,9.89
0.7928181,-0.225,-0.467,9.928
0.8086763,-0.187,-0.467,9.928
0.8245332,-0.225,-0.467,9.928
0.840389,-0.225,-0.467,9.928
0.8562472,-0.187,-0.505,9.967
0.87210435,-0.187,-0.467,9.928
0.88796175,-0.225,-0.505,9.928
0.90381885,-0.225,-0.467,9.928
0.91967463,-0.187,-0.467,9.928
0.9355319,-0.225,-0.467,9.928
0.9513887,-0.225,-0.467,9.928
0.9672447,-0.187,-0.467,9.928
0.98309964,-0.225,-0.505,9.928
0.99895597,-0.225,-0.467,9.928
1.014813,-0.225,-0.467,9.967
1.0306693,-0.225,-0.467,9.928
1.0465262,-0.187,-0.467,9.928
1.0623852,-0.187,-0.467,9.928
1.0782464,-0.225,-0.467,9.928
1.0941044,-0.225,-0.467,9.928
1.1099619,-0.187,-0.467,9.928
1.1258186,-0.225,-0.467,9.928
1.1416761,-0.225,-0.467,9.928
1.1575359,-0.225,-0.467,9.928
1.1733935,-0.225,-0.467,9.928
1.1892514,-0.225,-0.467,9.928
1.2051073,-0.225,-0.467,9.928
