TIME,X,Y,Z
0.0,-0.225,-0.467,9.928
0.015853448,-0.225,-0.467,9.928
0.031706817,-0.225,-0.467,9.928
0.047559943,-0.225,-0.467,9.967
0.06341348,-0.187,-0.467,9.928
0.07926838,-0.187,-0.467,9.928
0.09512499,-0.225,-0.505,9.928
0.110979296,-0.225,-0.467,9.928
0.1268362,-0.187,-0.467,9.928
0.1426902,-0.187,-0.467,9.928
0.15854396,-0.225,-0.467,9.928
0.17439549,-0.225,-0.467,9.928
0.19024941,-0.187,-0.467,9.928
0.2061045,-0.187,-0.467,9.928
0.22195825,-0.225,-0.467,9.928
0.23781095,-0.225,-0.467,9.928
0.25366372,-0.225,-0.467,9.967
0.26951623,-0.225,-0.505,9.928
0.28536832,-0.225,-0.467,9.967
0.30121925,-0.225,-0.467,9.928
0.3170738,-0.225,-0.505,9.928
0.33292753,-0.225,-0.467,9.928
0.34877935,-0.187,-0.467,9.928
0.36463234,-0.187,-0.467,9.928
0.38048452,-0.225,-0.467,9.928
0.3963363,-0.225,-0.505,9.967
0.41218907,-0.187,-0.467,9.928
0.42804098,-0.187,-0.467,9.928
0.4438936,-0.225,-0.505,9.928
0.45974675,-0.225,-0.505,9.928
0.4756007,-0.225,-0.467,9.928
0.49145502,-0.225,-0.467,9.928
0.50730723,-0.225,-0.467,9.928
0.52315944,-0.225,-0.505,9.928
0.539013,-0.225,-0.505,9.928
0.55486715,-0.225,-0.467,9.928
0.57072,-0.225,-0.467,9.928
0.5865746,-0.187,-0.467,9.967
0.60242563,-0.225,-0.467,9.89
0.6182782,-0.187,-0.467,9.928
0.6341315,-0.225,-0.505,9.89
0.649985,-0.187,-0.467,9.928
0.6658382,-0.225,-0.467,9.967
0.6816921,-0.225,-0.505,9.928
0.69754356,-0.225,-0.505,9.89
0.7133977,-0.225,-0.467,9.967
0.7292517,-0.225,-0.505,9.89
0.74510485,-0.225,-0.467,10.043
0.7609586,-0.225,-0.467,9.852
0.7768122,-0.225,-0.467,9.967
0.79266566,-0.225,-0.467,9.852
0.8085197,-0.187,-0.467,9.967
0.82437384,-0.187,-0.467,9.928
0.84022826,-0.187,-0.505,9.967
0.856084,-0.264,-0.505,9.928
0.87193966,-0.225,-0.467,9.928
0.8877952,-0.187,-0.467,9.928
0.9036502,-0.187,-0.505,9.928
0.9195053,-0.225,-0.505,9.928
0.9353606,-0.187,-0.467,9.928
0.95121485,-0.187,-0.428,9.928
0.9670704,-0.187,-0.467,9.967
0.982926,-0.225,-0.505,9.928
0.99878156,-0.225,-0.505,9.928
1.014637,-0.264,-0.505,9.928
1.0304894,-0.225,-0.467,9.928
1.046343,-0.187,-0.467,9.928
1.0621965,-0.187,-0.467,9.967
1.0780497,-0.225,-0.467,9.928
1.093905,-0.264,-0.505,9.928
1.1097583,-0.187,-0.467,9.928
1.1256118,-0.187,-0.467,9.928
1.1414644,-0.264,-0.505,9.928
1.1573172,-0.225,-0.467,9.928
1.1731709,-0.149,-0.467,9.928
1.1890271,-0.187,-0.467,9.928
1.2048823,-0.264,-0.505,9.89
