TIME,X,Y,Z
0.0,0.118,-0.428,10.12
0.015847169,0.118,-0.428,9.928
0.031693242,0.118,-0.428,9.928
0.04753925,0.08,-0.428,9.967
0.06338464,0.08,-0.428,9.967
0.07923065,0.08,-0.428,9.967
0.095077805,0.118,-0.428,9.967
0.11092552,0.118,-0.428,9.967
0.12677221,0.118,-0.39,9.967
0.14261873,0.08,-0.428,9.967
0.15846756,0.08,-0.428,9.967
0.17431462,0.08,-0.428,9.967
0.19016007,0.08,-0.428,9.967
0.20600736,0.118,-0.428,9.967
0.22185312,0.08,-0.428,9.967
0.23769957,0.118,-0.428,9.928
0.25354463,0.118,-0.39,9.967
0.26939118,0.08,-0.428,9.967
0.28523898,0.08,-0.428,9.967
0.30108637,0.118,-0.428,9.928
0.31693318,0.08,-0.428,9.967
0.3327774,0.08,-0.428,9.928
0.3486223,0.08,-0.428,9.967
0.36446652,0.118,-0.428,9.967
0.38031211,0.118,-0.428,9.967
0.39615816,0.118,-0.428,9.967
0.41200313,0.08,-0.428,10.005
0.4278477,0.08,-0.467,9.967
0.4436936,0.118,-0.428,9.967
0.4595406,0.118,-0.428,9.928
0.47538564,0.118,-0.428,9.967
0.49123165,0.118,-0.428,9.967
0.50707805,0.08,-0.39,9.928
0.52292544,0.08,-0.39,9.928
0.53877157,0.08,-0.428,9.967
0.55461687,0.118,-0.428,9.928
0.5704608,0.118,-0.428,10.005
0.5863077,0.08,-0.428,9.967
0.6021542,0.08,-0.428,9.928
0.61800015,0.118,-0.428,9.967
0.63384783,0.118,-0.428,9.928
0.6496947,0.118,-0.428,9.967
0.66554034,0.118,-0.428,9.928
0.6813864,0.08,-0.428,9.967
0.6972329,0.118,-0.428,9.967
0.7130802,0.118,-0.428,9.967
0.7289275,0.08,-0.428,9.928
0.74477196,0.118,-0.467,9.967
0.7606189,0.118,-0.467,9.928
0.7764639,0.118,-0.428,9.967
0.79230833,0.118,-0.428,9.928
0.80815494,0.08,-0.428,9.967
0.8240002,0.08,-0.428,9.967
0.8398458,0.08,-0.428,9.967
0.8556927,0.08,-0.428,9.967
0.871538,0.118,-0.428,9.967
0.8873819,0.118,-0.428,9.967
0.9032276,0.08,-0.428,9.928
0.91907626,0.08,-0.428,9.928
0.93492484,0.118,-0.428,9.967
0.9507707,0.118,-0.428,9.967
0.966618,0.08,-0.428,9.928
0.98246545,0.08,-0.428,9.967
0.9983124,0.08,-0.428,9.967
1.0141584,0.118,-0.428,9.967
1.0300055,0.08,-0.428,9.967
1.045855,0.08,-0.428,9.928
1.0617033,0.08,-0.428,9.967
1.077549,0.118,-0.428,9.967
1.0933956,0.08,-0.428,9.967
1.109242,0.08,-0.428,9.928
1.1250883,0.118,-0.428,9.928
1.1409366,0.118,-0.428,9.928
1.1567835,0.08,-0.39,10.005
1.1726329,0.08,-0.428,9.967
1.1884804,0.118,-0.428,9.967
1.2043275,0.118,-0.428,9.967
1.220175,0.08,-0.39,9.928
1.2360219,0.08,-0.428,9.928
1.2518672,0.118,-0.428,9.928
1.267712,0.118,-0.428,9.928
1.2835559,0.118,-0.428,9.967
