TIME,X,Y,Z
0.0,0.08,-0.428,10.005
0.015847852,0.118,-0.428,9.967
0.031697083,0.118,-0.428,9.967
0.047544856,0.08,-0.428,9.928
0.0633907,0.08,-0.428,9.967
0.07923708,0.08,-0.428,9.967
0.09508399,0.118,-0.428,9.967
0.11093037,0.118,-0.39,9.967
0.12677719,0.08,-0.428,9.967
0.14262487,0.08,-0.428,9.967
0.15847328,0.08,-0.428,9.967
0.17431974,0.08,-0.428,9.967
0.1901687,0.118,-0.428,9.967
0.20601885,0.08,-0.428,9.967
0.22186746,0.08,-0.467,9.967
0.23771545,0.118,-0.428,9.967
0.25356224,0.08,-0.428,9.967
0.2694086,0.08,-0.428,9.967
0.28525582,0.08,-0.428,9.967
0.3011025,0.08,-0.428,9.967
0.31695005,0.118,-0.428,9.967
0.33279896,0.08,-0.428,9.967
0.34864694,0.08,-0.467,9.928
0.3644952,0.118,-0.428,9.967
0.38034242,0.08,-0.39,9.967
0.3961893,0.08,-0.428,9.967
0.4120372,0.08,-0.428,9.967
0.42788476,0.118,-0.467,9.928
0.44373378,0.08,-0.428,10.005
0.45958164,0.118,-0.428,9.928
0.47542772,0.118,-0.428,9.928
0.49127334,0.08,-0.428,9.967
0.50712067,0.118,-0.428,9.928
0.5229667,0.118,-0.428,9.967
0.5388138,0.118,-0.428,9.967
0.5546591,0.118,-0.428,9.928
0.57050496,0.118,-0.428,9.967
0.58635086,0.08,-0.428,9.928
0.6021963,0.118,-0.428,9.967
0.618041,0.118,-0.467,9.967
0.63388675,0.08,-0.428,9.967
0.6497332,0.08,-0.428,9.967
0.6655786,0.08,-0.428,9.967
0.6814235,0.118,-0.467,9.928
0.6972693,0.118,-0.39,10.005
0.71311444,0.118,-0.428,9.967
0.7289603,0.08,-0.428,9.967
0.7448077,0.08,-0.428,9.967
0.76065534,0.08,-0.428,10.005
0.7765006,0.08,-0.428,9.967
0.7923474,0.08,-0.467,9.89
0.80819666,0.08,-0.428,9.928
0.82404375,0.118,-0.428,9.967
0.83989173,0.08,-0.428,9.967
0.85574085,0.08,-0.39,9.928
0.8715888,0.118,-0.428,9.928
0.88743496,0.08,-0.428,9.928
0.90328085,0.118,-0.428,9.967
0.91912603,0.08,-0.428,9.928
0.9349728,0.08,-0.428,9.967
0.95081764,0.08,-0.428,9.967
0.96666265,0.118,-0.428,9.967
0.9825069,0.08,-0.428,9.967
0.99835235,0.08,-0.428,9.928
1.0141982,0.118,-0.428,9.967
1.0300436,0.118,-0.428,9.928
1.0458894,0.08,-0.428,9.967
1.0617372,0.08,-0.428,9.967
1.0775851,0.08,-0.428,9.928
1.0934316,0.118,-0.428,9.967
1.1092783,0.118,-0.428,9.967
1.1251256,0.08,-0.428,9.928
1.1409757,0.08,-0.428,9.967
1.1568245,0.08,-0.428,9.967
1.1726702,0.08,-0.428,9.967
1.1885186,0.118,-0.428,9.928
1.2043672,0.08,-0.428,9.967
1.2202122,0.118,-0.428,9.967
1.2360584,0.08,-0.428,9.928
1.2519046,0.08,-0.428,9.967
1.2677499,0.08,-0.428,9.967
1.2835968,0.118,-0.428,9.967
1.2994452,0.08,-0.428,9.967
