TIME,X,Y,Z
0.0,0.118,-0.428,10.082
0.01585338,0.08,-0.428,9.967
0.031707056,0.08,-0.428,9.967
0.047562808,0.08,-0.467,9.967
0.063414186,0.08,-0.467,9.967
0.07926826,0.118,-0.428,9.967
0.09512242,0.118,-0.428,9.967
0.11097479,0.08,-0.428,9.967
0.12682758,0.118,-0.428,9.967
0.14268076,0.118,-0.428,9.967
0.15853228,0.08,-0.428,9.967
0.17438503,0.042,-0.428,9.967
0.1902416,0.08,-0.428,9.967
0.2060952,0.08,-0.428,9.967
0.22194856,0.118,-0.428,9.967
0.23780258,0.118,-0.467,9.928
0.25365558,0.08,-0.428,9.967
0.26950768,0.08,-0.467,9.967
0.285361,0.118,-0.428,10.005
0.3012138,0.118,-0.467,9.967
0.31706902,0.08,-0.467,9.928
0.3329223,0.118,-0.428,10.005
0.3487767,0.08,-0.428,9.967
0.36463052,0.08,-0.428,9.967
0.38048586,0.118,-0.467,9.967
0.39633816,0.08,-0.467,9.967
0.41219243,0.118,-0.467,9.928
0.4280452,0.118,-0.428,9.967
0.44389904,0.118,-0.428,9.928
0.45975348,0.08,-0.467,9.967
0.47560596,0.08,-0.428,9.967
0.49145943,0.118,-0.428,10.005
0.50731206,0.118,-0.428,9.967
0.523163,0.08,-0.428,10.005
0.53901625,0.118,-0.467,9.967
0.55487233,0.08,-0.428,9.967
0.5707255,0.118,-0.467,9.928
0.58657765,0.08,-0.428,9.967
0.60243064,0.118,-0.428,9.967
0.6182833,0.118,-0.467,9.967
0.6341351,0.118,-0.428,9.928
0.64998686,0.08,-0.428,9.967
0.6658393,0.08,-0.428,10.005
0.6816912,0.08,-0.428,9.928
0.6975438,0.08,-0.428,9.967
0.71339715,0.08,-0.428,9.928
0.72925013,0.118,-0.467,9.967
0.7451016,0.08,-0.467,9.967
0.7609546,0.08,-0.467,9.928
0.776809,0.118,-0.428,9.928
0.79266065,0.08,-0.428,9.967
0.8085132,0.08,-0.428,9.967
0.8243646,0.118,-0.467,9.967
0.8402166,0.08,-0.467,9.967
0.85606873,0.08,-0.467,9.967
0.8719206,0.08,-0.428,9.928
0.88777286,0.118,-0.428,9.967
0.9036258,0.08,-0.428,9.928
0.91947913,0.08,-0.467,9.967
0.93533176,0.08,-0.428,9.967
0.95118433,0.118,-0.467,9.967
0.96704,0.118,-0.428,9.967
0.9828923,0.08,-0.428,9.967
0.9987444,0.08,-0.428,9.967
1.0145961,0.08,-0.428,9.967
1.0304471,0.08,-0.428,9.967
1.0463002,0.118,-0.428,9.928
1.0621538,0.118,-0.467,9.967
1.0780094,0.118,-0.428,9.967
1.0938619,0.08,-0.428,9.967
1.1097144,0.08,-0.428,9.967
1.1255673,0.08,-0.428,9.967
1.1414201,0.08,-0.428,9.967
1.1572722,0.08,-0.467,9.967
1.1731243,0.08,-0.467,9.967
