TIME,X,Y,Z
0.0,0.08,-0.428,10.005
0.015851295,0.08,-0.428,9.967
0.0317032,0.08,-0.428,9.967
0.047554128,0.08,-0.428,9.967
0.06340338,0.08,-0.428,9.967
0.07925424,0.118,-0.428,9.967
0.09510583,0.118,-0.428,9.967
0.11095613,0.118,-0.428,9.967
0.12680498,0.08,-0.467,9.967
0.1426575,0.08,-0.428,9.967
0.15850838,0.08,-0.467,9.967
0.17435835,0.08,-0.467,9.967
0.1902082,0.08,-0.428,9.967
0.20605752,0.118,-0.428,9.928
0.22190988,0.118,-0.428,9.967
0.23776259,0.08,-0.428,9.967
0.25361246,0.08,-0.467,9.967
0.26946467,0.08,-0.467,9.967
0.28531656,0.08,-0.428,9.967
0.30116975,0.08,-0.428,9.967
0.3170219,0.08,-0.428,9.967
0.33287275,0.118,-0.467,9.928
0.3487235,0.118,-0.467,9.967
0.3645749,0.118,-0.428,9.967
0.380429,0.08,-0.428,9.967
0.3962795,0.08,-0.428,9.967
0.41213182,0.118,-0.428,9.928
0.4279837,0.08,-0.428,10.005
0.44383642,0.118,-0.428,9.967
0.459689,0.118,-0.428,9.928
0.47554207,0.08,-0.428,9.967
0.49139285,0.08,-0.467,9.928
0.50724393,0.08,-0.428,10.005
0.52309513,0.08,-0.467,9.928
0.5389458,0.118,-0.428,9.967
0.5547951,0.118,-0.428,10.005
0.5706452,0.08,-0.428,9.967
0.5864959,0.118,-0.428,10.005
0.60234565,0.08,-0.428,9.967
0.61819696,0.08,-0.428,9.928
0.63404745,0.08,-0.467,9.967
0.6498978,0.118,-0.467,9.89
0.665747,0.08,-0.428,10.005
0.68159837,0.118,-0.467,9.967
0.69744813,0.08,-0.428,9.928
0.71329767,0.08,-0.428,9.967
0.7291483,0.08,-0.428,9.928
0.74499977,0.118,-0.428,9.967
0.7608495,0.08,-0.428,9.928
0.7767006,0.08,-0.428,9.928
0.7925509,0.08,-0.428,10.005
0.8083986,0.08,-0.428,9.928
0.8242469,0.08,-0.428,9.967
0.84009707,0.08,-0.428,9.967
0.85594743,0.08,-0.428,9.967
0.8717965,0.118,-0.428,9.967
0.8876468,0.118,-0.428,9.928
0.9034967,0.08,-0.428,9.928
0.9193468,0.08,-0.428,9.967
0.93519765,0.08,-0.428,9.967
0.95104676,0.118,-0.428,9.967
0.9668979,0.118,-0.428,9.967
0.9827495,0.08,-0.428,9.967
0.9986012,0.08,-0.428,9.967
1.0144526,0.08,-0.428,9.967
1.030304,0.118,-0.428,9.967
1.0461556,0.08,-0.428,9.967
1.062007,0.08,-0.428,9.967
1.0778567,0.08,-0.428,9.967
1.0937071,0.08,-0.428,9.928
1.1095583,0.118,-0.428,9.967
1.1254088,0.08,-0.428,9.967
1.1412619,0.08,-0.428,10.005
1.1571134,0.08,-0.428,9.967
1.1729646,0.08,-0.467,9.967
1.1888145,0.08,-0.467,9.967
1.2046654,0.08,-0.428,9.928
1.2205174,0.118,-0.428,9.967
1.2363669,0.118,-0.428,9.967
1.2522178,0.118,-0.428,9.967
1.2680681,0.118,-0.428,9.928
1.2839191,0.08,-0.428,10.005
