TIME,X,Y,Z
0.0,0.348,-0.122,9.89
0.015786842,0.348,-0.122,9.89
0.03157209,0.386,-0.122,9.928
0.047357634,0.348,-0.122,9.89
0.06314264,0.348,-0.122,9.89
0.078923725,0.348,-0.122,9.928
0.09470781,0.348,-0.16,9.928
0.110491805,0.386,-0.16,9.89
0.12627889,0.386,-0.16,9.928
0.1420642,0.386,-0.122,9.928
0.15784886,0.386,-0.122,9.928
0.17363341,0.348,-0.122,9.89
0.18941778,0.348,-0.122,9.928
0.20520277,0.348,-0.122,9.928
0.22098769,0.348,-0.122,9.928
0.23677357,0.348,-0.122,9.928
0.25255835,0.348,-0.122,9.89
0.26834297,0.386,-0.122,9.89
0.2841286,0.386,-0.122,9.89
0.29991606,0.386,-0.122,9.928
0.31570175,0.386,-0.122,9.89
0.3314862,0.386,-0.122,9.928
0.34727123,0.348,-0.122,9.89
0.36305594,0.386,-0.122,9.928
0.37884048,0.348,-0.16,9.928
0.39462495,0.348,-0.16,9.928
0.41041,0.348,-0.122,9.89
0.42619628,0.386,-0.16,9.89
0.44198307,0.386,-0.122,9.928
0.45777032,0.348,-0.122,9.928
0.47355667,0.348,-0.122,9.928
0.48934484,0.386,-0.122,9.89
0.50513047,0.348,-0.122,9.928
0.52091306,0.348,-0.122,9.89
0.53669876,0.386,-0.122,9.928
0.5524825,0.386,-0.122,9.89
0.5682658,0.348,-0.122,9.928
0.58404785,0.348,-0.122,9.89
0.5998317,0.348,-0.122,9.89
0.61561483,0.348,-0.122,9.928
0.631399,0.386,-0.122,9.89
0.6471836,0.386,-0.122,9.89
0.6629679,0.348,-0.122,9.928
0.678753,0.348,-0.122,9.89
0.6945377,0.386,-0.16,9.89
0.7103223,0.386,-0.122,9.89
0.7261064,0.386,-0.122,9.928
0.7418897,0.386,-0.122,9.928
0.7576736,0.348,-0.16,9.928
0.77345574,0.348,-0.122,9.89
0.7892408,0.386,-0.122,9.89
0.80502546,0.348,-0.122,9.89
0.82081085,0.348,-0.16,9.89
0.8365977,0.386,-0.122,9.928
0.85238254,0.386,-0.122,9.928
0.86816806,0.348,-0.122,9.928
0.8839546,0.386,-0.122,9.928
0.8997393,0.348,-0.122,9.928
0.9155245,0.386,-0.122,9.89
0.93130857,0.386,-0.122,9.928
0.94709414,0.348,-0.122,9.928
0.96288,0.348,-0.16,9.928
0.97866607,0.386,-0.122,9.928
0.99445045,0.348,-0.122,9.928
1.0102342,0.386,-0.122,9.89
1.026022,0.348,-0.122,9.928
1.0418075,0.386,-0.122,9.928
1.0575947,0.386,-0.122,9.928
