TIME,X,Y,Z
0.0,0.118,-0.39,9.852
0.015830852,0.08,-0.39,10.005
0.031663314,0.118,-0.39,9.928
0.047494773,0.118,-0.39,9.928
0.06332724,0.08,-0.39,9.967
0.079158075,0.118,-0.39,9.928
0.09498951,0.118,-0.39,9.967
0.110822596,0.118,-0.39,9.967
0.12665427,0.118,-0.39,9.928
0.14248696,0.118,-0.39,9.928
0.15832023,0.118,-0.39,9.928
0.17415455,0.118,-0.39,9.928
0.18998784,0.118,-0.39,9.928
0.20582338,0.118,-0.39,9.967
0.22165513,0.118,-0.428,9.967
0.23748806,0.118,-0.39,9.967
0.25332254,0.08,-0.39,9.967
0.26915672,0.08,-0.428,9.928
0.28498843,0.118,-0.39,9.967
0.3008206,0.08,-0.39,9.967
0.3166542,0.118,-0.39,9.967
0.33248627,0.118,-0.39,9.967
0.34831947,0.118,-0.428,9.928
0.3641522,0.118,-0.39,9.928
0.37998468,0.118,-0.39,9.928
0.39581975,0.08,-0.39,9.928
0.41165406,0.118,-0.39,9.967
0.42748737,0.08,-0.428,9.967
0.44332114,0.08,-0.428,9.967
0.45915356,0.118,-0.39,9.967
0.4749862,0.118,-0.428,9.928
0.49081975,0.118,-0.39,9.967
0.5066526,0.08,-0.39,9.967
0.52248454,0.118,-0.39,9.967
0.53831756,0.118,-0.39,9.967
0.5541505,0.08,-0.39,9.967
0.5699832,0.118,-0.428,9.928
0.5858154,0.118,-0.39,9.928
0.6016476,0.118,-0.39,9.928
0.61748,0.118,-0.39,9.928
0.6333127,0.118,-0.39,10.005
0.649145,0.118,-0.39,9.928
0.6649796,0.118,-0.39,9.967
0.6808127,0.118,-0.428,10.005
0.69664794,0.08,-0.428,9.967
0.71248275,0.118,-0.39,9.967
0.72831625,0.08,-0.39,9.967
0.7441497,0.118,-0.39,9.928
0.75998324,0.118,-0.39,9.967
0.77581555,0.118,-0.39,9.928
0.7916487,0.118,-0.428,10.005
0.80748284,0.118,-0.39,9.928
0.8233191,0.118,-0.428,9.928
0.8391533,0.118,-0.39,9.967
0.8549872,0.118,-0.428,10.005
0.87082213,0.08,-0.39,9.928
0.88665676,0.118,-0.39,9.967
0.90249085,0.118,-0.39,9.967
0.9183248,0.08,-0.39,9.928
0.9341579,0.118,-0.39,9.928
0.9499908,0.08,-0.39,9.928
0.9658233,0.118,-0.39,9.967
0.9816556,0.08,-0.39,9.928
0.99748987,0.118,-0.39,9.928
1.0133237,0.08,-0.39,9.967
1.0291581,0.118,-0.39,9.967
