TIME,X,Y,Z
0.0,0.118,-0.428,10.082
0.015873842,0.118,-0.428,9.967
0.031750664,0.08,-0.428,9.967
0.047627352,0.118,-0.467,9.967
0.06350419,0.118,-0.428,9.967
0.079380006,0.118,-0.428,10.005
0.09525416,0.118,-0.428,9.967
0.11112891,0.118,-0.428,9.967
0.12700632,0.118,-0.428,9.967
0.1428819,0.08,-0.428,9.967
0.15875728,0.118,-0.428,9.967
0.17463157,0.08,-0.428,9.967
0.19050705,0.118,-0.428,9.967
0.20638052,0.118,-0.467,9.967
0.22225481,0.118,-0.428,9.967
0.23813048,0.118,-0.428,9.967
0.2540053,0.08,-0.428,10.005
0.26988122,0.118,-0.428,9.967
0.28575692,0.118,-0.467,10.005
0.30163133,0.08,-0.428,10.005
0.3175065,0.118,-0.428,9.967
0.3333803,0.118,-0.428,9.967
0.34925714,0.08,-0.428,9.967
0.36513597,0.08,-0.428,9.967
0.38101378,0.118,-0.467,9.967
0.39689013,0.118,-0.467,10.043
0.4127685,0.08,-0.428,9.928
0.42864722,0.118,-0.467,9.967
0.44452673,0.118,-0.428,10.005
0.46040472,0.118,-0.428,9.967
0.47628444,0.118,-0.428,10.005
0.4921611,0.118,-0.428,10.043
0.50803864,0.118,-0.428,9.928
0.5239143,0.118,-0.467,9.967
0.53979146,0.118,-0.428,9.967
0.5556676,0.118,-0.428,9.928
0.57154334,0.118,-0.467,10.005
0.587421,0.118,-0.428,9.967
0.6032983,0.08,-0.428,9.967
0.6191745,0.118,-0.428,9.967
0.6350499,0.118,-0.428,9.967
0.65092677,0.118,-0.467,9.967
0.6668041,0.08,-0.428,10.005
0.6826809,0.08,-0.428,10.005
0.6985547,0.118,-0.467,9.967
0.71442837,0.118,-0.467,9.967
0.7303057,0.118,-0.428,9.967
0.7461813,0.118,-0.428,9.967
0.7620559,0.118,-0.428,9.967
0.777932,0.118,-0.428,9.967
0.7938076,0.118,-0.428,10.005
0.8096835,0.08,-0.428,9.967
0.8255605,0.118,-0.428,9.967
0.8414374,0.118,-0.428,9.967
0.85731286,0.118,-0.428,9.967
