TIME,X,Y,Z
0.0,0.118,-0.428,9.928
0.01587792,0.08,-0.428,10.005
0.03175815,0.08,-0.428,9.967
0.04763716,0.118,-0.428,10.005
0.0635157,0.118,-0.428,10.005
0.07939693,0.08,-0.467,10.005
0.09527618,0.08,-0.428,9.967
0.111155085,0.08,-0.428,10.005
0.12703356,0.08,-0.428,9.967
0.14291157,0.118,-0.428,9.967
0.1587898,0.08,-0.428,9.967
0.17466836,0.118,-0.428,9.967
0.19054767,0.08,-0.428,9.967
0.2064265,0.08,-0.428,10.005
0.22230358,0.118,-0.428,9.967
0.2381806,0.118,-0.428,9.967
0.25405762,0.118,-0.467,9.967
0.26993462,0.118,-0.467,9.967
0.28581327,0.08,-0.428,9.967
0.30169097,0.118,-0.428,9.967
0.31756923,0.118,-0.428,9.967
0.33344567,0.118,-0.428,9.967
0.3493222,0.118,-0.428,9.967
0.36519837,0.118,-0.428,9.967
0.3810742,0.118,-0.428,9.967
0.39695024,0.118,-0.428,9.967
0.41282552,0.118,-0.428,10.043
0.42870098,0.118,-0.467,9.89
0.44457623,0.118,-0.428,10.005
0.46045342,0.118,-0.428,10.005
0.4763297,0.08,-0.467,10.005
0.49220747,0.08,-0.428,9.928
0.5080819,0.118,-0.428,10.005
0.5239581,0.118,-0.428,9.967
0.5398358,0.08,-0.428,10.005
0.5557158,0.118,-0.428,9.967
0.571593,0.118,-0.428,9.928
0.5874711,0.118,-0.428,10.005
0.6033484,0.08,-0.428,9.967
0.6192266,0.118,-0.467,9.967
0.63510543,0.118,-0.428,10.005
0.65098226,0.118,-0.428,9.967
0.6668593,0.08,-0.428,10.005
0.68273705,0.118,-0.428,9.967
0.69861454,0.118,-0.428,9.967
0.714491,0.08,-0.428,9.967
0.7303671,0.118,-0.428,9.967
0.74624467,0.118,-0.467,9.967
0.7621205,0.08,-0.467,10.005
0.77799714,0.08,-0.467,9.967
0.79387474,0.118,-0.467,10.005
0.8097523,0.08,-0.428,9.967
0.82563126,0.08,-0.428,9.967
0.8415082,0.118,-0.428,10.005
0.85738415,0.08,-0.428,9.928
