TIME,X,Y,Z
0.0,0.08,-0.39,9.775
0.015880078,0.118,-0.428,10.082
0.031760234,0.118,-0.428,10.005
0.047641546,0.08,-0.428,10.005
0.06352185,0.118,-0.428,10.005
0.079400845,0.118,-0.428,9.967
0.095282525,0.118,-0.428,10.005
0.11116408,0.118,-0.428,9.967
0.12704584,0.118,-0.428,9.967
0.14292538,0.08,-0.428,9.967
0.15880455,0.118,-0.428,10.005
0.17468616,0.118,-0.428,9.967
0.19056691,0.118,-0.428,9.967
0.20644705,0.08,-0.428,10.005
0.22232907,0.118,-0.428,9.967
0.23821025,0.08,-0.467,9.967
0.2540888,0.08,-0.428,9.967
0.2699711,0.08,-0.428,9.967
0.28585237,0.08,-0.428,9.967
0.3017333,0.118,-0.428,9.967
0.31761378,0.08,-0.428,9.967
0.33349505,0.118,-0.428,9.967
0.34937564,0.118,-0.428,9.967
0.36525786,0.08,-0.428,9.967
0.38113725,0.118,-0.428,9.967
0.39701474,0.08,-0.428,9.967
0.41289654,0.08,-0.428,9.967
0.42877623,0.118,-0.428,10.005
0.44465733,0.08,-0.428,10.005
0.4605396,0.08,-0.428,9.928
0.47642145,0.08,-0.428,10.005
0.49230134,0.118,-0.428,9.967
0.5081821,0.08,-0.428,9.967
0.52406186,0.118,-0.428,10.005
0.53994125,0.118,-0.428,10.005
0.5558215,0.118,-0.428,9.967
0.5717003,0.08,-0.428,10.005
0.5875791,0.08,-0.428,10.005
0.6034571,0.08,-0.428,9.967
0.6193366,0.08,-0.428,9.967
0.6352157,0.118,-0.428,9.967
0.6510943,0.118,-0.428,9.967
0.6669756,0.118,-0.428,9.967
0.68285644,0.08,-0.428,9.928
0.6987356,0.118,-0.428,9.967
0.71461505,0.08,-0.428,9.967
0.7304949,0.08,-0.428,10.005
0.74637324,0.08,-0.428,9.967
0.76225203,0.08,-0.467,9.967
0.77813154,0.118,-0.428,9.967
0.794011,0.118,-0.428,9.967
0.8098912,0.118,-0.428,9.967
