TIME,X,Y,Z
0.0,0.999,-2.382,9.584
0.015854135,1.037,-2.458,9.775
0.0317086,1.037,-2.42,9.737
0.047562532,1.037,-2.42,9.737
0.06341823,1.037,-2.42,9.737
0.079272784,1.037,-2.42,9.737
0.09512755,1.037,-2.42,9.699
0.11098317,1.037,-2.42,9.737
0.12683886,1.037,-2.42,9.737
0.1426941,1.037,-2.42,9.737
0.15855049,1.037,-2.42,9.737
0.17440416,1.037,-2.42,9.737
0.19025923,1.037,-2.458,9.737
0.2061127,1.037,-2.458,9.737
0.22196625,1.037,-2.42,9.737
0.23782067,1.037,-2.42,9.737
0.25367668,1.037,-2.42,9.737
0.2695288,1.037,-2.42,9.699
0.28538358,1.037,-2.458,9.737
0.30123866,1.037,-2.42,9.737
0.3170917,1.037,-2.458,9.737
0.33294395,1.037,-2.42,9.737
0.34879622,1.037,-2.458,9.737
0.3646483,1.037,-2.42,9.775
0.38049892,1.037,-2.42,9.737
0.39635026,1.037,-2.42,9.699
0.41220242,1.037,-2.42,9.775
0.42805603,1.037,-2.458,9.66
0.44391075,1.037,-2.42,9.775
0.4597649,1.037,-2.42,9.775
0.47561637,1.037,-2.458,9.699
0.49146745,1.037,-2.458,9.775
0.50731814,0.999,-2.42,9.775
0.52316874,0.999,-2.42,9.699
0.539021,0.999,-2.42,9.852
0.55487657,0.999,-2.42,9.699
0.57072955,1.037,-2.42,9.775
0.58658284,0.999,-2.458,9.814
0.60243505,0.999,-2.458,9.622
0.61828893,0.999,-2.42,9.737
0.63414365,1.037,-2.458,9.737
0.6499968,0.999,-2.42,9.699
0.66584903,1.037,-2.458,9.737
0.68170196,1.037,-2.458,9.737
0.69755405,0.999,-2.42,9.699
0.71340567,1.037,-2.458,9.737
0.72925615,1.037,-2.42,9.737
0.74510753,1.037,-2.458,9.737
0.7609596,1.037,-2.42,9.775
0.77681196,0.999,-2.42,9.737
0.7926626,1.037,-2.42,9.737
0.808515,1.037,-2.458,9.737
0.824367,1.037,-2.42,9.737
0.84022045,1.037,-2.42,9.737
0.8560715,1.037,-2.42,9.737
0.8719237,1.037,-2.458,9.737
0.88777643,1.037,-2.458,9.737
0.90363085,1.037,-2.42,9.737
0.91948485,1.037,-2.458,9.737
0.9353389,0.999,-2.458,9.622
0.9511905,0.999,-2.458,9.852
0.9670415,1.037,-2.458,9.814
0.9828933,1.037,-2.42,9.699
