TIME,X,Y,Z
0.0,0.386,-0.045,9.928
0.015783232,0.386,-0.045,9.89
0.031565834,0.386,-0.084,9.928
0.047347244,0.386,-0.084,9.89
0.063128255,0.386,-0.045,9.928
0.07891194,0.386,-0.045,9.89
0.09469602,0.386,-0.045,9.89
0.11047925,0.386,-0.045,9.928
0.126262,0.386,-0.084,9.89
0.1420429,0.386,-0.045,9.89
0.15782776,0.386,-0.045,9.89
0.17361227,0.386,-0.045,9.89
0.18939571,0.386,-0.045,9.928
0.20517924,0.386,-0.045,9.89
0.22096384,0.386,-0.045,9.928
0.23674963,0.425,-0.045,9.89
0.25253525,0.386,-0.045,9.928
0.26831982,0.386,-0.045,9.928
0.28410482,0.386,-0.045,9.928
0.2998895,0.386,-0.045,9.89
0.31567466,0.386,-0.045,9.89
0.33145925,0.386,-0.045,9.928
0.34724373,0.386,-0.045,9.89
0.36302933,0.386,-0.084,9.89
0.37881735,0.425,-0.045,9.928
0.39460242,0.386,-0.045,9.928
0.41038904,0.386,-0.084,9.89
0.42617467,0.386,-0.045,9.928
0.44195995,0.386,-0.045,9.89
0.4577456,0.386,-0.045,9.89
0.47352993,0.386,-0.045,9.89
0.48931447,0.386,-0.045,9.89
0.5050996,0.425,-0.045,9.967
0.520883,0.386,-0.045,9.852
0.53666997,0.386,-0.045,9.928
0.5524557,0.386,-0.045,9.928
0.56824094,0.386,-0.045,9.928
0.5840283,0.386,-0.045,9.89
0.59981555,0.425,-0.045,9.928
0.6155992,0.386,-0.045,9.852
0.63138187,0.386,-0.045,9.967
0.6471661,0.386,-0.045,9.928
0.66295034,0.386,-0.045,9.89
0.6787353,0.386,-0.045,9.89
0.6945206,0.386,-0.045,9.89
0.71030426,0.386,-0.045,9.89
0.72608787,0.386,-0.045,9.89
0.74187267,0.425,-0.045,9.89
0.7576593,0.386,-0.045,9.89
0.77344626,0.386,-0.045,9.89
0.7892321,0.386,-0.045,9.89
0.80501795,0.386,-0.045,9.89
0.82080406,0.386,-0.045,9.89
0.8365899,0.386,-0.084,9.89
0.8523744,0.386,-0.045,9.928
0.86815757,0.425,-0.045,9.928
0.8839413,0.386,-0.045,9.89
0.8997255,0.386,-0.084,9.89
0.91551036,0.386,-0.084,9.89
0.93129575,0.386,-0.045,9.89
0.94708264,0.386,-0.045,9.89
0.96286905,0.386,-0.045,9.89
0.97865534,0.386,-0.045,9.814
