TIME,X,Y,Z
0.0,1.076,-2.497,9.967
0.015853837,1.037,-2.458,9.699
0.031706985,1.037,-2.42,9.737
0.047559354,1.037,-2.42,9.737
0.0634118,1.037,-2.42,9.737
0.07926427,1.037,-2.42,9.737
0.09511682,1.037,-2.42,9.737
0.11097028,1.037,-2.42,9.737
0.12682381,1.037,-2.458,9.737
0.14267695,1.037,-2.42,9.737
0.15852979,1.037,-2.458,9.737
0.17438269,1.037,-2.42,9.775
0.19023508,1.037,-2.458,9.737
0.20608701,1.037,-2.42,9.737
0.22194116,1.037,-2.42,9.699
0.23779508,1.037,-2.458,9.737
0.2536495,1.037,-2.42,9.737
0.26950172,1.037,-2.458,9.737
0.2853574,1.037,-2.42,9.775
0.30120978,0.999,-2.42,9.737
0.31706256,1.037,-2.42,9.737
0.33291477,1.037,-2.458,9.737
0.34876794,1.037,-2.42,9.737
0.36462164,1.037,-2.42,9.737
0.38047466,1.037,-2.458,9.737
0.3963262,1.037,-2.458,9.699
0.41217706,1.037,-2.42,9.814
0.4280278,1.037,-2.42,9.737
0.4438795,1.037,-2.458,9.66
0.45973265,1.037,-2.42,9.775
0.4755825,1.037,-2.42,9.66
0.4914321,1.037,-2.458,9.699
0.5072829,1.037,-2.42,9.699
0.52313477,0.999,-2.458,9.737
0.5389885,0.999,-2.458,9.66
0.5548393,0.999,-2.42,9.814
0.57069063,0.999,-2.42,9.775
0.586541,1.037,-2.42,9.66
0.6023917,1.037,-2.42,9.814
0.61824405,0.999,-2.42,9.737
0.6340938,1.037,-2.42,9.775
0.64994395,0.999,-2.42,9.775
0.66579473,1.037,-2.458,9.699
0.6816481,0.999,-2.458,9.699
0.697501,1.037,-2.458,9.775
0.7133515,1.037,-2.458,9.775
0.72920114,1.037,-2.42,9.737
0.74505216,1.037,-2.42,9.737
0.7609043,1.037,-2.458,9.699
0.7767579,1.037,-2.42,9.737
0.7926108,1.037,-2.42,9.737
0.808462,1.037,-2.42,9.775
0.8243131,1.037,-2.42,9.737
0.84016466,1.037,-2.458,9.737
0.8560164,1.037,-2.42,9.737
0.8718689,1.037,-2.42,9.737
0.88772166,1.037,-2.42,9.737
0.90357447,1.037,-2.458,9.737
0.91942716,1.037,-2.42,9.737
0.93527985,1.037,-2.42,9.737
0.9511318,1.037,-2.458,9.699
0.96698195,1.037,-2.42,9.737
