TIME,X,Y,Z
0.0,0.348,-0.122,9.967
0.015816448,0.348,-0.122,9.928
0.03163151,0.348,-0.122,9.928
0.047447436,0.348,-0.122,9.928
0.06326491,0.348,-0.122,9.928
0.079080544,0.348,-0.122,9.928
0.094896786,0.31,-0.122,9.928
0.11071373,0.348,-0.122,9.928
0.12653011,0.348,-0.122,9.928
0.14234826,0.348,-0.122,9.928
0.15816441,0.348,-0.122,9.928
0.17397955,0.348,-0.122,9.928
0.18979469,0.31,-0.122,9.928
0.20561199,0.348,-0.122,9.928
0.22142874,0.348,-0.122,9.928
0.2372445,0.348,-0.122,9.928
0.2530616,0.348,-0.122,9.928
0.26887807,0.348,-0.122,9.928
0.28469458,0.348,-0.122,9.89
0.30051014,0.348,-0.122,9.928
0.3163253,0.31,-0.122,9.89
0.33213994,0.31,-0.122,9.928
0.3479564,0.348,-0.16,9.89
0.3637721,0.348,-0.122,9.928
0.3795871,0.348,-0.122,9.928
0.3954025,0.31,-0.122,9.928
0.411218,0.31,-0.16,9.89
0.42703316,0.31,-0.122,9.928
0.4428488,0.348,-0.122,9.967
0.45866373,0.348,-0.122,9.967
0.4744803,0.348,-0.122,9.928
0.49029595,0.348,-0.122,9.89
0.5061128,0.31,-0.122,9.852
0.5219322,0.348,-0.122,10.005
0.5377501,0.348,-0.122,9.89
0.55356544,0.31,-0.122,9.89
0.5693814,0.31,-0.122,9.852
0.5851982,0.386,-0.122,10.005
0.60101473,0.31,-0.122,9.852
0.6168303,0.348,-0.122,9.928
0.63264954,0.348,-0.122,9.967
0.6484657,0.348,-0.122,9.89
0.6642816,0.348,-0.122,9.928
0.68010026,0.348,-0.122,9.928
0.6959172,0.348,-0.122,9.967
0.7117343,0.348,-0.122,9.928
0.7275504,0.348,-0.122,9.928
0.74336517,0.348,-0.122,9.89
0.75918055,0.348,-0.122,9.928
0.774997,0.31,-0.122,9.89
0.79081416,0.348,-0.122,9.928
0.80662847,0.348,-0.122,9.928
0.82244486,0.31,-0.16,9.852
0.8382601,0.348,-0.122,10.043
0.8540759,0.31,-0.122,9.967
0.8698923,0.348,-0.122,9.89
0.88570786,0.348,-0.122,9.89
0.9015232,0.31,-0.122,9.928
