TIME,X,Y,Z
0.0,1.037,-2.42,9.545
0.015845155,1.037,-2.42,9.775
0.031691767,1.037,-2.42,9.699
0.047538,1.037,-2.42,9.699
0.063386306,1.037,-2.42,9.737
0.07923277,1.037,-2.42,9.737
0.09507769,1.037,-2.42,9.737
0.11092285,1.037,-2.42,9.737
0.1267674,1.037,-2.382,9.737
0.14261279,1.037,-2.42,9.737
0.15845793,1.037,-2.42,9.737
0.17430207,1.037,-2.42,9.737
0.19014798,1.037,-2.42,9.699
0.20599405,1.037,-2.42,9.737
0.22183956,1.037,-2.42,9.737
0.23768556,1.037,-2.42,9.737
0.2535309,1.037,-2.42,9.737
0.26937675,1.037,-2.42,9.737
0.2852213,1.037,-2.42,9.737
0.30106756,1.037,-2.42,9.737
0.31691223,1.037,-2.42,9.699
0.33275628,1.037,-2.42,9.737
0.34860155,1.037,-2.42,9.775
0.36444715,1.037,-2.42,9.775
0.38029212,1.037,-2.42,9.699
0.39613983,1.037,-2.42,9.737
0.41198528,1.037,-2.42,9.737
0.4278313,1.037,-2.42,9.737
0.4436775,1.037,-2.42,9.737
0.45952243,1.037,-2.42,9.737
0.4753691,1.037,-2.42,9.737
0.491216,0.999,-2.382,9.852
0.50706285,1.037,-2.458,9.584
0.52291065,1.037,-2.42,9.737
0.5387572,1.037,-2.42,9.814
0.5546038,1.037,-2.42,9.66
0.57044977,0.999,-2.42,9.814
0.58629656,1.037,-2.42,9.737
0.6021419,1.037,-2.42,9.699
0.6179888,1.037,-2.42,9.737
0.63383615,1.037,-2.42,9.737
0.64968497,1.037,-2.42,9.66
0.665534,1.037,-2.382,9.814
0.6813834,1.037,-2.42,9.737
0.6972336,1.037,-2.42,9.66
0.7130809,1.037,-2.42,9.775
0.7289292,1.037,-2.42,9.737
0.74477607,1.037,-2.42,9.737
0.76062375,1.037,-2.42,9.737
0.77647096,1.037,-2.42,9.699
0.7923217,1.037,-2.42,9.699
0.8081697,0.999,-2.382,9.431
0.8240184,1.076,-2.42,10.043
