TIME,X,Y,Z
0.0,0.348,-0.122,9.89
0.01581669,0.31,-0.122,9.928
0.031634368,0.31,-0.122,9.928
0.04745131,0.31,-0.122,9.928
0.06326876,0.348,-0.122,9.928
0.07908484,0.348,-0.122,9.928
0.09490114,0.31,-0.122,9.928
0.11071814,0.348,-0.122,9.928
0.12653558,0.348,-0.122,9.928
0.14235263,0.348,-0.122,9.928
0.1581677,0.348,-0.122,9.89
0.17398609,0.348,-0.122,9.928
0.18980509,0.31,-0.122,9.928
0.20562309,0.348,-0.122,9.928
0.22144139,0.348,-0.16,9.928
0.23726046,0.348,-0.122,9.928
0.2530805,0.348,-0.122,9.928
0.26890025,0.348,-0.122,9.928
0.28471765,0.348,-0.122,9.928
0.3005353,0.348,-0.122,9.928
0.31635246,0.31,-0.122,9.928
0.3321696,0.31,-0.122,9.928
0.34798723,0.348,-0.122,9.928
0.36380368,0.348,-0.122,9.928
0.3796206,0.348,-0.122,9.928
0.3954373,0.348,-0.122,9.928
0.41125348,0.348,-0.122,9.928
0.42707017,0.348,-0.122,9.967
0.44288623,0.348,-0.16,9.89
0.4587018,0.348,-0.122,9.928
0.47451654,0.348,-0.122,9.928
0.49033034,0.348,-0.122,9.928
0.5061444,0.348,-0.122,9.89
0.52196026,0.348,-0.122,9.967
0.5377744,0.348,-0.122,9.852
0.5535903,0.348,-0.122,9.928
0.56940645,0.348,-0.122,9.928
0.58522457,0.348,-0.122,9.89
0.6010413,0.348,-0.16,9.928
0.6168577,0.348,-0.122,9.928
0.6326743,0.348,-0.16,9.928
0.64849186,0.348,-0.122,9.928
0.66430944,0.348,-0.122,9.89
0.6801258,0.348,-0.122,9.89
0.6959431,0.348,-0.122,9.967
0.71176183,0.348,-0.122,9.928
0.7275806,0.348,-0.122,9.967
0.743399,0.348,-0.122,9.967
0.75921756,0.348,-0.122,9.89
0.7750362,0.348,-0.122,9.928
0.7908549,0.348,-0.122,9.928
0.8066735,0.31,-0.16,9.928
0.8224914,0.348,-0.122,9.928
0.8383089,0.348,-0.122,9.928
0.85412765,0.348,-0.122,9.928
0.869944,0.348,-0.122,9.928
0.8857601,0.348,-0.122,9.737
0.9015764,0.348,-0.122,10.082
