TIME,X,Y,Z
0.0,0.348,-0.122,9.928
0.015817303,0.31,-0.122,9.928
0.03163583,0.31,-0.122,9.928
0.04745444,0.348,-0.122,9.928
0.06327068,0.348,-0.16,9.928
0.07908785,0.348,-0.122,9.928
0.09490394,0.348,-0.122,9.928
0.11072124,0.348,-0.122,9.928
0.12653925,0.348,-0.122,9.928
0.14235769,0.348,-0.122,9.928
0.158174,0.348,-0.122,9.928
0.1739907,0.348,-0.122,9.928
0.18980862,0.348,-0.122,9.928
0.20562635,0.348,-0.122,9.928
0.2214452,0.348,-0.122,9.89
0.23726338,0.348,-0.122,9.928
0.25308025,0.348,-0.122,9.928
0.26889825,0.348,-0.122,9.928
0.2847169,0.348,-0.122,9.928
0.30053636,0.348,-0.122,9.928
0.3163585,0.348,-0.16,9.928
0.33217922,0.348,-0.122,9.928
0.34799805,0.348,-0.122,9.967
0.36381498,0.348,-0.122,9.89
0.3796345,0.348,-0.122,9.928
0.39545453,0.348,-0.122,9.928
0.4112729,0.348,-0.122,9.928
0.4270917,0.348,-0.122,9.928
0.44290853,0.348,-0.122,9.928
0.45872614,0.348,-0.122,9.89
0.47454253,0.348,-0.122,9.89
0.4903597,0.348,-0.122,9.967
0.5061771,0.348,-0.122,9.967
0.52199376,0.31,-0.122,9.89
0.53780925,0.348,-0.122,9.928
0.5536285,0.348,-0.122,9.928
0.5694462,0.348,-0.122,10.005
0.58526576,0.31,-0.122,9.852
0.60108614,0.348,-0.122,9.967
0.61690444,0.348,-0.122,9.928
0.63272285,0.348,-0.122,9.852
0.6485406,0.348,-0.122,9.928
0.6643569,0.348,-0.122,9.967
0.6801734,0.31,-0.122,9.89
0.69598955,0.348,-0.122,9.928
0.7118079,0.348,-0.122,9.928
0.72762626,0.31,-0.122,9.928
0.74344283,0.348,-0.122,9.967
0.75926036,0.31,-0.122,9.89
0.77507603,0.348,-0.122,9.928
0.79089326,0.348,-0.122,9.928
0.80671144,0.348,-0.122,9.775
0.8225296,0.348,-0.122,10.005
0.83834547,0.348,-0.122,9.967
0.8541634,0.348,-0.122,9.928
0.86998016,0.348,-0.16,9.928
0.8857994,0.348,-0.122,9.967
0.90161675,0.348,-0.122,9.89
