TIME,X,Y,Z
0.0,0.118,-0.467,9.967
0.015867054,0.118,-0.467,9.967
0.03173242,0.118,-0.467,9.967
0.047598954,0.118,-0.467,9.967
0.06346512,0.118,-0.467,9.967
0.07933296,0.08,-0.467,9.967
0.09519912,0.118,-0.467,9.967
0.111065745,0.118,-0.467,9.928
0.12693328,0.118,-0.467,9.967
0.1427999,0.118,-0.467,9.967
0.15866786,0.118,-0.467,9.967
0.17453668,0.118,-0.467,9.967
0.19040598,0.118,-0.467,9.967
0.20627321,0.118,-0.467,9.967
0.2221413,0.118,-0.467,9.967
0.23800991,0.08,-0.467,9.967
0.253878,0.118,-0.467,9.967
0.26974517,0.118,-0.467,9.967
0.2856148,0.118,-0.467,9.967
0.30148327,0.118,-0.467,9.967
0.31735194,0.118,-0.467,9.967
0.33322015,0.08,-0.467,9.967
0.34909064,0.118,-0.467,9.967
0.3649586,0.118,-0.467,9.967
0.3808267,0.118,-0.428,9.967
0.39669728,0.118,-0.467,9.967
0.4125671,0.118,-0.467,9.967
0.42843434,0.118,-0.467,9.928
0.4443025,0.118,-0.467,9.967
0.4601708,0.118,-0.467,9.928
0.4760395,0.118,-0.467,10.005
0.49190786,0.118,-0.467,9.967
0.5077767,0.118,-0.467,9.928
0.5236447,0.118,-0.467,9.967
0.5395117,0.118,-0.467,9.967
0.5553811,0.118,-0.428,10.043
0.5712486,0.118,-0.467,9.928
0.5871159,0.118,-0.467,9.928
0.6029816,0.118,-0.467,9.967
0.61884725,0.118,-0.467,9.967
0.63471395,0.118,-0.467,9.928
0.65058184,0.118,-0.467,10.005
0.6664488,0.118,-0.467,9.928
0.6823158,0.118,-0.467,9.967
0.6981836,0.118,-0.467,9.967
0.71405196,0.118,-0.467,9.967
0.7299197,0.08,-0.467,10.005
0.7457884,0.118,-0.467,9.967
0.76165926,0.118,-0.467,9.967
0.77752787,0.118,-0.428,10.005
0.79339886,0.118,-0.467,10.005
0.80926687,0.118,-0.467,9.967
0.8251337,0.118,-0.467,9.967
0.84100264,0.118,-0.467,9.967
0.856873,0.118,-0.467,9.967
0.8727404,0.08,-0.505,9.967
0.88860744,0.118,-0.467,9.967
