TIME,X,Y,Z
0.0,0.118,-0.467,9.928
0.015867366,0.08,-0.467,10.005
0.031736057,0.118,-0.467,9.967
0.047601584,0.118,-0.467,9.967
0.063467436,0.118,-0.428,9.967
0.0793342,0.118,-0.467,9.967
0.095200814,0.118,-0.467,9.967
0.11106604,0.118,-0.467,9.967
0.12693119,0.118,-0.467,9.967
0.14279462,0.118,-0.428,9.967
0.15865839,0.118,-0.467,9.967
0.17452362,0.118,-0.467,9.967
0.19038947,0.118,-0.467,9.928
0.2062553,0.118,-0.467,9.967
0.22212121,0.118,-0.467,9.967
0.23798592,0.118,-0.467,9.967
0.25385028,0.118,-0.467,9.967
0.26971623,0.118,-0.467,9.967
0.28558186,0.118,-0.428,9.967
0.30144656,0.118,-0.467,9.967
0.31731418,0.118,-0.467,9.967
0.33318317,0.118,-0.467,9.967
0.34905183,0.118,-0.467,9.967
0.36491907,0.118,-0.467,9.967
0.3807874,0.08,-0.467,9.928
0.39665624,0.118,-0.467,9.967
0.41252467,0.118,-0.467,10.005
0.42839345,0.118,-0.467,9.928
0.44426146,0.118,-0.467,9.89
0.46013033,0.118,-0.467,10.12
0.47599736,0.118,-0.467,9.89
0.49186376,0.118,-0.467,9.967
0.50772893,0.118,-0.467,10.005
0.5235958,0.118,-0.467,9.814
0.5394631,0.118,-0.467,10.043
0.5553317,0.118,-0.428,9.928
0.5712004,0.118,-0.467,10.005
0.58706725,0.118,-0.467,10.005
0.60293365,0.118,-0.467,9.967
0.61880165,0.118,-0.467,9.928
0.6346706,0.118,-0.467,9.928
0.65053976,0.118,-0.467,10.005
0.66640854,0.118,-0.467,9.967
0.6822769,0.118,-0.467,9.928
0.6981459,0.118,-0.467,10.005
0.714014,0.08,-0.467,9.967
0.72988325,0.118,-0.467,9.967
0.7457542,0.118,-0.467,9.967
0.76162463,0.118,-0.467,9.967
0.7774928,0.08,-0.467,9.967
0.79336137,0.118,-0.467,9.967
0.80922985,0.118,-0.467,9.967
0.825098,0.118,-0.467,9.967
0.8409653,0.118,-0.428,9.967
0.85683316,0.118,-0.467,9.967
0.8727013,0.118,-0.467,9.967
0.8885688,0.08,-0.467,9.928
0.9044381,0.08,-0.467,10.043
