TIME,X,Y,Z
0.0,0.463,-0.352,10.043
0.015808923,0.463,-0.314,9.89
0.031618524,0.463,-0.314,9.928
0.047427773,0.463,-0.314,9.928
0.06323591,0.463,-0.314,9.928
0.07904436,0.463,-0.314,9.928
0.09485588,0.463,-0.314,9.928
0.11066365,0.501,-0.314,9.928
0.12647212,0.463,-0.314,9.928
0.14228056,0.463,-0.314,9.928
0.15809041,0.501,-0.314,9.928
0.17389919,0.463,-0.314,9.928
0.18970819,0.463,-0.314,9.928
0.20551763,0.463,-0.314,9.928
0.22132626,0.463,-0.314,9.928
0.23713204,0.463,-0.314,9.967
0.2529382,0.501,-0.314,9.928
0.26874536,0.463,-0.275,9.928
0.28455308,0.463,-0.314,9.928
0.300363,0.463,-0.314,9.928
0.31617218,0.463,-0.314,9.89
0.3319795,0.463,-0.314,9.852
0.34778765,0.54,-0.314,10.235
0.36359444,0.54,-0.275,9.967
0.37940127,0.501,-0.314,9.737
0.39520946,0.463,-0.314,9.967
0.4110181,0.463,-0.275,9.928
0.42682827,0.501,-0.275,9.89
0.44263795,0.463,-0.314,9.967
0.4584451,0.463,-0.314,9.89
0.47425324,0.463,-0.314,9.852
0.49006233,0.463,-0.314,9.89
0.50587076,0.501,-0.314,9.967
0.5216805,0.463,-0.314,9.852
0.5374895,0.463,-0.314,9.928
0.55329937,0.463,-0.314,9.928
0.5691103,0.463,-0.314,9.928
0.5849198,0.463,-0.314,9.89
0.600732,0.501,-0.314,9.928
0.6165427,0.463,-0.314,9.967
0.63235104,0.501,-0.314,9.928
0.6481584,0.463,-0.314,9.928
0.66396743,0.463,-0.314,9.928
0.67977595,0.463,-0.314,9.928
0.6955838,0.501,-0.314,9.928
0.7113921,0.501,-0.314,9.89
0.72720075,0.463,-0.314,9.928
0.7430093,0.463,-0.314,9.967
0.7588198,0.501,-0.314,9.928
0.77463144,0.463,-0.314,9.928
0.7904414,0.463,-0.314,9.928
0.8062512,0.54,-0.314,9.928
0.82206106,0.463,-0.275,9.928
