TIME,X,Y,Z
0.0,1.037,-2.42,9.622
0.015851544,1.076,-2.458,9.775
0.031704467,1.037,-2.42,9.737
0.047557745,1.037,-2.42,9.737
0.06341218,1.037,-2.42,9.737
0.079265386,1.037,-2.42,9.737
0.09511776,1.037,-2.42,9.737
0.11097077,1.037,-2.42,9.737
0.12682301,1.037,-2.42,9.737
0.14267564,1.037,-2.42,9.737
0.15852809,1.037,-2.458,9.737
0.1743827,1.037,-2.42,9.737
0.19023687,1.037,-2.42,9.737
0.20608816,1.037,-2.42,9.737
0.22193953,1.037,-2.42,9.737
0.23778895,1.037,-2.42,9.737
0.2536386,1.037,-2.42,9.737
0.2694908,1.037,-2.42,9.737
0.2853442,1.037,-2.42,9.737
0.3011977,1.037,-2.42,9.699
0.31704816,1.037,-2.42,9.737
0.33289927,1.037,-2.42,9.737
0.34875032,1.037,-2.42,9.737
0.36459905,1.037,-2.42,9.737
0.38044778,1.037,-2.42,9.737
0.39629737,1.037,-2.42,9.775
0.4121456,1.037,-2.458,9.737
0.42799672,1.037,-2.42,9.737
0.44384876,1.037,-2.458,9.66
0.4596989,0.999,-2.42,9.737
0.47554865,1.037,-2.42,9.66
0.49139988,0.999,-2.42,9.775
0.5072511,0.999,-2.42,9.737
0.5231025,1.037,-2.42,9.622
0.5389546,1.037,-2.42,9.737
0.5548052,1.037,-2.42,9.737
0.570655,1.037,-2.42,9.737
0.5865064,1.037,-2.42,9.699
0.60235775,1.037,-2.42,9.775
0.6182104,1.037,-2.42,9.737
0.6340629,1.037,-2.42,9.737
0.6499156,1.037,-2.42,9.737
0.6657672,1.037,-2.42,9.699
0.6816176,1.037,-2.42,9.775
0.6974682,1.037,-2.42,9.737
0.7133185,1.037,-2.42,9.737
0.72916853,1.037,-2.42,9.737
0.74501806,1.037,-2.42,9.737
0.7608681,1.037,-2.42,9.699
0.77671796,1.037,-2.42,9.737
0.7925685,1.037,-2.42,9.737
0.8084203,0.999,-2.42,9.737
