TIME,X,Y,Z
0.0,0.425,-0.314,10.043
0.015811674,0.425,-0.314,9.89
0.0316223,0.425,-0.314,9.928
0.047433536,0.425,-0.314,9.89
0.063244075,0.425,-0.314,9.967
0.07905517,0.425,-0.314,9.928
0.094865896,0.425,-0.314,9.89
0.11067751,0.425,-0.314,9.928
0.12648843,0.425,-0.314,9.928
0.14229888,0.425,-0.314,9.928
0.15810774,0.425,-0.314,9.928
0.17391604,0.425,-0.314,9.928
0.18972449,0.425,-0.314,9.967
0.20553342,0.425,-0.314,9.928
0.22134317,0.386,-0.352,9.928
0.23715273,0.425,-0.314,9.928
0.25296202,0.425,-0.314,9.89
0.2687751,0.425,-0.314,9.928
0.28458673,0.425,-0.314,9.928
0.30039695,0.425,-0.314,9.928
0.31620908,0.425,-0.314,9.928
0.33202037,0.425,-0.314,9.928
0.3478323,0.425,-0.314,9.928
0.3636427,0.425,-0.314,9.928
0.37945354,0.425,-0.314,9.928
0.3952646,0.425,-0.352,9.928
0.411074,0.425,-0.314,9.928
0.4268837,0.425,-0.314,9.89
0.44269466,0.425,-0.314,9.967
0.45850396,0.425,-0.314,9.967
0.47431463,0.425,-0.314,9.967
0.49012724,0.386,-0.314,9.89
0.5059408,0.425,-0.314,10.005
0.5217531,0.425,-0.314,9.928
0.53756315,0.425,-0.314,9.928
0.55337435,0.425,-0.314,9.89
0.56918705,0.425,-0.314,9.928
0.5849988,0.425,-0.314,9.89
0.60081166,0.425,-0.314,9.89
0.61662465,0.425,-0.314,9.967
0.6324356,0.425,-0.314,9.89
0.6482462,0.425,-0.314,9.967
0.66405666,0.425,-0.314,9.928
0.679868,0.425,-0.314,9.928
0.6956779,0.425,-0.314,9.928
0.7114908,0.425,-0.314,9.928
0.7273042,0.425,-0.314,9.928
0.74311477,0.425,-0.314,9.928
0.7589247,0.425,-0.314,9.928
0.7747347,0.425,-0.314,9.89
0.7905451,0.425,-0.314,9.967
