TIME,X,Y,Z
0.0,0.463,-0.314,10.043
0.01580576,0.425,-0.314,9.928
0.031611055,0.463,-0.275,9.89
0.04741613,0.463,-0.314,9.928
0.0632206,0.425,-0.275,9.928
0.07902707,0.463,-0.314,9.928
0.09483354,0.463,-0.314,9.928
0.110638,0.463,-0.275,9.928
0.12644248,0.463,-0.314,9.928
0.1422494,0.463,-0.314,9.928
0.15805416,0.463,-0.314,9.928
0.17385931,0.425,-0.314,9.928
0.18966383,0.463,-0.275,9.928
0.20546843,0.463,-0.314,9.928
0.22127289,0.463,-0.314,9.928
0.23707765,0.463,-0.314,9.928
0.25288135,0.463,-0.314,9.928
0.26868626,0.463,-0.275,9.928
0.28448933,0.463,-0.275,9.928
0.30029336,0.425,-0.314,9.89
0.31609693,0.463,-0.314,9.928
0.33190054,0.463,-0.314,9.928
0.34770587,0.463,-0.314,9.928
0.36351025,0.463,-0.314,9.89
0.3793139,0.463,-0.314,9.928
0.39511722,0.463,-0.314,9.928
0.41092268,0.463,-0.275,9.967
0.42672613,0.463,-0.314,9.89
0.4425311,0.463,-0.314,9.89
0.45833477,0.425,-0.314,9.928
0.47414106,0.463,-0.314,9.967
0.4899466,0.463,-0.275,9.928
0.5057515,0.425,-0.314,9.89
0.5215577,0.463,-0.314,9.89
0.5373622,0.463,-0.314,9.928
0.55316687,0.463,-0.314,9.928
0.5689733,0.463,-0.314,9.928
0.5847798,0.463,-0.314,9.928
0.6005864,0.463,-0.314,9.928
0.6163941,0.463,-0.275,9.928
0.6321991,0.463,-0.275,9.928
0.6480057,0.463,-0.314,9.967
0.6638133,0.463,-0.275,9.928
0.6796181,0.463,-0.314,9.928
0.69542253,0.463,-0.314,9.89
0.7112288,0.463,-0.314,9.928
0.72703326,0.463,-0.314,9.928
0.7428394,0.463,-0.314,9.928
0.758645,0.463,-0.314,9.928
0.77445,0.463,-0.314,9.928
0.7902557,0.463,-0.314,9.584
