TIME,X,Y,Z
0.0,0.042,-0.582,9.967
0.015902083,0.042,-0.582,9.928
0.03180516,0.003,-0.582,9.967
0.04770916,0.003,-0.582,9.967
0.06361332,0.003,-0.582,9.967
0.07951479,0.003,-0.582,9.967
0.09541723,0.003,-0.582,9.967
0.111320935,0.042,-0.582,9.967
0.12722415,0.042,-0.582,9.967
0.14312683,0.042,-0.582,9.928
0.15903006,0.042,-0.582,9.967
0.17493416,0.042,-0.582,9.967
0.19083723,0.003,-0.582,9.967
0.20674004,0.003,-0.582,9.967
0.22264388,0.042,-0.582,9.967
0.23854558,0.003,-0.582,9.967
0.2544485,0.003,-0.582,9.967
0.27035367,0.003,-0.582,9.967
0.28625897,0.042,-0.582,9.967
0.302162,0.042,-0.582,9.967
0.31806803,0.003,-0.582,9.928
0.333975,0.003,-0.582,9.967
0.349882,0.042,-0.582,9.967
0.3657883,0.003,-0.582,9.967
0.3816962,0.003,-0.582,9.967
0.39760375,0.003,-0.582,9.967
0.4135086,0.042,-0.582,9.928
0.42941508,0.042,-0.582,9.928
0.44531995,0.042,-0.62,10.005
0.46122456,0.003,-0.543,10.043
0.47713134,0.042,-0.582,9.967
0.49303758,0.042,-0.582,9.967
0.5089421,0.042,-0.582,9.928
0.52484804,0.042,-0.582,9.967
0.5407531,0.042,-0.582,9.967
0.55665827,0.042,-0.582,9.967
0.57256645,0.042,-0.582,9.928
0.5884724,0.003,-0.582,9.967
0.6043786,0.003,-0.582,9.967
0.6202861,0.003,-0.582,9.967
0.63619196,0.003,-0.582,9.967
0.652096,0.042,-0.582,9.967
0.6680008,0.003,-0.582,9.967
0.6839048,0.042,-0.582,9.967
0.6998095,0.042,-0.582,9.967
0.7157148,0.003,-0.582,9.967
0.73161954,0.042,-0.582,9.928
0.7475221,0.042,-0.582,9.967
0.7634253,0.042,-0.582,9.967
0.77933025,0.042,-0.582,9.967
0.7952357,0.003,-0.582,10.005
0.81114084,0.003,-0.582,9.967
0.82704496,0.003,-0.582,9.967
0.8429492,0.042,-0.582,9.967
0.85885257,0.042,-0.582,9.967
0.874757,0.042,-0.582,9.967
0.89065987,0.003,-0.582,9.967
0.906563,0.003,-0.582,9.967
0.922468,0.042,-0.582,9.967
0.9383711,0.042,-0.582,9.967
0.95427734,0.042,-0.582,9.967
0.9701827,0.003,-0.582,9.967
0.98608935,0.003,-0.582,9.967
1.0019943,0.003,-0.582,9.967
1.0179001,0.003,-0.582,9.967
1.0338061,0.042,-0.582,9.928
1.0497117,0.003,-0.582,10.005
