TIME,X,Y,Z
0.0,0.08,-0.543,10.197
0.015886232,0.08,-0.543,9.967
0.03177161,0.08,-0.543,9.967
0.047657784,0.042,-0.505,9.967
0.06354332,0.042,-0.505,9.967
0.07942947,0.042,-0.505,10.005
0.095313855,0.08,-0.505,10.005
0.11119824,0.042,-0.543,9.967
0.12708455,0.042,-0.505,9.967
0.14296862,0.08,-0.505,9.967
0.15885308,0.042,-0.505,9.967
0.17473564,0.042,-0.505,9.967
0.19062024,0.08,-0.543,9.967
0.20650509,0.08,-0.505,9.967
0.22239055,0.08,-0.543,9.967
0.23827723,0.08,-0.543,9.967
0.254165,0.042,-0.505,9.967
0.27005103,0.042,-0.505,9.967
0.28593713,0.08,-0.543,9.967
0.3018237,0.08,-0.505,9.967
0.31771022,0.08,-0.505,9.967
0.33359718,0.042,-0.543,9.967
0.34948495,0.042,-0.543,9.967
0.36537275,0.042,-0.505,10.005
0.38125905,0.042,-0.505,9.967
0.39714453,0.042,-0.505,9.967
0.41303036,0.042,-0.505,9.967
0.4289143,0.08,-0.543,9.967
0.4447994,0.042,-0.543,10.005
0.46068668,0.08,-0.543,9.928
0.4765746,0.042,-0.543,10.005
0.49246216,0.08,-0.505,9.967
0.5083522,0.042,-0.505,9.967
0.52424085,0.08,-0.505,10.005
0.5401278,0.08,-0.543,9.967
0.5560146,0.08,-0.543,10.005
0.5719028,0.08,-0.505,9.967
0.58778787,0.042,-0.505,9.967
0.6036728,0.042,-0.543,9.928
0.6195588,0.042,-0.543,9.928
0.63544375,0.08,-0.543,9.967
0.65132904,0.042,-0.505,9.967
0.6672141,0.042,-0.505,9.967
0.6830986,0.08,-0.543,9.928
0.69898415,0.08,-0.505,10.005
0.7148701,0.08,-0.505,9.967
0.730755,0.042,-0.543,9.967
0.74664205,0.08,-0.505,10.005
0.762527,0.08,-0.543,9.967
0.7784111,0.08,-0.505,9.967
0.7942958,0.042,-0.505,9.967
0.81017977,0.042,-0.505,9.967
0.826067,0.042,-0.543,9.967
0.84195286,0.08,-0.505,10.005
0.8578389,0.042,-0.505,9.967
0.8737251,0.042,-0.505,9.967
0.8896127,0.042,-0.505,9.89
