TIME,X,Y,Z
0.0,0.08,-0.39,10.082
0.01583977,0.042,-0.39,9.928
0.031679742,0.042,-0.39,9.928
0.047518436,0.08,-0.39,9.928
0.0633576,0.042,-0.39,9.967
0.0791983,0.08,-0.39,9.928
0.09503592,0.042,-0.428,9.928
0.11087483,0.08,-0.428,9.928
0.12671396,0.042,-0.428,9.928
0.14255379,0.042,-0.428,9.928
0.15839192,0.042,-0.428,9.928
0.17423105,0.08,-0.428,9.967
0.19007072,0.042,-0.39,9.928
0.2059067,0.042,-0.428,9.928
0.22174323,0.042,-0.428,9.928
0.23757985,0.042,-0.39,9.928
0.25341862,0.042,-0.428,9.967
0.26925814,0.08,-0.39,9.928
0.28509456,0.042,-0.39,9.928
0.3009311,0.042,-0.428,9.967
0.31676608,0.042,-0.39,9.967
0.33260238,0.08,-0.428,9.928
0.34844023,0.08,-0.428,9.967
0.3642776,0.042,-0.39,9.967
0.38011336,0.042,-0.428,9.967
0.39595082,0.042,-0.39,9.967
0.41178763,0.08,-0.39,10.005
0.42762455,0.042,-0.428,9.89
0.44346216,0.042,-0.428,9.928
0.4593002,0.042,-0.39,9.967
0.47513974,0.042,-0.39,10.005
0.49097854,0.042,-0.428,9.852
0.5068194,0.08,-0.39,10.005
0.52265835,0.08,-0.39,9.967
0.5384973,0.08,-0.428,9.928
0.55433416,0.08,-0.39,9.928
0.57017106,0.042,-0.428,9.967
0.586009,0.08,-0.39,9.928
0.6018445,0.042,-0.428,9.928
0.6176821,0.042,-0.39,9.967
0.63351923,0.08,-0.428,9.928
0.6493557,0.042,-0.428,9.928
0.6651906,0.042,-0.428,9.967
0.681027,0.042,-0.428,9.967
0.6968641,0.042,-0.428,9.928
0.7127032,0.08,-0.428,9.967
0.7285407,0.042,-0.428,9.967
0.74437857,0.042,-0.39,9.928
0.7602149,0.042,-0.39,9.967
0.77605206,0.042,-0.428,9.928
0.7918905,0.08,-0.39,9.928
0.80772996,0.042,-0.39,9.928
0.8235697,0.042,-0.428,9.967
0.8394078,0.042,-0.428,9.928
0.8552462,0.042,-0.39,9.928
