TIME,X,Y,Z
0.0,0.042,-0.428,10.043
0.015841443,0.042,-0.39,9.967
0.031682137,0.042,-0.428,9.928
0.047523748,0.08,-0.428,9.967
0.06336667,0.042,-0.39,9.967
0.07920811,0.08,-0.39,9.928
0.09504879,0.08,-0.39,9.928
0.11089071,0.08,-0.428,9.928
0.12673287,0.08,-0.39,9.967
0.14257453,0.08,-0.428,9.928
0.15841676,0.042,-0.428,9.928
0.17426063,0.08,-0.39,9.928
0.19010384,0.08,-0.428,9.967
0.20594546,0.042,-0.428,9.967
0.22178797,0.042,-0.39,9.967
0.2376302,0.042,-0.39,9.928
0.2534726,0.08,-0.428,9.928
0.26931512,0.08,-0.39,9.928
0.28515592,0.08,-0.39,9.928
0.3009985,0.08,-0.428,9.928
0.31683812,0.042,-0.39,9.967
0.33268145,0.042,-0.39,9.967
0.34852466,0.042,-0.428,9.928
0.36436647,0.08,-0.39,10.005
0.38020754,0.08,-0.428,9.967
0.39605072,0.08,-0.428,9.967
0.41189265,0.042,-0.428,9.928
0.42773473,0.042,-0.428,9.928
0.443576,0.08,-0.39,9.967
0.45941594,0.042,-0.39,9.928
0.4752562,0.08,-0.428,9.967
0.49109614,0.042,-0.428,9.928
0.50693804,0.08,-0.428,9.928
0.52278185,0.08,-0.428,9.967
0.5386235,0.08,-0.39,9.928
0.55446523,0.08,-0.428,9.967
0.5703078,0.08,-0.428,9.928
0.58614945,0.08,-0.428,9.967
0.6019898,0.042,-0.428,9.967
0.61783016,0.08,-0.39,9.967
0.63367134,0.042,-0.428,9.928
0.64951277,0.08,-0.39,9.967
0.66535467,0.042,-0.39,9.967
0.68119466,0.042,-0.428,9.967
0.6970361,0.08,-0.39,9.928
0.71287847,0.08,-0.428,9.928
0.7287205,0.042,-0.428,9.967
0.7445643,0.042,-0.428,9.967
0.76040685,0.042,-0.428,9.928
0.7762488,0.042,-0.428,9.967
0.79209244,0.042,-0.428,9.967
0.8079379,0.042,-0.428,9.928
0.8237812,0.08,-0.39,9.928
0.8396239,0.042,-0.428,9.967
0.8554693,0.042,-0.39,9.928
0.87131184,0.08,-0.428,9.89
0.88715446,0.042,-0.39,10.005
0.9029964,0.042,-0.39,9.967
0.9188407,0.08,-0.39,9.928
