TIME,X,Y,Z
0.0,0.08,-0.428,10.158
0.015843367,0.08,-0.428,9.928
0.031686924,0.042,-0.428,9.928
0.04753138,0.042,-0.428,9.967
0.06337346,0.08,-0.39,9.967
0.07921694,0.042,-0.428,9.967
0.095059566,0.042,-0.428,9.928
0.11090451,0.08,-0.428,9.967
0.1267491,0.042,-0.428,9.928
0.14259149,0.042,-0.428,9.967
0.15843472,0.042,-0.428,9.928
0.17427868,0.042,-0.428,9.928
0.19012246,0.08,-0.428,9.967
0.205967,0.042,-0.428,9.928
0.22181188,0.08,-0.428,9.928
0.23765624,0.042,-0.428,9.928
0.253501,0.08,-0.428,9.928
0.26934612,0.08,-0.428,9.967
0.28518972,0.08,-0.428,9.928
0.30103335,0.08,-0.39,9.928
0.31687713,0.042,-0.428,9.928
0.3327205,0.042,-0.428,9.967
0.34856415,0.042,-0.428,10.005
0.36440855,0.042,-0.428,9.89
0.38025233,0.042,-0.428,9.967
0.39609733,0.042,-0.428,9.89
0.4119414,0.08,-0.428,9.967
0.42778534,0.08,-0.428,9.928
0.44362587,0.042,-0.428,9.928
0.4594683,0.042,-0.428,9.928
0.4753118,0.08,-0.428,9.967
0.49115583,0.042,-0.428,9.967
0.5070002,0.042,-0.428,9.967
0.52284324,0.042,-0.428,9.89
0.53868634,0.08,-0.428,9.928
0.5545298,0.08,-0.428,9.928
0.5703735,0.042,-0.428,9.967
0.58621645,0.08,-0.428,9.967
0.6020588,0.042,-0.428,9.928
0.6179005,0.08,-0.39,9.928
0.63374305,0.08,-0.428,9.967
0.649585,0.042,-0.428,9.928
0.6654268,0.042,-0.428,9.928
0.6812701,0.08,-0.428,9.967
0.6971142,0.08,-0.428,9.967
0.71295726,0.042,-0.39,9.967
0.72879994,0.042,-0.428,9.967
0.744643,0.042,-0.39,9.928
0.76048726,0.042,-0.428,9.967
0.77633107,0.042,-0.428,9.928
0.79217416,0.042,-0.428,9.967
0.80801713,0.042,-0.428,9.928
0.82385963,0.042,-0.428,9.967
0.83970195,0.042,-0.428,9.928
0.8555438,0.08,-0.428,9.928
0.87138534,0.042,-0.428,9.928
0.8872304,0.042,-0.39,9.967
0.90307355,0.08,-0.428,9.967
0.9189181,0.042,-0.428,9.928
