TIME,X,Y,Z
0.0,0.042,-0.428,9.775
0.003962838,0.042,-0.428,9.89
0.007925531,0.042,-0.39,9.967
0.0118883,0.003,-0.428,9.967
0.015851002,0.042,-0.428,9.928
0.019814389,0.042,-0.428,9.967
0.023777388,0.042,-0.428,9.928
0.027740393,0.042,-0.428,9.89
0.031704392,0.042,-0.39,9.967
0.035667542,0.042,-0.39,9.928
0.039630424,0.042,-0.428,9.89
0.043593887,0.042,-0.428,9.928
0.04755689,0.042,-0.428,10.005
0.05151973,0.042,-0.428,9.928
0.05548288,0.042,-0.39,9.928
0.059446577,0.042,-0.39,9.928
0.06341089,0.042,-0.467,9.967
0.06737482,0.08,-0.428,9.928
0.07133828,0.08,-0.428,9.967
0.075301684,0.042,-0.39,9.928
0.07926492,0.042,-0.428,9.967
0.083228,0.08,-0.428,9.967
0.08719099,0.08,-0.428,9.928
0.091153994,0.042,-0.428,9.928
0.09511784,0.042,-0.428,9.928
0.0990811,0.042,-0.39,9.967
0.10304494,0.042,-0.428,9.928
0.10700879,0.003,-0.428,9.928
0.11097179,0.042,-0.428,9.967
0.114934795,0.003,-0.39,9.928
0.11889748,0.042,-0.428,9.928
0.12286133,0.042,-0.428,9.928
0.12682533,0.042,-0.428,9.89
0.13078919,0.08,-0.428,9.967
0.13475226,0.08,-0.428,9.89
0.13871571,0.042,-0.39,9.928
0.14267911,0.042,-0.428,9.967
0.14664304,0.042,-0.428,9.967
0.15060635,0.042,-0.39,9.967
0.1545699,0.003,-0.428,9.967
0.15853377,0.042,-0.428,9.967
0.16249667,0.08,-0.428,9.928
0.16646014,0.042,-0.39,9.89
0.17042361,0.003,-0.352,9.928
0.17438723,0.042,-0.428,9.928
0.17835107,0.042,-0.39,9.928
0.18231495,0.042,-0.39,9.967
0.18627818,0.003,-0.428,9.967
0.19024149,0.08,-0.428,9.928
0.19420506,0.042,-0.428,9.928
0.1981682,0.042,-0.428,9.928
0.20213175,0.042,-0.428,9.89
0.20609544,0.042,-0.428,9.928
0.21005943,0.042,-0.467,9.928
0.21402252,0.042,-0.428,9.967
0.21798576,0.042,-0.467,10.005
0.2219493,0.08,-0.428,10.005
0.22591276,0.042,-0.428,9.928
0.2298763,0.08,-0.428,9.928
0.23383914,0.042,-0.428,9.928
0.23780243,0.042,-0.428,9.928
0.2417657,0.042,-0.428,9.967
0.24572876,0.042,-0.428,10.005
0.2496926,0.042,-0.428,10.005
0.25365648,0.003,-0.428,9.928
0.2576197,0.08,-0.428,9.967
0.26158372,0.042,-0.428,10.005
0.2655476,0.042,-0.428,9.967
0.26951078,0.042,-0.428,9.928
0.27347407,0.042,-0.428,9.967
0.27743787,0.08,-0.39,9.928
0.2814017,0.042,-0.428,9.928
0.28536546,0.08,-0.428,9.928
0.28932893,0.042,-0.39,9.967
0.29329237,0.042,-0.428,9.967
0.29725617,0.042,-0.428,9.928
0.30122033,0.042,-0.428,9.967
0.30518425,0.042,-0.428,9.967
0.30914778,0.042,-0.428,9.928
