TIME,X,Y,Z
0.0,0.042,-0.467,9.967
0.015876457,0.08,-0.467,9.967
0.03175022,0.08,-0.467,9.967
0.047624055,0.08,-0.467,9.967
0.06349925,0.042,-0.428,9.967
0.07937286,0.042,-0.428,9.967
0.09524848,0.08,-0.467,9.967
0.111122705,0.08,-0.467,9.967
0.12699696,0.08,-0.467,9.967
0.14287142,0.08,-0.467,9.967
0.15874712,0.08,-0.467,10.005
0.17462245,0.08,-0.428,9.967
0.19049644,0.08,-0.467,10.005
0.20637043,0.042,-0.428,9.967
0.22224452,0.042,-0.467,9.967
0.23811992,0.042,-0.467,9.967
0.25399247,0.08,-0.428,9.967
0.26986635,0.08,-0.428,9.967
0.28573993,0.08,-0.467,9.967
0.30161446,0.08,-0.467,9.967
0.3174886,0.08,-0.467,9.967
0.3333629,0.042,-0.428,9.967
0.34923828,0.042,-0.428,9.967
0.36511335,0.042,-0.467,10.005
0.38098687,0.08,-0.467,9.967
0.39685974,0.08,-0.428,10.005
0.41273373,0.08,-0.467,9.967
0.42860788,0.08,-0.467,9.967
0.4444825,0.08,-0.467,9.967
0.4603567,0.042,-0.467,9.967
0.47623163,0.08,-0.467,9.967
0.49210635,0.08,-0.467,9.967
0.50797963,0.08,-0.467,9.967
0.5238555,0.08,-0.467,9.967
0.53973174,0.08,-0.467,9.967
0.55560815,0.08,-0.467,9.967
0.571483,0.042,-0.467,9.967
0.58735675,0.042,-0.467,9.967
0.6032302,0.08,-0.467,9.967
0.61910534,0.118,-0.467,9.967
0.63498104,0.08,-0.467,9.967
0.6508583,0.08,-0.467,9.967
0.6667338,0.08,-0.467,9.967
0.68260753,0.042,-0.428,10.005
0.6984815,0.042,-0.467,9.967
0.7143574,0.08,-0.428,9.928
0.73023283,0.08,-0.467,10.005
0.7461061,0.042,-0.467,9.928
0.76197886,0.042,-0.467,10.005
0.77785003,0.08,-0.467,9.928
0.79372144,0.08,-0.428,10.005
0.8095924,0.08,-0.467,9.928
0.8254651,0.08,-0.428,9.967
0.8413361,0.042,-0.467,10.005
0.8572085,0.042,-0.467,9.967
0.8730808,0.042,-0.428,9.967
0.888953,0.08,-0.467,9.967
0.90482515,0.08,-0.467,9.967
0.9206957,0.042,-0.428,9.967
0.9365684,0.042,-0.467,9.967
0.95244217,0.08,-0.467,9.967
0.9683127,0.118,-0.467,9.967
0.9841833,0.08,-0.428,10.005
1.0000541,0.042,-0.428,9.967
1.015924,0.042,-0.467,9.967
1.0317975,0.08,-0.467,9.967
