TIME,X,Y,Z
0.0,0.08,-0.467,10.082
0.015890064,0.042,-0.505,9.967
0.03178282,0.042,-0.505,9.967
0.047674295,0.08,-0.467,9.967
0.063565224,0.08,-0.505,9.967
0.079454795,0.118,-0.505,9.967
0.09534571,0.042,-0.505,9.967
0.11123409,0.042,-0.467,9.928
0.12712353,0.042,-0.467,9.967
0.14301483,0.08,-0.505,9.967
0.15890314,0.08,-0.505,9.967
0.17479299,0.08,-0.505,9.967
0.19068384,0.042,-0.505,9.967
0.20657514,0.08,-0.505,9.967
0.22246476,0.042,-0.505,9.967
0.23835406,0.08,-0.467,9.967
0.2542437,0.08,-0.505,9.967
0.2701313,0.08,-0.505,9.967
0.28602156,0.042,-0.505,9.967
0.30191296,0.08,-0.505,9.967
0.31780428,0.08,-0.505,9.967
0.33369476,0.08,-0.467,9.967
0.3495873,0.042,-0.505,9.967
0.36547863,0.042,-0.505,9.928
0.3813681,0.08,-0.467,9.967
0.39725572,0.08,-0.467,9.928
0.41314602,0.08,-0.467,9.928
0.42903742,0.08,-0.505,9.967
0.44492847,0.042,-0.505,9.928
0.4608178,0.042,-0.505,9.928
0.47670594,0.042,-0.505,9.928
0.49259463,0.08,-0.467,9.967
0.50848544,0.08,-0.505,9.967
0.52437496,0.08,-0.505,9.928
0.54026556,0.08,-0.467,9.967
0.55615413,0.08,-0.505,9.967
0.57204324,0.08,-0.505,9.928
0.58793277,0.08,-0.505,9.967
0.6038248,0.08,-0.467,9.967
0.61971444,0.08,-0.467,9.967
0.63560456,0.08,-0.505,9.967
0.651494,0.08,-0.505,9.967
0.6673841,0.08,-0.467,9.967
0.68327266,0.08,-0.505,9.967
0.6991608,0.08,-0.505,9.967
0.71505004,0.042,-0.467,9.967
0.73093754,0.08,-0.467,9.928
0.74682605,0.08,-0.505,9.967
0.76271534,0.08,-0.505,9.967
0.7786044,0.08,-0.505,9.928
0.7944934,0.042,-0.467,9.967
0.8103813,0.042,-0.467,9.967
0.82626885,0.042,-0.505,9.967
0.8421583,0.08,-0.505,9.967
0.85804677,0.08,-0.505,9.967
0.87393457,0.08,-0.467,9.967
0.8898226,0.08,-0.505,9.967
0.9057102,0.08,-0.505,9.967
0.92159843,0.08,-0.467,9.928
0.93748796,0.08,-0.467,9.967
0.9533782,0.08,-0.505,9.928
0.969267,0.08,-0.505,9.967
0.98515654,0.08,-0.505,9.967
1.0010453,0.08,-0.467,9.967
1.0169333,0.08,-0.467,9.928
1.0328218,0.08,-0.505,9.967
1.0487111,0.08,-0.505,9.967
1.0645989,0.08,-0.467,9.967
1.0804867,0.08,-0.467,9.967
1.0963752,0.08,-0.505,9.967
1.112264,0.08,-0.505,9.967
1.128152,0.08,-0.467,9.967
1.1440412,0.042,-0.467,9.967
1.1599302,0.08,-0.505,9.967
1.1758194,0.08,-0.505,9.967
1.1917087,0.08,-0.505,9.928
