TIME,X,Y,Z
0.0,0.003,-0.543,9.775
0.015905982,0.003,-0.582,10.043
0.031813115,0.042,-0.543,9.928
0.047720496,0.042,-0.582,10.005
0.0636274,0.003,-0.582,9.967
0.07953423,0.003,-0.543,9.967
0.09544067,0.003,-0.543,9.967
0.11134646,0.042,-0.543,9.967
0.12725453,0.042,-0.582,9.967
0.1431623,0.003,-0.582,9.967
0.15907027,0.003,-0.543,9.967
0.17497727,0.003,-0.582,9.928
0.19088496,0.003,-0.582,9.928
0.20679182,0.042,-0.582,9.967
0.22269566,0.042,-0.582,10.005
0.23860161,0.003,-0.543,9.967
0.25450894,0.003,-0.582,9.967
0.2704162,0.003,-0.582,9.967
0.28632304,0.042,-0.582,9.967
0.30222896,0.003,-0.582,9.967
0.3181376,0.003,-0.582,9.967
0.3340452,0.042,-0.582,9.967
0.34995255,0.042,-0.582,9.967
0.36585972,0.042,-0.543,9.967
0.3817681,0.042,-0.582,9.967
0.39767542,0.042,-0.582,9.967
0.413582,0.003,-0.543,9.967
0.4294876,0.003,-0.582,9.89
0.44539273,0.042,-0.582,10.005
0.46129858,0.003,-0.543,10.005
0.4772045,0.003,-0.582,9.967
0.4931111,0.042,-0.582,9.928
0.5090171,0.003,-0.582,9.967
0.52492225,0.003,-0.582,9.967
0.54083014,0.042,-0.582,9.967
0.5567354,0.042,-0.582,9.967
0.57264125,0.003,-0.543,9.967
0.5885478,0.003,-0.582,9.967
0.6044534,0.003,-0.582,9.967
0.620361,0.003,-0.582,9.967
0.63626885,0.003,-0.582,9.967
0.6521747,0.042,-0.582,9.967
0.6680794,0.003,-0.582,9.967
0.68398565,0.042,-0.543,9.967
