TIME,X,Y,Z
0.0,0.042,-0.543,10.082
0.015898058,0.042,-0.505,9.967
0.031797297,0.08,-0.505,10.005
0.047694832,0.042,-0.505,9.967
0.06359229,0.042,-0.505,9.967
0.07949069,0.042,-0.505,9.967
0.09538877,0.042,-0.505,9.967
0.11128776,0.042,-0.505,9.967
0.12718509,0.042,-0.543,9.967
0.14308533,0.042,-0.505,9.967
0.15898216,0.042,-0.505,9.928
0.1748816,0.042,-0.505,9.967
0.19077928,0.042,-0.505,9.928
0.20667605,0.042,-0.505,9.967
0.22257327,0.042,-0.505,9.967
0.23846981,0.042,-0.543,9.967
0.25436905,0.042,-0.543,9.967
0.27026626,0.042,-0.505,9.967
0.28616384,0.042,-0.505,9.967
0.3020613,0.042,-0.505,9.928
0.31795818,0.042,-0.505,9.967
0.3338558,0.042,-0.505,9.967
0.34975395,0.08,-0.505,9.967
0.36565018,0.042,-0.505,9.967
0.38154584,0.042,-0.543,9.967
0.3974428,0.042,-0.505,9.967
0.41333917,0.042,-0.543,9.928
0.4292335,0.042,-0.505,9.967
0.4451289,0.042,-0.543,9.967
0.46102744,0.042,-0.505,9.967
0.4769245,0.042,-0.505,9.967
0.4928232,0.042,-0.505,9.967
0.5087224,0.042,-0.505,9.967
0.52461904,0.042,-0.505,9.928
0.54051775,0.042,-0.505,9.967
0.5564157,0.042,-0.505,9.967
0.5723133,0.042,-0.505,9.928
0.58821124,0.08,-0.505,9.967
0.6041101,0.042,-0.505,9.967
0.62000763,0.042,-0.543,9.967
0.63590366,0.042,-0.505,10.005
0.65179986,0.042,-0.505,9.967
0.66769785,0.042,-0.505,9.967
0.6835957,0.08,-0.505,9.967
0.6994938,0.042,-0.505,9.967
0.7153914,0.042,-0.505,9.967
0.7312888,0.042,-0.543,9.967
0.7471856,0.042,-0.505,9.967
0.76308244,0.042,-0.505,9.967
0.77898043,0.042,-0.505,9.967
0.79487705,0.042,-0.505,9.967
0.8107741,0.042,-0.543,9.967
0.8266721,0.042,-0.543,9.967
0.84257036,0.042,-0.505,9.928
0.8584672,0.042,-0.543,9.928
0.8743643,0.042,-0.505,9.928
0.8902629,0.042,-0.505,9.967
0.9061619,0.042,-0.505,9.967
0.9220596,0.042,-0.505,9.967
0.93795747,0.08,-0.505,9.967
0.9538551,0.042,-0.505,9.967
0.9697516,0.042,-0.543,9.967
0.98564935,0.042,-0.505,9.967
1.0015471,0.042,-0.543,9.967
1.0174452,0.042,-0.505,9.967
1.0333447,0.042,-0.505,9.967
1.0492432,0.042,-0.505,9.967
1.0651422,0.042,-0.505,10.005
1.0810417,0.042,-0.505,9.928
1.096939,0.042,-0.505,9.967
1.1128355,0.042,-0.505,9.967
1.1287314,0.042,-0.543,9.967
1.1446291,0.042,-0.505,9.967
1.160526,0.042,-0.505,9.89
1.1764246,0.042,-0.505,10.005
1.1923221,0.042,-0.505,9.967
