TIME,X,Y,Z
0.0,0.08,-0.428,9.928
0.015849506,0.08,-0.428,9.967
0.031697486,0.042,-0.428,9.967
0.047546174,0.042,-0.428,9.967
0.06339578,0.042,-0.428,9.928
0.07924616,0.08,-0.428,9.928
0.09509554,0.042,-0.428,9.928
0.110942855,0.042,-0.428,9.928
0.12679076,0.042,-0.428,9.967
0.14263852,0.042,-0.428,9.928
0.15848634,0.042,-0.39,9.928
0.17433466,0.08,-0.428,9.928
0.19018294,0.042,-0.428,9.928
0.2060307,0.042,-0.428,9.928
0.22187825,0.042,-0.428,9.928
0.23772587,0.042,-0.428,9.928
0.2535758,0.042,-0.428,9.928
0.26942495,0.08,-0.428,9.928
0.28527313,0.042,-0.428,9.928
0.3011215,0.08,-0.428,9.928
0.31697035,0.042,-0.428,9.928
0.33281872,0.08,-0.428,9.967
0.34866723,0.08,-0.428,9.928
0.36451524,0.042,-0.428,9.928
0.3803637,0.042,-0.428,9.928
0.3962119,0.042,-0.428,9.967
0.4120598,0.042,-0.428,9.928
0.4279072,0.042,-0.428,9.967
0.44375595,0.042,-0.428,9.967
0.45960528,0.08,-0.428,9.928
0.4754545,0.042,-0.428,9.967
0.4913005,0.08,-0.428,9.967
0.50714785,0.042,-0.467,9.928
0.52299523,0.042,-0.428,9.967
0.5388446,0.08,-0.428,9.928
0.55469203,0.08,-0.428,9.928
0.5705372,0.042,-0.428,9.967
0.58638597,0.042,-0.428,9.967
0.6022337,0.042,-0.428,9.928
0.618083,0.08,-0.428,9.967
0.6339303,0.042,-0.428,9.928
0.6497811,0.08,-0.428,9.967
0.66562945,0.042,-0.428,9.928
0.6814772,0.042,-0.428,9.928
0.69732606,0.042,-0.428,9.928
0.7131729,0.042,-0.428,9.967
0.7290182,0.042,-0.428,9.928
0.7448652,0.042,-0.428,9.928
0.7607167,0.042,-0.428,9.967
0.7765657,0.042,-0.39,9.967
0.79241294,0.042,-0.428,9.967
0.8082616,0.042,-0.428,9.967
0.8241116,0.042,-0.428,9.967
0.839959,0.042,-0.39,9.928
0.8558059,0.042,-0.428,9.928
0.87165517,0.08,-0.428,9.928
0.8875056,0.042,-0.428,9.928
0.90335584,0.042,-0.428,9.928
0.9192058,0.042,-0.428,9.967
0.93505394,0.042,-0.428,9.928
0.9509025,0.08,-0.428,9.967
