TIME,X,Y,Z
0.0,0.042,-0.505,10.043
0.015865522,0.042,-0.467,9.967
0.031731676,0.042,-0.467,9.967
0.047596827,0.042,-0.467,9.967
0.063463375,0.042,-0.505,9.928
0.07932961,0.042,-0.467,9.967
0.09519893,0.042,-0.467,9.967
0.11106778,0.042,-0.467,9.967
0.12693569,0.042,-0.505,9.967
0.14280538,0.042,-0.467,9.967
0.15867412,0.042,-0.467,9.967
0.1745415,0.042,-0.505,9.967
0.19040784,0.042,-0.467,9.967
0.20627515,0.042,-0.467,9.967
0.22213991,0.042,-0.467,9.967
0.23800653,0.042,-0.467,9.967
0.25387263,0.08,-0.467,9.967
0.26973894,0.042,-0.467,9.967
0.28560573,0.042,-0.467,9.967
0.30147356,0.042,-0.467,9.967
0.31733772,0.042,-0.467,9.967
0.3332042,0.042,-0.467,9.928
0.3490726,0.042,-0.467,9.967
0.3649408,0.042,-0.467,9.967
0.38080534,0.042,-0.467,9.967
0.39667234,0.042,-0.467,9.928
0.41253996,0.042,-0.467,10.005
0.42840683,0.08,-0.467,9.967
0.44427213,0.042,-0.505,9.967
0.46013907,0.042,-0.467,9.89
0.47600624,0.042,-0.505,10.005
0.49187255,0.042,-0.505,9.967
0.50774056,0.042,-0.467,9.89
0.5236086,0.042,-0.467,10.005
0.53947645,0.042,-0.505,9.967
0.555342,0.042,-0.505,9.967
0.57120776,0.042,-0.467,9.967
0.58707416,0.042,-0.467,9.928
0.60294265,0.042,-0.505,9.967
0.6188104,0.042,-0.467,9.967
0.6346788,0.042,-0.505,9.967
0.6505468,0.042,-0.505,9.967
0.66641396,0.042,-0.467,9.967
0.6822816,0.042,-0.467,9.967
0.6981518,0.042,-0.467,9.928
0.7140204,0.042,-0.505,9.928
0.7298895,0.042,-0.467,9.967
0.7457603,0.042,-0.505,9.967
0.7616275,0.042,-0.467,9.928
0.7774942,0.042,-0.467,9.928
0.7933623,0.042,-0.467,9.967
0.8092295,0.042,-0.467,9.967
0.825096,0.042,-0.505,10.005
0.84096235,0.042,-0.505,9.967
0.85682726,0.042,-0.467,9.967
0.8726945,0.042,-0.467,9.967
0.888562,0.042,-0.467,9.928
0.9044261,0.042,-0.467,9.928
0.92029136,0.042,-0.467,9.967
0.9361586,0.042,-0.467,9.967
0.9520241,0.042,-0.467,9.928
0.9678909,0.042,-0.467,9.967
