TIME,X,Y,Z
0.0,0.118,-0.428,10.005
0.01587901,0.118,-0.428,10.005
0.03175486,0.118,-0.428,9.967
0.047633536,0.157,-0.428,10.005
0.0635126,0.118,-0.428,10.005
0.079390205,0.08,-0.428,9.967
0.09526952,0.118,-0.428,9.967
0.111150585,0.118,-0.428,9.967
0.12703012,0.118,-0.428,9.967
0.1429101,0.118,-0.428,9.967
0.15879025,0.118,-0.428,9.967
0.17467137,0.118,-0.428,9.967
0.19055064,0.118,-0.428,9.967
0.20642892,0.118,-0.428,9.967
0.22230881,0.118,-0.428,9.967
0.23819111,0.118,-0.428,9.967
0.2540701,0.118,-0.428,9.967
0.26994988,0.118,-0.428,9.967
0.2858309,0.118,-0.428,9.967
0.30170956,0.118,-0.428,10.005
0.31758928,0.118,-0.428,9.967
0.33347005,0.118,-0.428,9.967
0.3493476,0.118,-0.428,9.967
0.36522555,0.118,-0.428,10.005
0.38110435,0.118,-0.428,9.967
0.39698228,0.118,-0.428,9.967
0.41285875,0.118,-0.467,9.967
0.42873633,0.118,-0.428,9.967
0.4446168,0.118,-0.428,9.967
0.4604959,0.118,-0.428,9.967
0.4763742,0.118,-0.467,9.967
0.492251,0.118,-0.428,9.967
0.5081295,0.118,-0.428,9.967
0.5240073,0.118,-0.428,10.005
0.5398841,0.118,-0.428,10.005
0.5557612,0.118,-0.428,9.967
0.5716377,0.118,-0.428,10.005
0.5875158,0.118,-0.428,10.005
0.6033941,0.118,-0.428,9.967
0.61927253,0.118,-0.428,9.967
0.6351497,0.118,-0.428,9.967
0.65102714,0.118,-0.428,9.928
0.6669068,0.118,-0.467,10.005
0.682785,0.118,-0.428,9.967
0.69866276,0.118,-0.428,9.967
0.7145414,0.118,-0.428,9.967
0.7304218,0.118,-0.428,9.967
0.7463009,0.118,-0.428,10.005
0.7621819,0.118,-0.467,9.967
0.7780611,0.118,-0.428,9.967
0.79394,0.118,-0.428,9.967
0.8098206,0.118,-0.428,9.967
0.8257009,0.118,-0.428,10.005
0.84158003,0.157,-0.428,10.005
0.85746026,0.118,-0.467,9.967
0.8733401,0.118,-0.428,9.967
0.88921964,0.157,-0.428,9.967
0.90510005,0.118,-0.428,9.967
0.9209787,0.118,-0.428,9.967
0.93685734,0.118,-0.428,10.005
0.9527346,0.118,-0.428,9.967
0.9686143,0.118,-0.428,9.967
