TIME,X,Y,Z
0.0,0.042,-0.352,9.775
0.015855592,0.042,-0.39,10.043
0.031709272,0.042,-0.39,9.967
0.047562275,0.042,-0.352,9.967
0.06341462,0.042,-0.352,9.967
0.07926855,0.042,-0.39,9.967
0.0951221,0.042,-0.352,9.967
0.11097463,0.042,-0.352,9.967
0.12682654,0.042,-0.352,9.967
0.14267938,0.003,-0.352,9.967
0.15853123,0.042,-0.39,9.967
0.17438346,0.042,-0.39,9.967
0.19023608,0.042,-0.352,9.967
0.20608836,0.042,-0.39,9.967
0.2219423,0.042,-0.352,9.928
0.23779678,0.042,-0.39,9.967
0.2536502,0.003,-0.39,9.967
0.26950493,0.042,-0.352,9.928
0.28535753,0.042,-0.39,9.928
0.3012109,0.042,-0.352,9.967
0.31706473,0.042,-0.352,9.967
0.3329194,0.042,-0.39,9.967
0.3487727,0.042,-0.39,9.967
0.3646273,0.042,-0.39,9.967
0.38048193,0.042,-0.39,9.967
0.39633617,0.042,-0.39,9.967
0.4121905,0.042,-0.39,9.967
0.42804602,0.042,-0.352,9.967
0.4439006,0.003,-0.39,9.967
0.45975542,0.042,-0.39,9.928
0.4756108,0.042,-0.39,9.967
0.4914656,0.042,-0.352,9.967
0.5073193,0.042,-0.352,9.967
0.52317214,0.042,-0.39,9.928
0.5390252,0.003,-0.39,9.967
0.55487794,0.042,-0.39,9.967
0.5707289,0.042,-0.39,9.967
0.5865808,0.042,-0.39,9.967
0.6024353,0.042,-0.39,9.967
0.61829096,0.042,-0.352,9.928
0.63414425,0.042,-0.352,9.928
0.6499962,0.042,-0.352,9.967
0.66584814,0.042,-0.352,9.967
0.6817,0.042,-0.39,9.967
0.69755393,0.042,-0.39,9.967
0.7134081,0.042,-0.352,9.967
0.72926205,0.042,-0.39,9.967
0.7451159,0.042,-0.352,9.967
0.76096916,0.042,-0.352,9.967
0.77682346,0.042,-0.352,9.967
0.79267544,0.042,-0.39,9.967
0.80852944,0.042,-0.39,9.967
0.82438344,0.042,-0.39,9.928
0.84023803,0.042,-0.352,9.967
0.856091,0.042,-0.39,9.928
0.87194526,0.003,-0.352,9.967
0.8877985,0.042,-0.39,9.967
0.9036523,0.042,-0.39,9.967
0.9195082,0.042,-0.352,9.967
