TIME,X,Y,Z
0.0,0.08,-0.428,9.967
0.015872676,0.08,-0.428,9.967
0.03174652,0.042,-0.467,9.967
0.047617204,0.042,-0.39,9.967
0.06348883,0.042,-0.39,10.005
0.07936014,0.042,-0.428,9.967
0.09523153,0.08,-0.467,9.967
0.11110172,0.08,-0.467,9.967
0.12697488,0.08,-0.467,9.967
0.14284796,0.08,-0.428,9.967
0.15871859,0.042,-0.467,9.967
0.17458883,0.042,-0.467,9.967
0.1904607,0.042,-0.428,9.967
0.20633279,0.08,-0.428,9.967
0.22220442,0.118,-0.467,9.967
0.23807706,0.08,-0.505,9.967
0.25395012,0.042,-0.39,9.967
0.2698211,0.08,-0.39,9.967
0.2856935,0.08,-0.428,9.967
0.3015645,0.08,-0.467,9.967
0.31743672,0.08,-0.505,10.005
0.3333085,0.08,-0.428,9.967
0.34918076,0.08,-0.428,9.967
0.36505347,0.08,-0.467,9.967
0.3809244,0.042,-0.428,9.967
0.39679462,0.042,-0.428,9.967
0.412667,0.08,-0.428,9.967
0.4285384,0.118,-0.467,9.967
0.44441128,0.08,-0.467,10.005
0.4602844,0.08,-0.428,9.967
0.47615555,0.042,-0.39,10.005
0.49202618,0.042,-0.428,9.967
0.5078975,0.042,-0.467,9.967
0.5237683,0.118,-0.467,10.005
0.539639,0.08,-0.467,10.005
0.5555078,0.08,-0.428,9.967
0.57137644,0.08,-0.428,9.967
0.58724755,0.042,-0.467,9.967
0.6031181,0.042,-0.467,9.967
0.6189862,0.08,-0.428,9.967
0.63485605,0.118,-0.467,9.967
0.6507244,0.08,-0.467,9.967
0.666592,0.042,-0.428,10.005
0.68246025,0.042,-0.39,9.967
0.6983296,0.042,-0.428,9.967
0.71420044,0.08,-0.467,9.967
0.7300713,0.08,-0.467,9.967
0.745942,0.08,-0.467,9.967
0.76181304,0.08,-0.428,9.967
0.7776834,0.08,-0.467,9.967
0.7935541,0.042,-0.467,9.967
0.809427,0.042,-0.467,9.967
0.8252978,0.08,-0.428,9.928
0.8411677,0.08,-0.467,10.005
0.857038,0.08,-0.467,9.967
0.87290776,0.08,-0.39,9.967
0.8887778,0.042,-0.428,9.967
0.90464824,0.042,-0.467,9.967
0.9205203,0.08,-0.467,9.967
0.9363925,0.08,-0.467,10.005
0.9522618,0.08,-0.467,9.967
0.9681301,0.08,-0.428,9.967
0.9839998,0.08,-0.467,9.967
0.9998699,0.042,-0.467,9.967
1.015742,0.042,-0.428,9.967
1.0316114,0.08,-0.428,9.967
