TIME,X,Y,Z
0.0,0.118,-0.428,10.12
0.015868532,0.08,-0.505,9.967
0.031738143,0.042,-0.467,9.967
0.047608454,0.042,-0.428,9.967
0.06348021,0.08,-0.428,9.967
0.079352066,0.042,-0.505,9.967
0.09522475,0.118,-0.505,9.967
0.11109682,0.118,-0.428,9.967
0.12696803,0.08,-0.428,9.967
0.14284055,0.042,-0.467,9.967
0.15871392,0.042,-0.467,9.967
0.17458345,0.042,-0.428,9.967
0.19045287,0.042,-0.428,9.967
0.20632288,0.08,-0.467,9.967
0.22219512,0.08,-0.467,9.967
0.23806775,0.08,-0.428,9.967
0.25394014,0.08,-0.428,9.967
0.26980945,0.08,-0.467,9.967
0.28567907,0.08,-0.505,9.967
0.30155078,0.08,-0.428,9.967
0.3174235,0.042,-0.39,9.967
0.33329603,0.042,-0.428,9.967
0.34916633,0.08,-0.467,9.967
0.36503646,0.118,-0.467,9.967
0.38090807,0.08,-0.467,9.967
0.39677954,0.08,-0.428,9.967
0.41265038,0.042,-0.428,9.967
0.4285193,0.042,-0.467,9.967
0.44438863,0.042,-0.467,9.967
0.4602574,0.08,-0.467,9.967
0.47612542,0.08,-0.428,9.967
0.4919942,0.08,-0.428,9.967
0.5078614,0.08,-0.428,10.005
0.52373075,0.042,-0.428,9.928
0.53960085,0.08,-0.467,9.928
0.5554722,0.042,-0.467,9.967
0.5713408,0.08,-0.467,9.967
0.5872113,0.08,-0.467,9.967
0.6030821,0.08,-0.467,9.967
0.6189515,0.118,-0.467,10.005
0.6348207,0.08,-0.467,9.967
0.6506904,0.042,-0.428,9.967
0.6665593,0.042,-0.428,9.967
0.6824296,0.08,-0.467,9.967
0.698301,0.118,-0.467,9.967
0.7141712,0.08,-0.467,9.967
0.7300432,0.08,-0.428,9.967
0.7459147,0.08,-0.428,9.967
0.7617868,0.042,-0.467,9.967
0.7776577,0.042,-0.467,9.967
0.79352796,0.042,-0.428,9.967
0.8093988,0.08,-0.467,10.005
0.82526815,0.08,-0.467,9.967
0.8411384,0.08,-0.467,9.967
0.8570096,0.08,-0.428,9.967
0.87287945,0.08,-0.428,9.967
0.888749,0.042,-0.428,9.967
0.9046193,0.08,-0.467,9.967
0.9204907,0.08,-0.428,9.967
0.93636274,0.08,-0.467,9.967
0.95223284,0.08,-0.467,9.967
0.96810293,0.08,-0.467,9.967
0.98397243,0.08,-0.428,9.967
0.99984527,0.042,-0.428,9.967
1.0157174,0.042,-0.467,9.967
