TIME,X,Y,Z
0.0,0.348,-0.16,9.928
0.015824674,0.348,-0.16,9.928
0.031650275,0.348,-0.16,9.928
0.047474574,0.348,-0.16,9.928
0.06329766,0.348,-0.16,9.928
0.079122365,0.348,-0.16,9.928
0.0949479,0.348,-0.199,9.928
0.110772826,0.348,-0.16,9.928
0.12659767,0.348,-0.16,9.928
0.14242382,0.348,-0.16,9.928
0.15824744,0.386,-0.16,9.928
0.17407136,0.348,-0.16,9.928
0.18989667,0.348,-0.199,9.928
0.20572014,0.348,-0.16,9.928
0.22154245,0.348,-0.16,9.928
0.23736387,0.348,-0.16,9.928
0.25318718,0.348,-0.16,9.928
0.26901296,0.348,-0.199,9.928
0.2848356,0.348,-0.16,9.928
0.30065814,0.348,-0.16,9.928
0.31648108,0.348,-0.16,9.928
0.3323042,0.348,-0.16,9.928
0.34812948,0.348,-0.16,9.89
0.3639527,0.386,-0.122,9.967
0.37977576,0.348,-0.16,9.928
0.39559934,0.348,-0.16,9.928
0.41142246,0.348,-0.16,9.89
0.42724404,0.386,-0.16,10.005
0.4430671,0.348,-0.16,9.852
0.45889023,0.348,-0.16,9.967
0.47471446,0.386,-0.16,9.967
0.49053812,0.348,-0.16,9.928
0.5063605,0.348,-0.16,9.928
0.5221829,0.348,-0.16,9.967
0.53800505,0.348,-0.199,9.928
0.5538274,0.348,-0.16,9.89
0.56965065,0.348,-0.16,9.928
0.58547103,0.386,-0.16,9.928
0.6012917,0.386,-0.16,9.967
0.6171144,0.348,-0.16,9.928
0.6329359,0.348,-0.16,9.928
0.6487575,0.348,-0.16,9.928
0.66458,0.348,-0.16,9.928
0.6804063,0.348,-0.16,9.928
0.69623154,0.348,-0.16,9.928
0.71205634,0.386,-0.16,9.928
0.72788024,0.348,-0.199,9.928
0.7437027,0.386,-0.16,9.928
0.7595271,0.386,-0.16,9.928
0.77535033,0.348,-0.16,9.928
0.79117364,0.348,-0.16,9.928
0.80699635,0.348,-0.16,9.928
0.8228196,0.348,-0.16,9.928
0.8386413,0.348,-0.16,9.928
0.8544641,0.348,-0.16,9.89
0.87028587,0.348,-0.16,9.928
0.88610834,0.348,-0.16,9.89
0.90192974,0.348,-0.16,9.928
0.91775155,0.348,-0.16,9.928
0.93357444,0.348,-0.16,9.928
0.94939786,0.348,-0.16,9.928
0.96522,0.348,-0.16,9.89
0.98104155,0.31,-0.16,9.431
0.9968641,0.425,-0.199,10.503
