TIME,X,Y,Z
0.0,0.348,-0.122,9.737
0.015816135,0.348,-0.16,10.005
0.031633653,0.31,-0.122,9.89
0.047451194,0.31,-0.122,9.89
0.0632672,0.348,-0.122,9.928
0.079084896,0.348,-0.16,9.928
0.09490183,0.348,-0.16,9.89
0.11071937,0.31,-0.122,9.928
0.12653767,0.348,-0.16,9.928
0.14235552,0.348,-0.16,9.928
0.15817499,0.31,-0.16,9.928
0.17399262,0.348,-0.122,9.928
0.18980971,0.348,-0.16,9.89
0.20562586,0.348,-0.122,9.928
0.22144271,0.348,-0.16,9.928
0.23725958,0.348,-0.122,9.928
0.25307715,0.348,-0.16,9.928
0.2688974,0.348,-0.16,9.928
0.2847168,0.31,-0.16,9.928
0.3005352,0.348,-0.122,9.928
0.31635424,0.31,-0.16,9.928
0.3321724,0.31,-0.16,9.928
0.34798932,0.348,-0.16,9.89
0.36380565,0.31,-0.16,9.89
0.3796236,0.348,-0.122,9.928
0.39544156,0.348,-0.16,9.928
0.4112585,0.31,-0.122,9.928
0.4270756,0.348,-0.16,9.928
0.44289228,0.348,-0.122,9.967
0.45871004,0.348,-0.122,9.928
0.47452718,0.348,-0.122,9.967
0.49034512,0.348,-0.122,9.928
0.5061616,0.31,-0.16,9.928
0.52197915,0.348,-0.122,9.89
0.5377961,0.348,-0.16,9.928
0.5536134,0.348,-0.16,9.928
0.5694304,0.348,-0.122,9.928
0.58524716,0.348,-0.16,9.89
0.6010638,0.348,-0.16,9.967
0.6168799,0.348,-0.16,9.928
0.63269556,0.348,-0.122,9.89
0.6485116,0.31,-0.16,9.928
0.66432834,0.348,-0.122,9.89
0.680144,0.348,-0.122,9.928
0.69596064,0.31,-0.16,9.928
0.71177876,0.348,-0.122,9.89
0.72759587,0.31,-0.122,9.928
0.7434125,0.348,-0.122,9.928
0.75922906,0.348,-0.16,9.928
0.7750463,0.348,-0.122,9.928
0.790863,0.348,-0.16,9.89
0.8066795,0.348,-0.16,9.928
0.82249653,0.348,-0.16,9.928
0.83831185,0.348,-0.122,9.928
0.8541298,0.348,-0.122,9.928
0.86994857,0.348,-0.16,9.928
0.8857667,0.348,-0.122,9.928
0.9015831,0.31,-0.16,9.928
0.9174016,0.348,-0.16,9.89
0.9332183,0.348,-0.122,9.928
0.94903576,0.31,-0.122,9.89
0.9648527,0.348,-0.16,9.928
0.9806685,0.348,-0.122,9.928
0.99648523,0.31,-0.16,9.967
1.0123011,0.348,-0.122,9.928
1.0281174,0.348,-0.16,9.928
1.0439363,0.348,-0.16,9.928
1.059753,0.31,-0.122,9.814
1.0755699,0.348,-0.16,10.005
1.0913876,0.348,-0.122,9.967
1.1072057,0.348,-0.16,9.928
1.1230255,0.348,-0.122,9.928
1.1388448,0.348,-0.122,10.005
1.1546631,0.348,-0.16,9.928
