TIME,X,Y,Z
0.0,0.042,-0.467,10.005
0.015874146,0.08,-0.467,9.967
0.031750415,0.042,-0.467,9.967
0.04762717,0.042,-0.467,9.967
0.06350431,0.042,-0.467,9.967
0.07938115,0.08,-0.467,9.967
0.09525789,0.042,-0.467,9.967
0.11113535,0.003,-0.428,9.967
0.12701191,0.042,-0.467,9.967
0.14288972,0.08,-0.467,9.967
0.15876733,0.042,-0.467,9.967
0.1746454,0.042,-0.467,9.967
0.19052204,0.042,-0.467,9.967
0.20639727,0.08,-0.467,9.928
0.22227532,0.042,-0.467,9.967
0.2381507,0.042,-0.467,9.967
0.25402516,0.042,-0.467,9.967
0.26990092,0.042,-0.467,9.928
0.28577578,0.042,-0.467,9.967
0.30165076,0.042,-0.467,9.967
0.3175235,0.042,-0.428,9.967
0.33339825,0.042,-0.467,9.967
0.349274,0.042,-0.467,9.928
0.36514774,0.042,-0.467,9.967
0.3810213,0.042,-0.467,9.967
0.39689443,0.042,-0.467,9.967
0.4127713,0.042,-0.505,9.928
0.42864832,0.042,-0.467,9.967
0.44452482,0.042,-0.467,9.967
0.46040168,0.042,-0.467,9.928
0.4762791,0.042,-0.467,10.043
0.49215558,0.042,-0.505,9.852
0.50803316,0.042,-0.467,10.082
0.5239071,0.042,-0.467,9.89
0.53978044,0.042,-0.467,9.967
0.55565464,0.042,-0.467,10.005
0.5715279,0.042,-0.467,9.928
0.5873994,0.042,-0.467,10.005
0.60327315,0.042,-0.467,9.967
0.6191473,0.042,-0.467,9.928
0.635023,0.042,-0.467,9.928
0.6508978,0.042,-0.467,9.967
0.666773,0.042,-0.505,9.967
0.68264693,0.08,-0.467,9.928
0.6985207,0.08,-0.467,9.928
0.71439296,0.042,-0.467,9.967
0.7302672,0.042,-0.467,9.967
0.7461445,0.042,-0.467,9.928
0.7620202,0.042,-0.467,10.005
0.7778952,0.042,-0.467,9.967
0.79376984,0.08,-0.467,9.967
0.80964357,0.042,-0.467,9.967
0.8255185,0.042,-0.467,9.967
0.841392,0.042,-0.467,9.967
0.85726655,0.042,-0.467,9.967
0.87314075,0.042,-0.467,9.967
0.88901454,0.08,-0.467,9.967
0.90489143,0.042,-0.467,9.967
0.92076635,0.042,-0.467,9.967
0.93664086,0.042,-0.467,9.928
0.9525164,0.042,-0.467,9.967
0.9683925,0.042,-0.467,9.967
0.98426825,0.042,-0.467,9.967
1.0001433,0.042,-0.467,9.967
1.0160173,0.042,-0.467,9.967
1.0318913,0.042,-0.467,9.967
1.0477651,0.042,-0.467,9.928
