TIME,X,Y,Z
0.0,0.348,-0.16,10.082
0.015822299,0.348,-0.16,9.928
0.031642526,0.348,-0.16,9.928
0.047463544,0.348,-0.16,9.928
0.063284636,0.348,-0.16,9.928
0.079105094,0.348,-0.16,9.928
0.09492502,0.348,-0.16,9.928
0.110744275,0.348,-0.16,9.928
0.12656398,0.348,-0.16,9.928
0.14238532,0.348,-0.16,9.928
0.15820675,0.348,-0.16,9.928
0.17402783,0.348,-0.16,9.928
0.18985002,0.348,-0.16,9.928
0.20566937,0.348,-0.16,9.928
0.22149059,0.348,-0.16,9.928
0.23731275,0.348,-0.16,9.928
0.25313422,0.348,-0.16,9.928
0.26895583,0.348,-0.16,9.928
0.2847788,0.348,-0.16,9.928
0.30059987,0.348,-0.16,9.928
0.3164212,0.348,-0.16,9.89
0.33224338,0.348,-0.16,9.928
0.3480636,0.348,-0.16,9.967
0.36388534,0.348,-0.199,9.814
0.37970656,0.348,-0.16,9.928
0.39552784,0.348,-0.16,9.967
0.41135216,0.348,-0.16,9.928
0.4271757,0.386,-0.16,9.928
0.4429974,0.386,-0.16,9.967
0.45881927,0.386,-0.16,9.928
0.47463784,0.348,-0.16,9.928
0.49045908,0.386,-0.16,9.928
0.5062801,0.348,-0.16,9.852
0.5220997,0.348,-0.16,10.005
0.5379179,0.348,-0.16,9.928
0.55373657,0.348,-0.16,9.928
0.5695563,0.386,-0.16,9.928
0.5853772,0.348,-0.16,9.928
0.6011967,0.348,-0.16,9.928
0.61701524,0.386,-0.16,9.928
0.63283414,0.348,-0.16,9.928
0.6486536,0.348,-0.16,9.928
0.6644734,0.348,-0.16,9.928
0.6802927,0.348,-0.16,9.928
0.6961127,0.386,-0.16,9.928
0.71193224,0.348,-0.16,9.89
0.7277524,0.348,-0.16,9.928
0.743574,0.348,-0.16,9.928
0.7593955,0.348,-0.16,9.89
0.77521664,0.348,-0.16,9.928
0.79103774,0.348,-0.16,9.928
0.80686074,0.348,-0.16,9.928
0.82268333,0.348,-0.16,9.928
0.83850485,0.348,-0.16,9.928
0.8543251,0.348,-0.16,9.89
0.8701445,0.348,-0.16,9.89
0.88596576,0.348,-0.16,9.775
0.90178627,0.386,-0.199,10.12
0.9176065,0.386,-0.16,10.005
0.9334274,0.348,-0.16,9.89
0.949246,0.348,-0.16,9.928
0.9650657,0.348,-0.16,9.928
0.98088664,0.348,-0.16,9.89
