TIME,X,Y,Z
0.0,0.348,-0.16,10.12
0.015813906,0.386,-0.16,9.89
0.031629037,0.348,-0.16,9.89
0.04744348,0.348,-0.16,9.89
0.063257016,0.348,-0.16,9.928
0.079070956,0.348,-0.16,9.928
0.09488533,0.348,-0.16,9.89
0.11070172,0.348,-0.16,9.928
0.12651506,0.348,-0.16,9.967
0.14233018,0.348,-0.16,9.928
0.15814619,0.348,-0.16,9.928
0.17396066,0.348,-0.16,9.928
0.18977527,0.348,-0.16,9.928
0.20559087,0.386,-0.16,9.928
0.2214083,0.348,-0.199,9.928
0.23722391,0.348,-0.16,9.928
0.25303984,0.348,-0.16,9.89
0.26885486,0.348,-0.16,9.928
0.2846685,0.348,-0.16,9.967
0.3004833,0.348,-0.16,9.928
0.31629798,0.386,-0.16,9.928
0.33211452,0.348,-0.16,9.928
0.3479298,0.386,-0.16,9.967
0.36374718,0.348,-0.16,9.852
0.37956557,0.386,-0.122,9.967
0.39538297,0.348,-0.16,9.928
0.41120052,0.348,-0.16,9.928
0.4270145,0.386,-0.16,9.928
0.44283175,0.348,-0.16,9.967
0.45864645,0.348,-0.16,9.928
0.47446173,0.348,-0.16,9.928
0.4902788,0.386,-0.16,9.928
0.50609475,0.348,-0.16,9.89
0.52191275,0.386,-0.16,9.928
0.5377296,0.386,-0.122,9.89
0.55354655,0.348,-0.16,9.967
0.5693654,0.386,-0.199,9.89
0.5851849,0.348,-0.16,9.928
0.6010026,0.348,-0.16,9.928
0.61681956,0.386,-0.16,9.928
0.6326368,0.348,-0.16,9.928
0.6484546,0.348,-0.16,9.89
0.6642713,0.386,-0.16,9.928
0.6800876,0.386,-0.16,9.928
0.6959072,0.348,-0.16,9.928
0.71172506,0.348,-0.16,9.928
0.72754395,0.386,-0.16,9.928
0.7433619,0.348,-0.16,9.928
0.759178,0.348,-0.16,9.89
0.77499586,0.348,-0.122,9.928
0.79081345,0.386,-0.16,9.928
0.8066308,0.348,-0.16,9.928
0.8224475,0.348,-0.16,9.928
0.8382647,0.348,-0.16,9.928
0.8540812,0.348,-0.16,9.928
0.8698971,0.348,-0.16,9.928
0.8857124,0.386,-0.16,9.928
0.9015283,0.348,-0.16,9.928
0.91734487,0.348,-0.16,9.89
0.9331627,0.348,-0.16,9.584
0.9489817,0.386,-0.16,10.158
0.96479815,0.386,-0.16,10.043
0.9806148,0.348,-0.16,9.852
