TIME,X,Y,Z
0.0,0.042,-0.428,10.043
0.015851088,0.042,-0.428,9.928
0.031700555,0.042,-0.428,9.928
0.047549482,0.042,-0.428,9.928
0.06339872,0.042,-0.428,9.928
0.07924704,0.042,-0.428,9.928
0.09509481,0.042,-0.428,9.967
0.11094244,0.042,-0.428,9.928
0.12679243,0.08,-0.428,9.928
0.14264297,0.042,-0.428,9.967
0.15849362,0.042,-0.428,9.928
0.17434247,0.042,-0.428,9.967
0.19018939,0.042,-0.428,9.967
0.20603862,0.042,-0.428,9.928
0.22188862,0.042,-0.428,9.967
0.2377367,0.003,-0.428,9.928
0.25358465,0.042,-0.428,9.928
0.26943263,0.042,-0.39,9.928
0.28528133,0.042,-0.428,9.928
0.30113098,0.042,-0.428,9.967
0.31697866,0.042,-0.428,9.928
0.3328278,0.042,-0.428,9.928
0.34867772,0.042,-0.428,9.928
0.36452922,0.042,-0.428,9.928
0.38037694,0.042,-0.428,9.928
0.3962264,0.042,-0.428,9.928
0.4120734,0.042,-0.428,9.928
0.42792135,0.042,-0.428,9.967
0.4437683,0.042,-0.428,9.928
0.45961592,0.042,-0.428,9.967
0.47546253,0.042,-0.467,9.89
0.49130926,0.042,-0.428,9.928
0.50715685,0.042,-0.428,9.89
0.52300495,0.042,-0.428,10.043
0.538853,0.042,-0.428,9.852
0.5547015,0.042,-0.428,9.928
0.57055116,0.042,-0.428,9.928
0.5864026,0.042,-0.428,9.967
0.60225344,0.042,-0.39,9.967
0.6181036,0.042,-0.428,9.89
0.63395524,0.042,-0.428,9.967
0.6498051,0.042,-0.428,9.928
0.6656552,0.042,-0.428,9.89
0.6815038,0.042,-0.428,10.005
0.69735426,0.042,-0.428,9.89
0.7132047,0.042,-0.428,9.967
0.72905564,0.042,-0.428,9.928
0.7449042,0.042,-0.428,9.967
0.76075435,0.042,-0.428,9.928
0.7766043,0.042,-0.428,9.928
0.79245234,0.042,-0.428,9.967
0.80829984,0.042,-0.428,9.928
0.8241473,0.042,-0.428,9.967
0.839996,0.042,-0.39,9.928
0.85584664,0.042,-0.428,9.928
0.8716963,0.042,-0.428,9.967
0.8875469,0.003,-0.428,9.928
0.9033959,0.042,-0.428,9.928
0.9192454,0.042,-0.428,9.928
0.9350952,0.003,-0.428,9.967
0.9509453,0.003,-0.428,9.928
0.96679413,0.042,-0.428,9.928
0.98264337,0.042,-0.39,9.967
0.99849296,0.042,-0.428,9.928
1.0143417,0.042,-0.428,9.928
1.0301898,0.042,-0.428,9.928
1.046039,0.003,-0.428,9.928
1.0618874,0.042,-0.428,9.928
