TIME,X,Y,Z
0.0,1.037,-2.458,9.775
0.01585394,1.037,-2.42,9.699
0.031708155,1.037,-2.42,9.775
0.04756508,1.037,-2.42,9.699
0.063420765,1.037,-2.42,9.775
0.0792753,1.037,-2.42,9.775
0.09512977,0.999,-2.42,9.737
0.11098148,1.037,-2.42,9.737
0.12683503,1.037,-2.42,9.737
0.14268908,1.037,-2.458,9.737
0.15854275,1.037,-2.42,9.737
0.17439945,1.037,-2.42,9.737
0.19025813,1.037,-2.42,9.737
0.20611537,1.037,-2.42,9.737
0.22197114,1.037,-2.42,9.737
0.23782852,1.037,-2.42,9.737
0.2536856,1.037,-2.42,9.737
0.26954183,1.037,-2.42,9.737
0.28539708,1.037,-2.42,9.775
0.3012533,1.037,-2.42,9.737
0.31710836,1.037,-2.42,9.737
0.33296475,1.037,-2.42,9.737
0.34881827,1.037,-2.42,9.737
0.36467302,1.037,-2.42,9.737
0.38052946,1.037,-2.42,9.737
0.39638177,1.037,-2.42,9.814
0.41223568,1.037,-2.458,9.584
0.42809075,0.999,-2.42,9.775
0.44394553,1.037,-2.42,9.775
0.45979983,1.037,-2.42,9.89
0.47565603,0.999,-2.458,9.545
0.49151137,0.999,-2.42,9.814
0.5073682,1.037,-2.42,9.775
0.523224,1.037,-2.42,9.737
0.5390789,0.999,-2.458,9.622
0.55493265,0.999,-2.458,9.737
0.5707887,1.037,-2.42,9.699
0.5866446,0.999,-2.42,9.852
0.60249954,1.037,-2.42,9.737
0.61835396,0.999,-2.42,9.622
0.63421065,0.999,-2.42,9.852
0.6500663,1.037,-2.42,9.66
0.6659214,1.037,-2.42,9.775
0.681778,1.037,-2.42,9.699
0.69763464,1.037,-2.458,9.775
0.71349174,1.037,-2.42,9.737
0.7293476,1.037,-2.458,9.699
0.7452024,1.037,-2.42,9.699
0.76105744,1.037,-2.42,9.775
0.77691406,1.037,-2.42,9.737
0.79277045,1.037,-2.42,9.737
0.8086278,1.037,-2.42,9.699
0.8244857,1.037,-2.42,9.737
0.8403423,1.037,-2.42,9.737
0.8561982,1.037,-2.42,9.737
0.8720554,1.037,-2.458,9.737
0.8879114,1.037,-2.42,9.737
0.9037683,1.037,-2.42,9.737
0.9196255,1.037,-2.42,9.737
0.9354827,1.037,-2.42,9.699
0.9513407,1.037,-2.42,9.737
