TIME,X,Y,Z
0.0,0.348,-0.122,10.082
0.015802486,0.348,-0.084,9.928
0.031606477,0.386,-0.122,9.89
0.047408473,0.348,-0.122,9.89
0.063211784,0.348,-0.122,9.89
0.07901409,0.348,-0.122,9.89
0.09481648,0.386,-0.122,9.928
0.11062009,0.348,-0.122,9.928
0.12642393,0.386,-0.084,9.928
0.14222915,0.348,-0.122,9.89
0.158033,0.348,-0.122,9.89
0.17383505,0.348,-0.122,9.967
0.18963845,0.348,-0.122,9.928
0.20544039,0.386,-0.122,9.928
0.22124468,0.348,-0.084,9.89
0.23704676,0.348,-0.122,9.928
0.2528499,0.348,-0.122,9.928
0.26865086,0.348,-0.122,9.89
0.28445402,0.348,-0.122,9.89
0.30025658,0.348,-0.122,9.89
0.31605986,0.386,-0.084,9.928
0.3318634,0.348,-0.122,9.89
0.34766588,0.348,-0.122,9.89
0.3634684,0.348,-0.122,9.928
0.3792711,0.348,-0.122,9.928
0.39507258,0.348,-0.084,9.928
0.4108741,0.348,-0.084,9.928
0.426676,0.348,-0.122,9.89
0.44247732,0.386,-0.122,9.967
0.45827767,0.386,-0.084,9.89
0.47407913,0.348,-0.122,9.89
0.48988128,0.386,-0.122,9.967
0.50568277,0.386,-0.122,9.928
0.5214837,0.348,-0.122,9.89
0.53728604,0.348,-0.084,9.89
0.55308723,0.386,-0.122,9.89
0.5688891,0.348,-0.122,9.89
0.58469325,0.348,-0.122,9.89
0.60049415,0.348,-0.122,9.928
0.6162956,0.348,-0.122,9.89
0.63209754,0.386,-0.084,9.967
0.6478984,0.348,-0.084,9.89
0.66370016,0.386,-0.084,9.928
0.6795021,0.348,-0.084,9.928
0.6953061,0.386,-0.122,9.89
0.7111085,0.386,-0.084,9.928
0.7269113,0.348,-0.122,9.89
0.742715,0.348,-0.122,9.928
0.7585181,0.386,-0.122,9.928
0.7743213,0.348,-0.122,9.967
0.79012525,0.348,-0.122,9.89
0.80592966,0.348,-0.122,9.928
0.8217339,0.348,-0.122,9.89
0.83753735,0.386,-0.122,9.928
0.8533393,0.386,-0.122,9.928
0.8691425,0.386,-0.084,9.928
