TIME,X,Y,Z
0.0,0.348,-0.084,10.005
0.015788058,0.348,-0.084,9.89
0.031578068,0.348,-0.084,9.89
0.047367234,0.348,-0.084,9.89
0.063156545,0.348,-0.084,9.928
0.07894455,0.348,-0.084,9.89
0.09473302,0.348,-0.084,9.89
0.11052032,0.348,-0.084,9.89
0.1263077,0.348,-0.084,9.89
0.14209524,0.348,-0.084,9.928
0.15788123,0.348,-0.084,9.89
0.17366812,0.348,-0.084,9.928
0.18945658,0.348,-0.084,9.89
0.20524481,0.348,-0.084,9.89
0.22103211,0.348,-0.084,9.928
0.23682088,0.348,-0.084,9.928
0.25261015,0.348,-0.084,9.89
0.26839775,0.348,-0.084,9.89
0.28418455,0.348,-0.084,9.89
0.29997155,0.348,-0.084,9.89
0.31575853,0.348,-0.084,9.89
0.33154544,0.348,-0.084,9.89
0.34733245,0.348,-0.084,9.89
0.36311838,0.348,-0.084,9.89
0.37890384,0.348,-0.084,9.89
0.3946912,0.348,-0.122,9.89
0.4104781,0.348,-0.084,9.928
0.42626444,0.348,-0.084,9.89
0.44205046,0.348,-0.084,9.928
0.4578364,0.348,-0.084,9.89
0.47362587,0.348,-0.084,9.928
0.4894157,0.348,-0.084,9.89
0.50520533,0.348,-0.084,9.89
0.5209935,0.348,-0.084,9.89
0.5367815,0.348,-0.084,9.967
0.5525695,0.348,-0.084,9.928
0.56835675,0.348,-0.084,9.89
0.584144,0.348,-0.084,9.928
0.5999323,0.348,-0.084,9.928
0.61572075,0.348,-0.084,9.852
0.63150734,0.386,-0.084,9.852
0.6472935,0.386,-0.084,9.967
0.66307855,0.348,-0.084,9.89
0.67886394,0.348,-0.084,9.852
0.694651,0.348,-0.084,9.928
0.71043915,0.348,-0.084,9.928
0.7262253,0.348,-0.084,9.89
0.74201286,0.386,-0.084,9.928
0.7577999,0.348,-0.084,9.89
0.77358705,0.348,-0.084,9.928
0.7893732,0.348,-0.084,9.928
0.805161,0.348,-0.084,9.89
0.8209482,0.348,-0.084,9.89
0.83673483,0.348,-0.084,9.928
0.8525225,0.348,-0.084,9.928
0.86830944,0.348,-0.084,9.89
0.88409716,0.348,-0.084,9.89
0.8998871,0.348,-0.084,9.928
