TIME,X,Y,Z
0.0,0.348,-0.084,9.928
0.015798608,0.348,-0.084,9.928
0.031599883,0.348,-0.084,9.928
0.047399808,0.386,-0.084,9.89
0.063199975,0.348,-0.122,9.89
0.079000354,0.348,-0.122,9.89
0.09480112,0.348,-0.084,9.928
0.11060034,0.348,-0.084,9.928
0.1264007,0.348,-0.084,9.89
0.1422004,0.348,-0.122,9.89
0.15799963,0.348,-0.122,9.928
0.17379923,0.348,-0.084,9.928
0.18959871,0.348,-0.084,9.928
0.20539732,0.348,-0.084,9.89
0.22119766,0.386,-0.084,9.928
0.236997,0.348,-0.084,9.928
0.25279686,0.348,-0.084,9.928
0.2685954,0.348,-0.084,9.89
0.2843947,0.348,-0.122,9.89
0.30019367,0.386,-0.084,9.89
0.3159934,0.348,-0.084,9.928
0.33179042,0.348,-0.084,9.928
0.34758875,0.348,-0.122,9.89
0.363388,0.348,-0.122,9.928
0.37918785,0.348,-0.084,9.89
0.39498758,0.386,-0.084,9.928
0.41078892,0.348,-0.084,9.928
0.42659053,0.348,-0.084,9.928
0.44239137,0.348,-0.084,9.89
0.45819306,0.386,-0.084,9.928
0.47399557,0.386,-0.084,9.928
0.48979786,0.348,-0.084,9.89
0.50559944,0.348,-0.084,9.967
0.5214014,0.348,-0.084,9.89
0.5372011,0.348,-0.084,9.89
0.5530007,0.348,-0.084,9.928
0.5688001,0.348,-0.084,9.852
0.58459747,0.348,-0.084,9.928
0.60039634,0.348,-0.084,9.928
0.6161943,0.348,-0.084,9.928
0.6319933,0.348,-0.084,9.89
0.6477931,0.348,-0.084,9.928
0.66359276,0.348,-0.122,9.89
0.6793926,0.348,-0.084,9.89
0.6951912,0.348,-0.084,9.928
0.7109891,0.348,-0.084,9.928
0.7267873,0.386,-0.084,9.89
0.74258685,0.348,-0.084,9.928
0.75838596,0.348,-0.122,9.928
0.7741857,0.348,-0.084,9.928
0.78998494,0.348,-0.084,9.89
0.8057878,0.348,-0.084,9.89
0.8215905,0.348,-0.084,9.89
0.837393,0.348,-0.084,9.928
