TIME,X,Y,Z
0.0,0.042,-0.505,9.699
0.015890367,0.042,-0.505,10.043
0.031783357,0.08,-0.505,10.005
0.04767492,0.08,-0.505,9.967
0.06356731,0.042,-0.467,9.967
0.07946039,0.003,-0.505,9.967
0.09535146,0.042,-0.505,9.967
0.11124209,0.042,-0.543,9.967
0.12713163,0.08,-0.543,9.967
0.14302371,0.042,-0.505,9.967
0.15891446,0.042,-0.505,9.967
0.17480668,0.08,-0.505,9.967
0.19069828,0.08,-0.543,9.967
0.20658895,0.042,-0.505,9.967
0.2224784,0.042,-0.505,9.967
0.23837146,0.042,-0.505,10.005
0.25426444,0.042,-0.505,9.967
0.2701563,0.08,-0.505,9.967
0.28604823,0.042,-0.505,10.005
0.30193913,0.042,-0.505,10.005
0.3178303,0.042,-0.505,9.967
0.33372274,0.042,-0.543,9.967
0.34961376,0.08,-0.505,10.005
0.36550683,0.08,-0.505,9.967
0.3813995,0.08,-0.505,9.967
0.3972913,0.08,-0.505,9.967
0.413184,0.08,-0.505,9.967
0.42907467,0.08,-0.505,9.967
0.44496673,0.042,-0.543,9.967
0.46085703,0.042,-0.505,9.967
0.47674668,0.042,-0.505,9.967
0.49263608,0.08,-0.505,10.005
0.5085268,0.08,-0.505,9.928
0.5244169,0.042,-0.505,10.005
0.54030746,0.042,-0.543,9.967
0.5561977,0.08,-0.543,9.967
0.572089,0.08,-0.505,9.967
0.58797926,0.08,-0.505,10.005
0.60387135,0.08,-0.505,9.967
0.61976194,0.042,-0.505,9.967
0.6356542,0.08,-0.505,10.005
0.65154535,0.042,-0.505,9.967
0.6674373,0.042,-0.543,9.967
0.68332833,0.042,-0.543,9.967
0.6992182,0.042,-0.505,9.967
0.71510935,0.042,-0.505,9.967
0.7310015,0.042,-0.505,9.967
0.746891,0.042,-0.505,9.967
0.7627821,0.042,-0.505,10.005
0.7786731,0.042,-0.505,9.967
0.7945634,0.08,-0.505,9.967
0.81045413,0.08,-0.543,9.967
0.82634753,0.042,-0.467,9.967
0.8422376,0.042,-0.467,9.967
0.8581283,0.042,-0.543,9.967
0.8740214,0.08,-0.543,9.967
0.8899151,0.08,-0.505,9.967
0.9058107,0.042,-0.505,9.967
0.9217042,0.042,-0.505,9.967
0.9375953,0.042,-0.505,9.967
0.95348805,0.08,-0.505,9.967
0.96937996,0.08,-0.505,9.967
0.9852729,0.08,-0.505,9.967
1.0011668,0.042,-0.543,10.005
1.0170571,0.042,-0.505,9.967
1.0329492,0.042,-0.505,9.928
1.0488415,0.042,-0.505,10.043
1.0647326,0.042,-0.543,10.005
