TIME,X,Y,Z
0.0,0.08,-0.505,9.699
0.015885059,0.042,-0.543,10.005
0.031771053,0.042,-0.467,9.967
0.04765605,0.08,-0.467,9.967
0.06354352,0.042,-0.505,9.967
0.079429366,0.042,-0.505,9.967
0.09531694,0.003,-0.505,9.967
0.11120263,0.042,-0.505,9.967
0.12708725,0.042,-0.505,9.967
0.14297408,0.042,-0.505,9.967
0.15886028,0.08,-0.505,9.967
0.17474717,0.08,-0.467,9.967
0.19063224,0.042,-0.505,9.967
0.20651624,0.042,-0.505,9.967
0.22240317,0.08,-0.505,9.967
0.23829134,0.08,-0.467,9.967
0.25417796,0.08,-0.467,10.005
0.27006453,0.08,-0.543,9.967
0.28595015,0.042,-0.543,9.967
0.30183753,0.042,-0.505,10.005
0.31772685,0.042,-0.505,10.005
0.33361384,0.08,-0.467,9.967
0.34949985,0.08,-0.505,9.967
0.36538577,0.08,-0.505,10.005
0.3812717,0.042,-0.505,9.928
0.3971573,0.042,-0.505,9.928
0.41304424,0.042,-0.505,10.005
0.4289303,0.08,-0.505,9.967
0.44481638,0.042,-0.543,9.967
0.46070087,0.08,-0.505,9.967
0.47658548,0.08,-0.505,9.967
0.4924715,0.08,-0.505,9.967
0.50835854,0.08,-0.505,10.005
0.5242448,0.042,-0.505,9.967
0.54013115,0.042,-0.543,10.005
0.5560163,0.042,-0.505,9.967
0.57189983,0.08,-0.505,9.967
0.58778423,0.08,-0.505,9.967
0.603671,0.08,-0.505,9.967
0.6195569,0.042,-0.505,9.967
0.6354425,0.08,-0.505,10.005
0.6513267,0.08,-0.505,9.967
0.6672124,0.042,-0.505,9.967
