TIME,X,Y,Z
0.0,0.042,-0.543,10.12
0.015888294,0.08,-0.505,10.005
0.03177577,0.08,-0.505,9.967
0.04766531,0.042,-0.543,9.967
0.063555375,0.042,-0.505,9.967
0.07944336,0.08,-0.505,9.967
0.09533219,0.08,-0.505,9.967
0.11121988,0.042,-0.505,9.967
0.12710957,0.042,-0.505,9.967
0.14299996,0.08,-0.505,9.967
0.1588878,0.08,-0.505,9.967
0.17477497,0.08,-0.543,9.967
0.19066328,0.042,-0.505,9.967
0.20655029,0.08,-0.505,9.967
0.22243762,0.042,-0.505,9.967
0.23832855,0.08,-0.505,9.967
0.2542184,0.08,-0.505,10.005
0.2701081,0.08,-0.505,9.967
0.28599548,0.08,-0.543,9.967
0.30188262,0.08,-0.505,9.967
0.31776905,0.042,-0.505,10.005
0.33365783,0.08,-0.505,9.967
0.34954476,0.08,-0.505,9.967
0.36543238,0.08,-0.505,9.967
0.3813183,0.042,-0.505,10.005
0.39720514,0.08,-0.505,10.005
0.41309425,0.08,-0.505,9.967
0.42898223,0.08,-0.505,9.967
0.4448713,0.042,-0.467,9.967
0.46075776,0.08,-0.505,9.967
0.47664675,0.08,-0.543,10.005
0.49253497,0.042,-0.505,9.967
0.5084226,0.08,-0.543,9.967
0.52430826,0.042,-0.505,10.005
0.5401956,0.042,-0.467,9.967
0.5560827,0.08,-0.505,9.967
0.57197064,0.08,-0.505,10.005
0.5878574,0.08,-0.505,9.967
0.6037468,0.08,-0.543,9.967
0.61963624,0.08,-0.543,10.005
0.6355257,0.08,-0.505,10.005
0.6514158,0.042,-0.543,10.005
0.6673043,0.08,-0.505,9.967
0.68319345,0.08,-0.505,9.967
0.6990811,0.08,-0.505,9.967
0.71497047,0.08,-0.543,9.967
0.7308584,0.08,-0.505,9.967
0.74674815,0.042,-0.505,10.005
0.76263475,0.08,-0.505,9.967
0.7785214,0.042,-0.505,9.967
0.79440933,0.042,-0.467,9.967
0.810297,0.042,-0.505,9.967
0.8261834,0.08,-0.543,9.967
0.8420732,0.08,-0.505,10.005
0.85796165,0.042,-0.505,9.967
0.87384886,0.08,-0.543,9.967
0.88973707,0.08,-0.505,9.967
0.9056237,0.08,-0.467,9.967
0.9215111,0.08,-0.505,10.005
0.93739915,0.08,-0.543,9.967
0.95328856,0.042,-0.505,9.967
0.96917796,0.042,-0.505,9.967
0.98506737,0.08,-0.543,9.967
1.0009555,0.042,-0.505,9.967
1.0168447,0.08,-0.505,9.967
1.0327333,0.08,-0.505,9.967
1.0486208,0.08,-0.505,9.967
