TIME,X,Y,Z
0.0,0.042,-0.505,9.967
0.015889678,0.08,-0.505,10.005
0.031780507,0.08,-0.505,9.967
0.04766827,0.08,-0.505,9.967
0.0635562,0.042,-0.505,10.005
0.079446435,0.08,-0.505,9.967
0.09533659,0.08,-0.505,10.005
0.11122237,0.042,-0.505,9.967
0.1271103,0.042,-0.505,9.967
0.1429969,0.042,-0.505,9.967
0.15888292,0.042,-0.543,9.967
0.17477016,0.08,-0.543,9.967
0.19065808,0.08,-0.505,9.967
0.20654392,0.042,-0.505,10.005
0.22243099,0.042,-0.505,9.967
0.23831832,0.08,-0.543,9.967
0.25420526,0.042,-0.505,9.967
0.27009174,0.042,-0.505,10.005
0.28598052,0.042,-0.505,9.967
0.30186686,0.08,-0.505,10.005
0.31775492,0.042,-0.543,9.967
0.3336437,0.042,-0.543,9.967
0.3495341,0.042,-0.505,9.967
0.3654246,0.08,-0.543,9.967
0.38131478,0.08,-0.505,9.967
0.39720404,0.042,-0.467,9.967
0.41309348,0.08,-0.505,9.967
0.42898196,0.042,-0.543,9.967
0.4448705,0.08,-0.505,9.967
0.46075812,0.042,-0.505,9.967
0.47664744,0.042,-0.505,9.967
0.4925362,0.042,-0.505,9.967
0.5084231,0.042,-0.543,9.967
0.52431244,0.042,-0.505,9.928
0.5402018,0.08,-0.505,10.005
0.5560914,0.042,-0.505,10.005
0.5719804,0.042,-0.543,9.967
0.587868,0.08,-0.505,10.005
0.6037563,0.08,-0.505,9.967
0.61964417,0.08,-0.505,9.928
0.6355346,0.042,-0.505,9.967
0.65142214,0.042,-0.543,10.005
0.6673104,0.042,-0.505,9.967
0.68319845,0.042,-0.505,9.967
0.6990878,0.042,-0.505,9.967
0.714975,0.08,-0.505,9.967
0.73086333,0.08,-0.505,9.967
0.74675125,0.08,-0.505,10.005
0.7626426,0.042,-0.543,9.967
0.7785311,0.042,-0.505,9.967
0.79442024,0.042,-0.505,10.005
0.81030875,0.042,-0.505,9.967
0.8261969,0.042,-0.505,9.967
0.84208316,0.08,-0.505,9.967
0.8579698,0.08,-0.505,9.967
0.873858,0.042,-0.505,9.967
0.8897467,0.042,-0.505,9.967
0.90563464,0.08,-0.543,9.967
0.92152244,0.042,-0.543,9.967
0.9374098,0.042,-0.505,9.967
0.95329624,0.08,-0.505,9.967
0.9691839,0.08,-0.505,10.005
0.98507375,0.042,-0.505,9.967
1.0009619,0.042,-0.505,9.967
1.0168523,0.08,-0.505,9.967
1.0327404,0.08,-0.505,10.005
1.0486302,0.042,-0.505,9.967
