TIME,X,Y,Z
0.0,0.118,-0.467,10.082
0.015873842,0.08,-0.428,9.967
0.031746823,0.08,-0.428,9.967
0.047618724,0.08,-0.428,9.928
0.06349312,0.08,-0.39,9.967
0.07936391,0.08,-0.428,9.967
0.09523437,0.118,-0.428,9.967
0.11110597,0.08,-0.428,9.967
0.12697797,0.08,-0.39,9.967
0.14285088,0.08,-0.428,9.967
0.15872388,0.118,-0.428,9.967
0.17459586,0.118,-0.428,9.967
0.19046684,0.08,-0.39,9.967
0.20633973,0.08,-0.428,9.967
0.22221194,0.118,-0.428,9.967
0.23808554,0.08,-0.428,9.967
0.2539586,0.08,-0.428,9.967
0.26983365,0.08,-0.428,9.967
0.28570703,0.08,-0.428,9.928
0.30157998,0.118,-0.428,9.967
0.3174502,0.118,-0.428,9.967
0.33332112,0.08,-0.428,9.967
0.34919366,0.08,-0.428,9.928
0.3650649,0.118,-0.428,9.967
0.38093576,0.118,-0.428,9.967
0.3968097,0.08,-0.428,9.967
0.41268155,0.08,-0.428,9.967
0.42855406,0.08,-0.428,9.967
0.44442603,0.118,-0.428,9.967
0.46029788,0.118,-0.428,9.967
0.47617152,0.08,-0.428,9.967
0.49204287,0.08,-0.428,9.967
0.507916,0.118,-0.428,9.967
0.52378803,0.118,-0.428,9.967
0.5396592,0.118,-0.467,9.967
0.55553037,0.118,-0.428,9.967
0.5714016,0.118,-0.428,10.043
0.5872721,0.08,-0.428,9.89
0.603144,0.08,-0.428,9.967
0.6190159,0.08,-0.428,9.967
0.6348883,0.08,-0.428,9.967
0.6507612,0.08,-0.428,9.967
0.6666322,0.08,-0.428,9.967
0.6825029,0.08,-0.428,10.005
0.69837546,0.118,-0.428,9.928
0.7142482,0.08,-0.39,10.005
0.73012114,0.08,-0.39,9.928
0.745992,0.08,-0.428,9.967
0.76186264,0.08,-0.467,9.967
0.77773446,0.08,-0.428,9.967
0.79360527,0.08,-0.39,9.967
0.8094784,0.08,-0.428,9.967
0.8253484,0.118,-0.467,9.967
0.8412191,0.118,-0.428,9.928
0.8570907,0.08,-0.39,9.928
0.87296116,0.08,-0.39,9.967
0.8888315,0.08,-0.428,9.928
0.90470237,0.08,-0.467,9.967
0.9205742,0.08,-0.428,9.967
0.9364459,0.08,-0.39,9.928
0.9523187,0.08,-0.428,9.967
0.96819246,0.08,-0.428,9.967
0.9840637,0.118,-0.428,9.967
