TIME,X,Y,Z
0.0,0.042,-0.39,9.928
0.01585428,0.042,-0.39,9.928
0.03170881,0.042,-0.428,9.928
0.04756441,0.042,-0.428,9.928
0.06341909,0.042,-0.428,9.928
0.07927353,0.042,-0.428,9.967
0.095128275,0.042,-0.428,9.928
0.1109828,0.042,-0.428,9.928
0.12683672,0.042,-0.428,9.928
0.14269295,0.042,-0.428,9.928
0.1585479,0.042,-0.39,9.967
0.17440452,0.042,-0.39,9.928
0.19026013,0.042,-0.39,9.928
0.2061161,0.003,-0.39,9.928
0.22197232,0.042,-0.428,9.928
0.2378283,0.042,-0.428,9.928
0.25368276,0.042,-0.428,9.928
0.26953688,0.042,-0.428,9.928
0.28539282,0.042,-0.428,9.928
0.30124888,0.042,-0.39,9.928
0.31710333,0.042,-0.428,9.928
0.33296043,0.042,-0.428,9.928
0.34881866,0.042,-0.39,9.928
0.36467442,0.042,-0.39,9.928
0.3805295,0.042,-0.428,9.967
0.39638707,0.042,-0.39,9.928
0.412244,0.042,-0.428,9.967
0.42810115,0.042,-0.428,9.967
0.44395754,0.042,-0.428,9.967
0.4598122,0.042,-0.39,9.928
0.47567087,0.042,-0.428,9.928
0.49152598,0.042,-0.428,9.89
0.50737995,0.042,-0.428,9.967
0.5232352,0.042,-0.428,9.928
0.5390933,0.042,-0.39,9.967
0.55494803,0.042,-0.428,9.928
0.57080317,0.003,-0.428,9.89
0.5866583,0.042,-0.39,9.967
0.6025144,0.042,-0.39,9.928
0.6183684,0.042,-0.428,9.928
0.63422126,0.042,-0.428,9.928
0.6500779,0.003,-0.39,9.928
0.6659335,0.042,-0.428,9.928
0.6817897,0.042,-0.428,9.928
0.6976461,0.042,-0.39,9.928
0.71350276,0.042,-0.39,9.928
0.72935766,0.042,-0.39,9.928
0.74521667,0.042,-0.39,9.928
0.76107407,0.042,-0.428,9.967
0.7769304,0.042,-0.428,9.967
0.79278636,0.042,-0.39,9.928
0.80864465,0.042,-0.39,9.89
0.82450026,0.042,-0.428,9.967
0.8403554,0.003,-0.39,9.928
0.85621107,0.042,-0.39,9.967
0.87206656,0.003,-0.39,9.967
0.8879229,0.042,-0.428,9.928
0.90377885,0.003,-0.428,9.928
0.91963416,0.042,-0.428,9.928
0.9354918,0.042,-0.428,9.967
0.9513477,0.042,-0.39,9.928
0.9672044,0.042,-0.428,9.928
0.98306054,0.042,-0.39,9.928
0.9989155,0.042,-0.428,9.928
1.0147742,0.042,-0.428,9.928
1.0306304,0.042,-0.428,9.928
1.0464857,0.003,-0.428,9.928
