TIME,X,Y,Z
0.0,0.042,-0.428,10.082
0.015854971,0.042,-0.428,9.928
0.03170834,0.042,-0.428,9.928
0.04756304,0.042,-0.39,9.928
0.063417725,0.003,-0.428,9.967
0.079271734,0.042,-0.39,9.928
0.09512405,0.042,-0.39,9.928
0.11097844,0.003,-0.39,9.928
0.12683466,0.042,-0.428,9.928
0.14268656,0.042,-0.428,9.967
0.15854022,0.042,-0.428,9.928
0.17439258,0.042,-0.428,9.928
0.19024657,0.042,-0.428,9.928
0.20610307,0.042,-0.428,9.967
0.2219609,0.042,-0.39,9.928
0.23781611,0.042,-0.39,9.928
0.25366905,0.042,-0.39,9.928
0.26952377,0.042,-0.39,9.928
0.28537863,0.003,-0.428,9.928
0.30123335,0.042,-0.428,9.928
0.31708768,0.042,-0.428,9.928
0.33294144,0.042,-0.39,9.928
0.34879482,0.003,-0.428,9.928
0.3646489,0.042,-0.428,9.928
0.38050145,0.042,-0.428,9.928
0.39635423,0.042,-0.39,9.89
0.41220838,0.042,-0.428,9.967
0.4280632,0.042,-0.428,9.928
0.44391838,0.042,-0.428,9.928
0.45977286,0.042,-0.428,9.89
0.47562918,0.042,-0.39,9.928
0.49148443,0.042,-0.428,9.967
0.5073399,0.042,-0.428,9.89
0.52319556,0.042,-0.428,9.928
0.53904927,0.042,-0.428,9.967
0.5549037,0.042,-0.428,9.967
0.5707591,0.003,-0.428,9.928
0.5866129,0.042,-0.428,9.928
0.6024676,0.042,-0.428,9.967
0.61832255,0.042,-0.428,9.967
0.6341768,0.003,-0.39,9.928
0.65003365,0.042,-0.428,9.928
0.6658911,0.042,-0.39,9.967
0.68174493,0.042,-0.39,9.928
0.6975984,0.042,-0.428,9.967
0.7134522,0.042,-0.39,9.928
0.7293097,0.042,-0.39,9.928
0.74516463,0.042,-0.39,9.967
0.7610203,0.042,-0.39,9.928
0.7768762,0.042,-0.428,9.967
0.7927322,0.042,-0.39,9.928
0.8085868,0.042,-0.39,9.928
0.82444334,0.042,-0.428,9.928
0.8402988,0.042,-0.39,9.967
0.8561528,0.042,-0.428,9.928
0.87200785,0.042,-0.39,9.928
0.8878639,0.042,-0.428,9.967
0.903718,0.042,-0.428,9.928
0.9195729,0.042,-0.39,9.967
0.9354258,0.042,-0.428,9.928
0.9512799,0.042,-0.39,9.967
0.9671333,0.042,-0.39,9.928
0.9829881,0.042,-0.428,9.928
0.9988442,0.042,-0.428,9.928
1.0146979,0.042,-0.428,9.928
1.0305536,0.042,-0.428,9.928
1.0464076,0.042,-0.428,9.928
1.062263,0.042,-0.428,9.928
1.0781175,0.042,-0.428,9.928
1.0939713,0.042,-0.39,9.967
1.1098247,0.042,-0.39,9.967
1.1256791,0.042,-0.39,9.928
1.1415352,0.042,-0.428,9.928
1.15739,0.042,-0.39,9.967
