TIME,X,Y,Z
0.0,0.042,-0.428,10.12
0.015857141,0.042,-0.39,9.928
0.031716984,0.042,-0.428,9.928
0.047574673,0.042,-0.428,9.967
0.06343136,0.042,-0.39,9.928
0.07928914,0.042,-0.428,9.928
0.095145784,0.042,-0.39,9.967
0.11100464,0.042,-0.428,9.928
0.12686418,0.042,-0.428,9.928
0.14272064,0.042,-0.428,9.928
0.15857911,0.042,-0.428,9.928
0.17443794,0.042,-0.428,9.928
0.19029541,0.042,-0.428,9.928
0.20615295,0.042,-0.428,9.928
0.22201042,0.042,-0.39,9.928
0.23786712,0.042,-0.39,9.928
0.25372612,0.042,-0.428,9.928
0.2695839,0.042,-0.39,9.928
0.2854417,0.042,-0.428,9.928
0.30129978,0.003,-0.428,9.928
0.31715697,0.003,-0.428,9.928
0.3330168,0.003,-0.428,9.928
0.34887376,0.042,-0.428,9.89
0.36473316,0.042,-0.428,10.005
0.38059106,0.042,-0.428,9.967
0.39645118,0.042,-0.428,9.852
0.41230997,0.042,-0.428,9.928
0.42816937,0.042,-0.39,9.928
0.4440288,0.042,-0.428,9.967
0.45988655,0.042,-0.428,9.928
0.4757458,0.042,-0.428,10.005
0.4916059,0.042,-0.428,9.928
0.5074666,0.042,-0.428,9.928
0.5233259,0.042,-0.428,9.928
0.53918713,0.042,-0.39,9.928
0.55504864,0.042,-0.39,9.967
0.5709094,0.042,-0.428,9.928
0.58676666,0.003,-0.428,9.89
0.6026273,0.042,-0.39,9.928
0.61848587,0.042,-0.39,9.928
0.6343461,0.042,-0.428,9.928
0.65020365,0.003,-0.39,9.89
0.6660618,0.003,-0.428,9.928
0.6819216,0.042,-0.428,9.928
0.69778043,0.042,-0.428,9.928
0.71364033,0.042,-0.428,9.928
0.7294995,0.042,-0.428,9.928
0.74535656,0.042,-0.39,9.928
0.7612138,0.042,-0.39,9.928
0.7770704,0.042,-0.39,9.928
0.79292834,0.042,-0.428,9.967
0.80878496,0.042,-0.39,9.928
0.8246408,0.042,-0.428,9.967
0.84049946,0.042,-0.39,9.928
0.85635805,0.042,-0.428,9.928
0.8722153,0.042,-0.428,9.928
0.88807166,0.042,-0.428,9.928
0.9039306,0.042,-0.428,9.928
0.91979,0.042,-0.428,9.967
0.93564785,0.042,-0.39,9.928
0.95150584,0.042,-0.39,9.928
0.96736336,0.042,-0.39,9.928
0.9832222,0.042,-0.428,9.967
0.99908274,0.042,-0.39,9.928
1.01494,0.042,-0.428,9.967
1.0307965,0.042,-0.39,9.967
