TIME,X,Y,Z
0.0,0.042,-0.39,9.967
0.015858367,0.042,-0.428,9.928
0.031716753,0.042,-0.428,9.967
0.047575366,0.003,-0.39,9.928
0.06343451,0.042,-0.428,9.967
0.07929243,0.042,-0.39,9.928
0.09515067,0.042,-0.428,9.928
0.11100753,0.042,-0.428,9.928
0.12686576,0.042,-0.39,9.928
0.14272392,0.042,-0.39,9.928
0.15858167,0.042,-0.428,9.928
0.17443997,0.003,-0.428,9.928
0.19030003,0.003,-0.39,9.928
0.2061615,0.042,-0.39,9.928
0.22202197,0.042,-0.428,9.928
0.23788136,0.042,-0.428,9.967
0.25374046,0.042,-0.428,9.928
0.26960093,0.042,-0.428,9.928
0.2854607,0.042,-0.39,9.928
0.30132025,0.042,-0.39,9.928
0.3171795,0.042,-0.428,9.967
0.33303788,0.042,-0.428,9.928
0.34889647,0.042,-0.428,9.89
0.3647563,0.042,-0.428,10.005
0.38061327,0.042,-0.428,9.89
0.39647132,0.042,-0.428,9.928
0.41232842,0.042,-0.428,10.005
0.42818606,0.042,-0.39,9.852
0.44404393,0.042,-0.428,9.928
0.45990136,0.042,-0.428,9.967
0.47576046,0.042,-0.39,9.928
0.4916204,0.042,-0.428,9.967
0.50747734,0.042,-0.428,9.928
0.5233361,0.042,-0.428,9.967
0.5391943,0.042,-0.39,9.928
0.5550529,0.042,-0.39,9.967
0.57091177,0.042,-0.428,9.928
0.58677095,0.042,-0.428,9.928
0.6026297,0.042,-0.39,9.928
0.61848944,0.042,-0.39,9.928
0.63434803,0.042,-0.428,9.928
0.65020615,0.042,-0.428,9.928
0.6660645,0.042,-0.39,9.928
0.68192047,0.042,-0.428,9.967
0.69777805,0.042,-0.428,9.928
0.7136372,0.042,-0.428,9.928
0.72949415,0.003,-0.428,9.928
0.7453519,0.042,-0.428,9.928
0.76120955,0.042,-0.428,9.928
0.7770675,0.003,-0.39,9.928
0.7929259,0.042,-0.428,9.928
0.80878115,0.042,-0.39,9.928
0.82463723,0.042,-0.39,9.928
0.84049356,0.042,-0.39,9.928
0.8563497,0.042,-0.428,9.967
0.8722071,0.003,-0.39,9.89
0.8880642,0.042,-0.428,10.005
0.90392095,0.042,-0.428,9.928
0.9197793,0.042,-0.39,9.967
0.93563867,0.042,-0.428,9.928
0.95149654,0.003,-0.428,9.928
0.9673552,0.042,-0.428,9.928
0.9832143,0.042,-0.39,9.928
0.9990741,0.042,-0.428,9.928
1.0149331,0.042,-0.428,9.967
1.0307915,0.042,-0.39,9.928
1.0466496,0.042,-0.428,9.928
1.0625085,0.042,-0.39,9.928
1.0783677,0.042,-0.428,9.928
1.0942264,0.042,-0.428,9.928
1.1100855,0.042,-0.428,9.928
1.1259425,0.042,-0.39,9.928
1.1418018,0.042,-0.39,9.928
1.1576626,0.042,-0.39,9.967
1.1735218,0.042,-0.39,9.928
