TIME,X,Y,Z
0.0,0.042,-0.428,10.082
0.015857741,0.042,-0.428,9.967
0.031716123,0.042,-0.428,9.928
0.04757487,0.042,-0.428,9.928
0.06343394,0.042,-0.428,9.928
0.07929271,0.042,-0.428,9.967
0.09515161,0.042,-0.428,9.928
0.111010134,0.042,-0.39,9.928
0.1268692,0.042,-0.39,9.928
0.14272888,0.042,-0.428,9.967
0.15858835,0.042,-0.39,9.928
0.17444943,0.042,-0.39,9.928
0.19031058,0.042,-0.39,9.967
0.20617211,0.042,-0.39,9.928
0.22203404,0.042,-0.39,9.928
0.23789312,0.042,-0.428,9.928
0.25375238,0.042,-0.428,9.928
0.26961118,0.042,-0.428,9.928
0.28547242,0.042,-0.428,9.928
0.3013322,0.042,-0.428,9.928
0.31719333,0.042,-0.428,9.928
0.33305395,0.042,-0.428,9.928
0.3489152,0.042,-0.39,9.928
0.3647762,0.042,-0.428,9.928
0.3806365,0.042,-0.428,9.928
0.39649573,0.042,-0.428,10.005
0.41235614,0.042,-0.428,9.928
0.42821667,0.042,-0.428,9.928
0.44407767,0.042,-0.39,9.852
0.4599399,0.042,-0.39,10.005
0.47580203,0.042,-0.39,9.928
0.49166232,0.003,-0.428,9.928
0.50752133,0.042,-0.428,9.928
0.52338177,0.042,-0.428,9.967
0.53924054,0.042,-0.428,9.928
0.5550994,0.042,-0.428,9.928
0.5709581,0.042,-0.428,9.928
0.58681875,0.042,-0.428,9.928
0.6026801,0.042,-0.39,9.928
0.6185405,0.042,-0.428,9.928
0.63440216,0.003,-0.428,9.928
0.6502612,0.003,-0.39,9.928
0.6661216,0.042,-0.428,9.928
0.6819799,0.042,-0.39,9.928
0.6978399,0.042,-0.39,9.967
0.71370125,0.042,-0.39,9.928
0.7295612,0.042,-0.39,9.928
0.74542034,0.042,-0.39,9.928
0.76128066,0.042,-0.428,9.928
0.77714014,0.042,-0.39,9.928
0.7929999,0.042,-0.428,9.928
0.80885875,0.08,-0.428,9.928
0.8247196,0.003,-0.428,9.928
0.84057933,0.003,-0.39,9.967
0.856439,0.042,-0.428,9.89
0.8722965,0.042,-0.428,9.967
0.88815576,0.042,-0.39,9.928
0.90401417,0.042,-0.428,9.928
0.91987556,0.042,-0.428,9.967
0.9357363,0.042,-0.428,9.928
0.9515984,0.042,-0.39,9.928
0.9674594,0.003,-0.428,9.928
0.9833186,0.042,-0.428,9.928
0.9991769,0.042,-0.428,9.928
1.0150367,0.042,-0.428,9.928
1.0308942,0.042,-0.428,9.928
1.0467521,0.003,-0.39,9.89
1.0626097,0.042,-0.39,10.005
