TIME,X,Y,Z
0.0,0.08,-0.467,10.043
0.015879828,0.08,-0.467,10.005
0.031759214,0.08,-0.428,9.967
0.047638834,0.042,-0.467,9.967
0.06351852,0.042,-0.467,9.967
0.07939885,0.042,-0.467,9.967
0.09528047,0.08,-0.467,9.967
0.11116061,0.08,-0.467,9.967
0.12704077,0.042,-0.467,9.967
0.1429209,0.08,-0.467,9.967
0.15880229,0.08,-0.467,9.967
0.17468368,0.08,-0.467,9.967
0.19056527,0.08,-0.428,9.967
0.2064438,0.08,-0.467,9.967
0.22232336,0.08,-0.467,9.967
0.23820293,0.08,-0.467,9.967
0.25408226,0.08,-0.428,9.967
0.2699638,0.08,-0.467,9.967
0.28584468,0.08,-0.467,9.967
0.30172637,0.08,-0.467,9.967
0.31760615,0.08,-0.467,9.967
0.3334875,0.08,-0.428,9.967
0.3493684,0.08,-0.467,9.967
0.3652498,0.08,-0.467,9.967
0.38113022,0.042,-0.428,9.967
0.39700988,0.08,-0.467,9.967
0.41288978,0.08,-0.467,10.005
0.4287694,0.08,-0.467,9.967
0.44465095,0.08,-0.428,9.967
0.4605305,0.08,-0.467,9.967
0.4764114,0.08,-0.467,9.967
0.49229157,0.08,-0.428,9.967
0.5081725,0.08,-0.467,9.928
0.52405554,0.08,-0.428,9.967
0.53993744,0.08,-0.428,9.967
0.5558176,0.042,-0.467,9.967
0.57170004,0.08,-0.467,9.967
0.5875813,0.08,-0.467,10.005
0.60346246,0.08,-0.467,9.967
0.61934257,0.08,-0.467,9.967
0.63522106,0.08,-0.428,9.967
0.6511019,0.08,-0.428,9.967
0.6669818,0.08,-0.467,9.967
0.68286234,0.042,-0.467,9.967
0.69874245,0.08,-0.428,9.967
0.7146224,0.08,-0.467,9.967
0.73050326,0.08,-0.467,9.967
0.74638397,0.08,-0.467,9.967
0.7622656,0.08,-0.428,9.967
0.7781468,0.08,-0.467,9.967
0.7940279,0.08,-0.428,9.967
0.8099095,0.08,-0.467,9.967
0.82579094,0.08,-0.467,9.967
0.84167224,0.08,-0.428,9.967
0.85755324,0.08,-0.467,9.967
0.8734345,0.08,-0.467,10.005
0.8893151,0.08,-0.467,9.967
0.90519613,0.08,-0.467,9.967
0.92107767,0.08,-0.467,9.967
0.93695927,0.08,-0.467,9.967
0.9528407,0.08,-0.467,9.967
