TIME,X,Y,Z
0.0,0.042,-0.428,9.852
0.015884059,0.08,-0.428,10.005
0.031768363,0.08,-0.467,9.967
0.047650676,0.08,-0.467,9.967
0.06353414,0.042,-0.467,9.928
0.07941738,0.08,-0.467,9.967
0.09530192,0.08,-0.467,9.967
0.11118744,0.08,-0.428,9.967
0.12707238,0.08,-0.467,9.967
0.14295599,0.08,-0.467,9.967
0.15883775,0.08,-0.467,9.967
0.17471999,0.08,-0.467,9.967
0.19060421,0.08,-0.428,9.967
0.20648651,0.08,-0.467,9.967
0.22237082,0.042,-0.467,9.967
0.2382562,0.08,-0.428,9.967
0.25414178,0.08,-0.467,9.967
0.2700268,0.08,-0.467,9.967
0.28591165,0.08,-0.467,9.967
0.30179772,0.042,-0.467,9.967
0.31768206,0.08,-0.467,10.005
0.33356544,0.08,-0.467,9.967
0.34945142,0.08,-0.467,9.967
0.36533293,0.08,-0.467,9.967
0.38121656,0.08,-0.467,9.967
0.39710033,0.042,-0.428,9.967
0.4129847,0.08,-0.467,9.967
0.42887235,0.08,-0.428,9.967
0.44475734,0.08,-0.467,9.967
0.4606434,0.08,-0.428,9.967
0.47652757,0.042,-0.467,9.967
0.49241257,0.08,-0.467,9.967
0.50830066,0.08,-0.428,9.967
0.5241843,0.042,-0.467,9.967
0.540069,0.042,-0.467,9.967
0.5559522,0.08,-0.467,9.967
0.5718361,0.08,-0.467,9.967
0.58771926,0.08,-0.467,9.967
0.6036036,0.08,-0.467,9.967
0.6194877,0.08,-0.467,9.967
0.63537294,0.042,-0.467,9.967
0.6512589,0.08,-0.467,9.967
0.66714436,0.08,-0.467,9.967
0.6830286,0.08,-0.467,10.005
0.69891155,0.042,-0.467,9.928
0.7147949,0.042,-0.467,9.967
0.7306784,0.042,-0.467,10.005
0.74656224,0.08,-0.428,9.967
0.762446,0.042,-0.467,9.967
0.7783321,0.08,-0.467,9.967
0.7942165,0.08,-0.467,9.967
0.8101003,0.042,-0.467,9.967
0.825987,0.08,-0.467,9.967
0.84187263,0.042,-0.428,9.967
0.8577575,0.08,-0.467,9.967
0.8736408,0.08,-0.467,9.967
0.88952565,0.08,-0.467,10.005
0.90540993,0.08,-0.467,9.967
0.9212922,0.08,-0.428,9.967
