TIME,X,Y,Z
0.0,0.08,-0.505,10.005
0.015876474,0.042,-0.467,9.967
0.031751566,0.042,-0.467,9.967
0.047626015,0.042,-0.505,10.005
0.06349946,0.042,-0.467,10.005
0.07937475,0.042,-0.467,9.967
0.09524699,0.08,-0.467,9.967
0.111119315,0.118,-0.467,9.967
0.12699269,0.08,-0.467,9.967
0.14286715,0.042,-0.505,9.967
0.15874106,0.042,-0.467,9.967
0.17461483,0.08,-0.467,9.967
0.19048822,0.08,-0.467,9.967
0.206361,0.042,-0.505,9.967
0.22223468,0.042,-0.505,9.967
0.23810695,0.042,-0.467,9.928
0.2539784,0.042,-0.467,9.967
0.2698501,0.042,-0.467,9.967
0.28572336,0.08,-0.505,9.928
0.30159712,0.08,-0.505,9.967
0.31746927,0.042,-0.467,9.967
0.3333458,0.08,-0.467,9.967
0.34921932,0.08,-0.467,9.967
0.36509314,0.042,-0.467,9.967
0.38096917,0.042,-0.505,9.967
0.39684218,0.08,-0.467,9.967
0.41271663,0.08,-0.505,9.967
0.4285898,0.08,-0.467,9.967
0.44446263,0.08,-0.467,9.967
0.46033555,0.042,-0.467,9.967
0.47620723,0.08,-0.467,9.967
0.49207953,0.08,-0.467,10.005
0.50795263,0.08,-0.505,9.967
0.52382684,0.08,-0.505,10.005
0.539701,0.042,-0.467,10.005
0.5555728,0.08,-0.505,9.967
0.5714453,0.08,-0.467,9.967
0.587319,0.042,-0.467,9.928
0.6031932,0.08,-0.467,9.967
0.61906654,0.042,-0.467,9.967
0.63494116,0.08,-0.505,9.967
0.650816,0.042,-0.505,9.967
0.6666923,0.08,-0.505,9.967
0.6825684,0.08,-0.467,9.967
0.69844496,0.042,-0.467,9.967
0.71432054,0.042,-0.505,9.967
0.73019713,0.042,-0.467,9.967
0.7460718,0.08,-0.467,9.967
0.7619471,0.042,-0.505,9.967
0.777821,0.08,-0.467,9.967
